bank_txn_id,timestamp,amount,direction,merchant,reference,payment_method
SYNTH-BANK-000001,2026-06-18 11:44:00,553.23,DEBIT,FLIPKART,UPI694639,NETBANKING
SYNTH-BANK-000002,2026-07-03 21:31:00,2385.17,DEBIT,BIGBASKET,UPI449836,UPI
SYNTH-BANK-000003,2026-07-08 22:26:00,1563.29,DEBIT,IRCTC,UPI853727,WALLET
SYNTH-BANK-000004,2026-05-15 09:26:00,820.36,CREDIT,SWIGGY,UPI737098,CARD
SYNTH-BANK-000005,2026-07-29 09:37:00,327.07,CREDIT,METRO INDIA,UPI156805,UPI
SYNTH-BANK-000006,2026-05-18 10:01:00,515.34,CREDIT,BMS,UPI706543,WALLET
SYNTH-BANK-000007,2026-06-19 01:06:00,2234.82,DEBIT,Croma Electronics,UPI847016,NETBANKING
SYNTH-BANK-000008,2026-07-25 06:42:00,1577.31,CREDIT,Ola Mobility,UPI449253,WALLET
SYNTH-BANK-DUP-000009,2026-05-20 18:33:00,3009.72,CREDIT,MYNTRA,UPI974622,CARD
SYNTH-BANK-000009,2026-05-20 18:33:00,3009.72,CREDIT,MYNTRA,UPI974622,CARD
SYNTH-BANK-000010,2026-06-11 10:49:00,1060.6,CREDIT,FLIPKART,UPI275394,WALLET
SYNTH-BANK-000011,2026-07-05 12:30:00,1544.38,CREDIT,URBANCLAP,UPI169692,NETBANKING
SYNTH-BANK-000012,2026-07-24 03:16:00,798.84,CREDIT,Croma Electronics,UPI874320,UPI
SYNTH-BANK-DUP-000013,2026-07-28 04:35:00,1885.72,CREDIT,Amazon India,UPI697842,NETBANKING
SYNTH-BANK-000013,2026-07-28 04:35:00,1885.72,CREDIT,Amazon India,UPI697842,NETBANKING
SYNTH-BANK-000014,2026-07-18 18:37:00,2913.11,CREDIT,Urban Company India,UPI979472,CARD
SYNTH-BANK-000015,2026-07-24 08:06:00,776.34,CREDIT,AMAZON,UPI156995,CARD
SYNTH-BANK-000016,2026-07-22 11:53:00,1192.11,CREDIT,AMAZON,UPI556710,UPI
SYNTH-BANK-000017,2026-06-29 01:05:00,3089.55,CREDIT,Myntra Designs,UPI877722,NETBANKING
SYNTH-BANK-000018,2026-06-12 20:23:00,2531.82,DEBIT,URBANCLAP,UPI303335,CARD
SYNTH-BANK-000019,2026-06-04 10:08:00,1025.59,CREDIT,MYNTRA PAY,UPI654803,UPI
SYNTH-BANK-000020,2026-05-17 01:16:00,2226.97,CREDIT,Ola Mobility,UPI705567,CARD
SYNTH-BANK-000021,2026-07-05 08:19:00,979.34,CREDIT,CROMA RETAIL,UPI839944,NETBANKING
SYNTH-BANK-000022,2026-06-15 03:55:00,1433.38,CREDIT,IRCTC,UPI943069,NETBANKING
SYNTH-BANK-000023,2026-05-10 06:49:00,2781.39,CREDIT,BIGBASKET,UPI537652,NETBANKING
SYNTH-BANK-000024,2026-05-07 09:20:00,422.87,CREDIT,MYNTRA,UPI747711,CARD
SYNTH-BANK-000025,2026-06-24 04:25:00,3742.12,DEBIT,APOLLO PHARMACY,UPI983247,WALLET
SYNTH-BANK-000026,2026-06-13 04:12:00,1759.0,CREDIT,CROMA,UPI772849,NETBANKING
SYNTH-BANK-000027,2026-06-08 21:50:00,1101.49,DEBIT,BIGBASKET INDIA,UPI793461,NETBANKING
SYNTH-BANK-000029,2026-06-03 18:10:00,1694.01,DEBIT,BIGBASKET,UPI432398,WALLET
SYNTH-BANK-000030,2026-06-14 11:04:00,411.47,DEBIT,ZOMATO,UPI513738,CARD
SYNTH-BANK-000031,2026-05-13 04:17:00,1187.99,DEBIT,Ola Mobility,UPI302152,WALLET
SYNTH-BANK-000032,2026-06-21 01:34:00,402.31,CREDIT,AMAZON PAY,UPI199651,WALLET
SYNTH-BANK-000033,2026-05-19 03:57:00,1681.7,CREDIT,Croma Electronics,UPI270148,NETBANKING
SYNTH-BANK-000034,2026-05-16 15:04:00,653.91,CREDIT,SWIGGY*BLR,UPI737341,UPI
SYNTH-BANK-000035,2026-06-13 10:21:00,1372.15,CREDIT,IRCTC E-TICKETING,UPI444189,NETBANKING
SYNTH-BANK-000036,2026-06-19 21:31:00,537.16,CREDIT,RELIANCE DIGITAL,UPI480527,CARD
SYNTH-BANK-000037,2026-06-22 17:13:00,2046.85,CREDIT,SWIGGY*BLR,UPI773190,NETBANKING
SYNTH-BANK-000038,2026-07-14 05:24:00,3241.97,CREDIT,Ola Mobility,UPI308204,UPI
SYNTH-BANK-000039,2026-07-05 02:09:00,1161.8,CREDIT,Reliance Retail Ltd,UPI316834,CARD
SYNTH-BANK-000040,2026-05-25 22:15:00,1810.16,CREDIT,URBAN COMPANY,UPI874410,UPI
SYNTH-BANK-000041,2026-06-18 21:57:00,701.99,CREDIT,Apollo Pharmacy Ltd,UPI786839,UPI
SYNTH-BANK-000042,2026-06-28 05:52:00,463.62,CREDIT,URBANCLAP,UPI496956,CARD
SYNTH-BANK-000043,2026-06-15 18:14:00,2695.22,CREDIT,BIGBASKET INDIA,UPI812305,UPI
SYNTH-BANK-000044,2026-06-22 15:12:00,1906.53,CREDIT,NYKAA,UPI529480,CARD
SYNTH-BANK-000045,2026-06-21 12:14:00,500.92,CREDIT,NYKAA.COM,UPI741632,CARD
SYNTH-BANK-000046,2026-05-07 13:22:00,597.28,DEBIT,METRO INDIA,UPI863052,WALLET
SYNTH-BANK-000047,2026-07-20 11:10:00,1433.38,CREDIT,IRCTC RAIL,UPI839974,CARD
SYNTH-BANK-000048,2026-06-09 05:47:00,656.98,CREDIT,RELIANCE DIGITAL,UPI410176,NETBANKING
SYNTH-BANK-000049,2026-05-16 15:46:00,697.02,DEBIT,METRO CASH & CARRY,UPI788996,UPI
SYNTH-BANK-000050,2026-05-01 15:48:00,694.8,CREDIT,BIGBASKET,UPI713195,NETBANKING
SYNTH-BANK-000051,2026-07-13 10:53:00,894.31,CREDIT,IRCTC,UPI369477,CARD
SYNTH-BANK-000052,2026-07-13 16:15:00,592.83,CREDIT,Amazon India,UPI407996,UPI
SYNTH-BANK-000053,2026-05-01 20:32:00,364.95,CREDIT,AMAZON,UPI486960,NETBANKING
SYNTH-BANK-000054,2026-07-10 04:42:00,1188.41,DEBIT,METRO RETAIL,UPI856953,NETBANKING
SYNTH-BANK-000055,2026-05-01 18:18:00,2595.83,DEBIT,NYKAA,UPI894663,CARD
SYNTH-BANK-000056,2026-07-21 03:43:00,1812.98,CREDIT,NYKAA,UPI567022,WALLET
SYNTH-BANK-000057,2026-06-05 22:42:00,206.81,CREDIT,BOOKMYSHOW,UPI255523,UPI
SYNTH-BANK-000058,2026-06-07 06:42:00,424.22,DEBIT,DECATHLON INDIA,UPI573791,WALLET
SYNTH-BANK-000059,2026-05-13 11:00:00,1684.93,CREDIT,Croma Electronics,UPI984687,UPI
SYNTH-BANK-000060,2026-05-07 19:30:00,538.82,DEBIT,FLIPKART,UPI321287,WALLET
SYNTH-BANK-000061,2026-05-10 04:13:00,413.13,CREDIT,APOLLO PHARMACY,UPI463175,CARD
SYNTH-BANK-DUP-000062,2026-05-27 10:10:00,1389.26,DEBIT,BMS,UPI584969,WALLET
SYNTH-BANK-000062,2026-05-27 10:10:00,1389.26,DEBIT,BMS,UPI584969,WALLET
SYNTH-BANK-000063,2026-06-27 15:36:00,993.07,CREDIT,DECATHLON,UPI339427,NETBANKING
SYNTH-BANK-000064,2026-05-13 12:40:00,1788.57,CREDIT,BIGBASKET,UPI462583,WALLET
SYNTH-BANK-000065,2026-05-24 09:35:00,1850.35,CREDIT,FLIPKART,UPI131605,UPI
SYNTH-BANK-000066,2026-07-10 20:04:00,1386.3,DEBIT,BIGBASKET,UPI323345,WALLET
SYNTH-BANK-000067,2026-06-17 10:44:00,2693.13,CREDIT,NYKAA,UPI145482,WALLET
SYNTH-BANK-000068,2026-06-26 01:51:00,1184.76,DEBIT,OLA CABS,UPI243121,UPI
SYNTH-BANK-000069,2026-07-28 03:29:00,1207.48,CREDIT,Myntra Designs,UPI497100,NETBANKING
SYNTH-BANK-000070,2026-07-07 09:42:00,196.27,CREDIT,IRCTC RAIL,UPI988104,WALLET
SYNTH-BANK-000071,2026-06-30 21:20:00,2884.86,CREDIT,BOOKMYSHOW.COM,UPI554748,CARD
SYNTH-BANK-000072,2026-07-11 04:41:00,3117.35,DEBIT,IRCTC,UPI360551,NETBANKING
SYNTH-BANK-000073,2026-07-12 01:58:00,1605.89,DEBIT,ZOMATO*BANGALORE,UPI269677,WALLET
SYNTH-BANK-000074,2026-07-13 15:40:00,7188.88,CREDIT,METRO RETAIL,UPI926073,UPI
SYNTH-BANK-000075,2026-06-27 19:33:00,2932.52,CREDIT,AMAZON,UPI637643,UPI
SYNTH-BANK-000076,2026-07-19 04:09:00,1482.59,DEBIT,Amazon India,UPI640578,CARD
SYNTH-BANK-DUP-000077,2026-06-13 13:54:00,1681.75,DEBIT,FLIPKART PAY,UPI895175,CARD
SYNTH-BANK-000077,2026-06-13 13:54:00,1681.75,DEBIT,FLIPKART PAY,UPI895175,CARD
SYNTH-BANK-000078,2026-05-31 16:36:00,2518.64,CREDIT,ZOMATO*BANGALORE,UPI941358,UPI
SYNTH-BANK-000079,2026-06-11 08:47:00,556.14,CREDIT,METRO CASH & CARRY,UPI298141,NETBANKING
SYNTH-BANK-000080,2026-06-14 23:30:00,1939.6,DEBIT,APOLLO PHARMACY,UPI775373,NETBANKING
SYNTH-BANK-000081,2026-06-07 20:21:00,803.49,DEBIT,Uber Technologies,UPI950632,NETBANKING
SYNTH-BANK-000082,2026-05-24 13:26:00,805.26,CREDIT,APOLLO PHARMACY,UPI592888,UPI
SYNTH-BANK-000083,2026-07-10 12:13:00,7122.63,CREDIT,FLIPKART,UPI466870,CARD
SYNTH-BANK-000084,2026-06-10 04:56:00,1334.27,DEBIT,MYNTRA,UPI739014,NETBANKING
SYNTH-BANK-000085,2026-05-10 15:06:00,854.06,CREDIT,Big Basket,UPI528519,NETBANKING
SYNTH-BANK-000086,2026-05-19 12:18:00,1061.15,DEBIT,Croma Electronics,UPI152323,NETBANKING
SYNTH-BANK-000087,2026-07-27 19:06:00,1102.35,DEBIT,METRO RETAIL,UPI620747,NETBANKING
SYNTH-BANK-000088,2026-07-21 15:14:00,807.35,CREDIT,FLIPKART,UPI361872,NETBANKING
SYNTH-BANK-000089,2026-05-18 05:46:00,730.0,DEBIT,FLIPKART PAY,UPI208099,CARD
SYNTH-BANK-000090,2026-05-08 00:57:00,592.69,CREDIT,Reliance Retail Ltd,UPI176522,CARD
SYNTH-BANK-000091,2026-06-07 05:09:00,1172.57,CREDIT,APOLLO PHARMACY,UPI893956,NETBANKING
SYNTH-BANK-000092,2026-07-04 12:32:00,2382.83,CREDIT,Nykaa E-Retail,UPI161402,UPI
SYNTH-BANK-000093,2026-07-12 01:35:00,1304.52,CREDIT,DECATHLON INDIA,UPI779718,UPI
SYNTH-BANK-000094,2026-07-16 03:52:00,448.64,CREDIT,APOLLO PHARMACY,UPI681254,NETBANKING
SYNTH-BANK-000095,2026-07-19 17:08:00,829.87,CREDIT,Croma Electronics,UPI788521,WALLET
SYNTH-BANK-000096,2026-06-28 22:03:00,733.48,CREDIT,SWIGGY,UPI918816,UPI
SYNTH-BANK-000097,2026-05-27 11:02:00,4326.59,CREDIT,Uber Technologies,UPI239608,UPI
SYNTH-BANK-000098,2026-05-30 20:16:00,669.73,CREDIT,IRCTC,UPI724185,WALLET
SYNTH-BANK-000099,2026-07-07 23:46:00,1076.92,CREDIT,Zomato Ltd,UPI502154,NETBANKING
SYNTH-BANK-000100,2026-05-31 03:13:00,9869.98,CREDIT,URBAN COMPANY,UPI496865,CARD
SYNTH-BANK-000101,2026-07-15 01:15:00,1266.6,CREDIT,Flipkart Internet,UPI586450,WALLET
SYNTH-BANK-000102,2026-06-26 03:35:00,1499.32,CREDIT,UBER,UPI963084,CARD
SYNTH-BANK-000103,2026-07-30 06:09:00,2201.67,CREDIT,DECATHLON,UPI763762,CARD
SYNTH-BANK-000104,2026-06-13 17:14:00,2010.02,CREDIT,Apollo Pharmacy Ltd,UPI971307,CARD
SYNTH-BANK-000105,2026-06-23 09:10:00,2570.13,CREDIT,Ola Mobility,UPI262795,UPI
SYNTH-BANK-000106,2026-05-01 10:13:00,957.67,DEBIT,Zomato Ltd,UPI738526,CARD
SYNTH-BANK-000107,2026-07-28 04:10:00,786.41,CREDIT,CROMA RETAIL,UPI238854,NETBANKING
SYNTH-BANK-000108,2026-06-26 18:32:00,955.04,CREDIT,BIGBASKET,UPI360624,CARD
SYNTH-BANK-000109,2026-05-23 20:58:00,1199.49,DEBIT,Apollo Pharmacy Ltd,UPI915211,UPI
SYNTH-BANK-000110,2026-06-02 18:35:00,273.06,CREDIT,Urban Company India,UPI998944,WALLET
SYNTH-BANK-000111,2026-05-23 21:56:00,848.51,DEBIT,IRCTC E-TICKETING,UPI107938,UPI
SYNTH-BANK-000112,2026-06-01 01:19:00,246.98,DEBIT,MYNTRA,UPI675123,NETBANKING
SYNTH-BANK-000113,2026-05-19 17:20:00,620.39,CREDIT,FLIPKART PAY,UPI944810,WALLET
SYNTH-BANK-000114,2026-07-29 01:56:00,622.03,DEBIT,Apollo Pharmacy Ltd,UPI623654,UPI
SYNTH-BANK-000115,2026-05-04 18:32:00,1637.69,CREDIT,BOOKMYSHOW.COM,UPI388764,UPI
SYNTH-BANK-000116,2026-06-22 04:30:00,988.36,DEBIT,DECATHLON,UPI673002,CARD
SYNTH-BANK-000117,2026-05-31 09:28:00,1209.93,CREDIT,DECATHLON,UPI579165,NETBANKING
SYNTH-BANK-000118,2026-06-10 12:58:00,260.29,DEBIT,APOLLO,UPI986204,UPI
SYNTH-BANK-000119,2026-07-28 05:21:00,741.68,CREDIT,Reliance Retail Ltd,UPI384724,NETBANKING
SYNTH-BANK-000120,2026-05-26 03:04:00,1986.57,CREDIT,DECATHLON INDIA,UPI930814,WALLET
SYNTH-BANK-000122,2026-06-10 09:31:00,531.99,CREDIT,Decathlon Sports,UPI506687,WALLET
SYNTH-BANK-000123,2026-07-20 17:59:00,1350.19,CREDIT,Ola Mobility,UPI634591,NETBANKING
SYNTH-BANK-000125,2026-07-05 14:36:00,489.95,DEBIT,BOOKMYSHOW.COM,UPI884113,NETBANKING
SYNTH-BANK-000126,2026-07-23 06:16:00,3494.95,CREDIT,CROMA RETAIL,UPI529509,CARD
SYNTH-BANK-000127,2026-05-05 12:16:00,851.9,CREDIT,NYKAA.COM,UPI392854,CARD
SYNTH-BANK-000128,2026-05-23 15:57:00,1393.82,DEBIT,AMAZON PAY,UPI649363,NETBANKING
SYNTH-BANK-000129,2026-07-04 10:17:00,666.93,CREDIT,BIGBASKET INDIA,UPI725374,NETBANKING
SYNTH-BANK-000130,2026-07-18 04:53:00,374.96,CREDIT,BOOKMYSHOW,UPI301231,UPI
SYNTH-BANK-DUP-000131,2026-05-17 06:36:00,791.67,CREDIT,Big Basket,UPI647727,UPI
SYNTH-BANK-000131,2026-05-17 06:36:00,791.67,CREDIT,Big Basket,UPI647727,UPI
SYNTH-BANK-000132,2026-06-18 07:24:00,1909.14,DEBIT,Decathlon Sports,UPI116074,CARD
SYNTH-BANK-000133,2026-05-02 11:01:00,843.62,DEBIT,DOMINO'S PIZZA,UPI309360,WALLET
SYNTH-BANK-000134,2026-07-11 09:58:00,134.59,CREDIT,Uber Technologies,UPI170340,UPI
SYNTH-BANK-000135,2026-06-25 16:49:00,2589.16,CREDIT,DECATHLON,UPI696399,CARD
SYNTH-BANK-DUP-000136,2026-07-03 15:13:00,283.99,CREDIT,METRO CASH & CARRY,UPI756801,UPI
SYNTH-BANK-000136,2026-07-03 15:13:00,283.99,CREDIT,METRO CASH & CARRY,UPI756801,UPI
SYNTH-BANK-000137,2026-06-16 06:14:00,490.67,DEBIT,BIGBASKET,UPI217387,WALLET
SYNTH-BANK-000138,2026-07-27 16:11:00,330.53,CREDIT,Croma Electronics,UPI257326,NETBANKING
SYNTH-BANK-000139,2026-07-25 04:56:00,435.94,DEBIT,METRO CASH & CARRY,UPI691007,WALLET
SYNTH-BANK-000140,2026-07-11 01:15:00,657.77,DEBIT,Nykaa E-Retail,UPI317529,NETBANKING
SYNTH-BANK-000141,2026-05-24 14:03:00,233.88,CREDIT,MYNTRA PAY,UPI505792,WALLET
SYNTH-BANK-000142,2026-07-17 13:31:00,624.32,CREDIT,Big Basket,UPI405762,WALLET
SYNTH-BANK-000143,2026-07-08 05:08:00,316.64,DEBIT,RELIANCE RETAIL,UPI758144,NETBANKING
SYNTH-BANK-000144,2026-07-16 05:18:00,2371.13,DEBIT,APOLLO,UPI326275,UPI
SYNTH-BANK-000145,2026-06-02 03:31:00,742.27,CREDIT,UBER,UPI896582,WALLET
SYNTH-BANK-000146,2026-05-15 02:48:00,1726.58,CREDIT,Uber Technologies,UPI509252,CARD
SYNTH-BANK-000147,2026-07-02 11:26:00,1005.46,CREDIT,DECATHLON INDIA,UPI472917,NETBANKING
SYNTH-BANK-000148,2026-05-04 06:12:00,439.14,CREDIT,CROMA RETAIL,UPI783747,UPI
SYNTH-BANK-000149,2026-06-11 01:51:00,1731.21,CREDIT,DECATHLON INDIA,UPI323464,UPI
SYNTH-BANK-000150,2026-05-01 21:39:00,993.3,CREDIT,DOMINO'S PIZZA,UPI440053,UPI
SYNTH-BANK-000151,2026-05-03 08:09:00,674.97,CREDIT,RELIANCE DIGITAL,UPI764216,WALLET
SYNTH-BANK-000152,2026-07-10 19:53:00,1806.36,CREDIT,IRCTC RAIL,UPI981913,CARD
SYNTH-BANK-000153,2026-07-21 17:24:00,1507.12,CREDIT,Big Basket,UPI356326,WALLET
SYNTH-BANK-000154,2026-07-23 23:59:00,855.01,CREDIT,Swiggy India,UPI963857,NETBANKING
SYNTH-BANK-000155,2026-07-11 19:26:00,2785.23,CREDIT,DOMINOS INDIA,UPI402656,CARD
SYNTH-BANK-000156,2026-06-11 02:25:00,1918.57,CREDIT,Uber Technologies,UPI236173,UPI
SYNTH-BANK-000157,2026-05-03 01:13:00,1352.28,CREDIT,SWIGGY,UPI217829,WALLET
SYNTH-BANK-DUP-000158,2026-05-09 12:54:00,1715.62,CREDIT,CROMA,UPI988293,UPI
SYNTH-BANK-000158,2026-05-09 12:54:00,1715.62,CREDIT,CROMA,UPI988293,UPI
SYNTH-BANK-000159,2026-07-28 00:44:00,1138.8,DEBIT,DOMINO'S PIZZA,UPI332951,CARD
SYNTH-BANK-000160,2026-06-10 17:13:00,1833.43,DEBIT,Apollo Pharmacy Ltd,UPI876398,WALLET
SYNTH-BANK-000161,2026-07-22 10:38:00,828.8,CREDIT,DECATHLON INDIA,UPI978873,UPI
SYNTH-BANK-000162,2026-05-04 04:06:00,2085.38,CREDIT,SWIGGY*BLR,UPI516113,UPI
SYNTH-BANK-000163,2026-06-03 22:03:00,2397.2,CREDIT,BIGBASKET INDIA,UPI337127,UPI
SYNTH-BANK-000164,2026-07-04 21:11:00,426.54,DEBIT,ZOMATO,UPI150134,CARD
SYNTH-BANK-000166,2026-06-21 04:25:00,2862.04,CREDIT,UBER INDIA,UPI545139,UPI
SYNTH-BANK-DUP-000167,2026-06-01 08:00:00,1858.28,DEBIT,BOOKMYSHOW.COM,UPI217676,NETBANKING
SYNTH-BANK-000167,2026-06-01 08:00:00,1858.28,DEBIT,BOOKMYSHOW.COM,UPI217676,NETBANKING
SYNTH-BANK-000168,2026-06-24 23:06:00,763.59,CREDIT,Ola Mobility,UPI716613,UPI
SYNTH-BANK-000169,2026-06-17 18:47:00,1595.34,CREDIT,RELIANCE RETAIL,UPI246570,UPI
SYNTH-BANK-000171,2026-05-24 16:02:00,417.75,CREDIT,BIGBASKET,UPI135604,NETBANKING
SYNTH-BANK-000172,2026-05-26 00:38:00,780.43,CREDIT,FLIPKART PAY,UPI921201,UPI
SYNTH-BANK-000173,2026-07-28 14:16:00,604.1,CREDIT,IRCTC E-TICKETING,UPI405106,NETBANKING
SYNTH-BANK-000174,2026-05-21 17:03:00,1351.42,DEBIT,METRO INDIA,UPI281902,NETBANKING
SYNTH-BANK-000175,2026-07-23 22:36:00,844.8,CREDIT,DECATHLON INDIA,UPI129999,UPI
SYNTH-BANK-000177,2026-07-09 09:27:00,2161.58,CREDIT,UBER INDIA,UPI161259,CARD
SYNTH-BANK-000178,2026-07-23 19:27:00,1454.72,CREDIT,METRO INDIA,UPI994841,NETBANKING
SYNTH-BANK-000179,2026-06-29 10:27:00,972.94,DEBIT,IRCTC E-TICKETING,UPI822565,WALLET
SYNTH-BANK-000180,2026-06-01 16:44:00,1406.16,CREDIT,Myntra Designs,UPI188094,CARD
SYNTH-BANK-DUP-000181,2026-05-05 04:42:00,1392.72,CREDIT,Myntra Designs,UPI865430,CARD
SYNTH-BANK-000181,2026-05-05 04:42:00,1392.72,CREDIT,Myntra Designs,UPI865430,CARD
SYNTH-BANK-000182,2026-05-05 17:16:00,1300.79,DEBIT,DOMINO'S PIZZA,UPI891469,UPI
SYNTH-BANK-000183,2026-07-08 12:03:00,1240.46,CREDIT,APOLLO PHARMACY,UPI395026,WALLET
SYNTH-BANK-000184,2026-05-24 12:55:00,1387.09,CREDIT,URBANCLAP,UPI647545,NETBANKING
SYNTH-BANK-000185,2026-06-13 20:57:00,1291.52,DEBIT,MYNTRA PAY,UPI841520,UPI
SYNTH-BANK-000186,2026-07-10 23:59:00,659.16,CREDIT,BOOKMYSHOW,UPI933921,CARD
SYNTH-BANK-000187,2026-05-21 18:44:00,3085.33,CREDIT,DECATHLON INDIA,UPI836403,CARD
SYNTH-BANK-000188,2026-07-24 00:56:00,1612.85,DEBIT,NYKAA.COM,UPI334206,WALLET
SYNTH-BANK-000189,2026-05-17 15:10:00,913.05,CREDIT,SWIGGY,UPI834310,NETBANKING
SYNTH-BANK-000190,2026-05-24 15:29:00,635.89,DEBIT,DOMINOS INDIA,UPI335112,CARD
SYNTH-BANK-000191,2026-05-18 02:42:00,1539.91,CREDIT,URBANCLAP,UPI400103,NETBANKING
SYNTH-BANK-000192,2026-06-12 18:20:00,591.17,DEBIT,IRCTC E-TICKETING,UPI240662,NETBANKING
SYNTH-BANK-000193,2026-05-29 16:16:00,1929.74,DEBIT,CROMA RETAIL,UPI885277,NETBANKING
SYNTH-BANK-000194,2026-05-09 06:33:00,333.0,DEBIT,BIGBASKET,UPI409900,CARD
SYNTH-BANK-000195,2026-07-01 19:51:00,958.47,CREDIT,FLIPKART PAY,UPI507204,CARD
SYNTH-BANK-DUP-000196,2026-07-21 05:29:00,1721.32,CREDIT,BMS,UPI631951,WALLET
SYNTH-BANK-000196,2026-07-21 05:29:00,1721.32,CREDIT,BMS,UPI631951,WALLET
SYNTH-BANK-000197,2026-05-11 20:38:00,5889.55,CREDIT,METRO INDIA,UPI688356,NETBANKING
SYNTH-BANK-000198,2026-05-09 20:05:00,325.28,DEBIT,BOOKMYSHOW.COM,UPI539357,CARD
SYNTH-BANK-000199,2026-07-24 20:35:00,1811.33,CREDIT,OLA CABS,UPI431509,UPI
SYNTH-BANK-000200,2026-05-06 19:57:00,1233.59,CREDIT,IRCTC,UPI269317,NETBANKING
SYNTH-BANK-000201,2026-05-29 00:39:00,1021.18,CREDIT,ZOMATO*BANGALORE,UPI664256,NETBANKING
SYNTH-BANK-000202,2026-06-18 10:14:00,1284.57,CREDIT,Uber Technologies,UPI339091,WALLET
SYNTH-BANK-000203,2026-05-12 10:29:00,1666.23,CREDIT,SWIGGY*BLR,UPI918816,NETBANKING
SYNTH-BANK-DUP-000204,2026-06-08 23:51:00,2501.8,CREDIT,Nykaa E-Retail,UPI116968,NETBANKING
SYNTH-BANK-000204,2026-06-08 23:51:00,2501.8,CREDIT,Nykaa E-Retail,UPI116968,NETBANKING
SYNTH-BANK-000205,2026-06-10 07:25:00,1212.57,DEBIT,Zomato Ltd,UPI605807,WALLET
SYNTH-BANK-000206,2026-06-16 01:34:00,393.82,CREDIT,AMAZON PAY,UPI933930,WALLET
SYNTH-BANK-000207,2026-06-23 13:12:00,526.02,CREDIT,ZOMATO,UPI858208,CARD
SYNTH-BANK-000208,2026-07-04 04:23:00,6182.48,CREDIT,RELIANCE RETAIL,UPI294642,CARD
SYNTH-BANK-000209,2026-05-03 05:20:00,457.1,CREDIT,IRCTC E-TICKETING,UPI269293,CARD
SYNTH-BANK-000210,2026-05-19 18:24:00,1165.32,DEBIT,DOMINO'S PIZZA,UPI174940,WALLET
SYNTH-BANK-000211,2026-05-18 20:12:00,655.62,CREDIT,DECATHLON INDIA,UPI974862,UPI
SYNTH-BANK-000212,2026-05-29 01:28:00,753.47,DEBIT,FLIPKART,UPI655082,CARD
SYNTH-BANK-000213,2026-05-01 19:29:00,2876.5,DEBIT,AMAZON,UPI381812,CARD
SYNTH-BANK-000214,2026-05-22 23:38:00,2605.6,CREDIT,IRCTC,UPI537440,CARD
SYNTH-BANK-000215,2026-06-17 07:54:00,2706.78,DEBIT,DECATHLON INDIA,UPI656002,WALLET
SYNTH-BANK-DUP-000216,2026-06-05 16:05:00,1036.75,CREDIT,ZOMATO,UPI446214,NETBANKING
SYNTH-BANK-000216,2026-06-05 16:05:00,1036.75,CREDIT,ZOMATO,UPI446214,NETBANKING
SYNTH-BANK-000217,2026-05-27 05:56:00,1893.94,DEBIT,Reliance Retail Ltd,UPI842069,WALLET
SYNTH-BANK-000218,2026-07-16 05:09:00,529.66,CREDIT,Big Basket,UPI129333,CARD
SYNTH-BANK-000219,2026-05-08 14:23:00,120.57,CREDIT,FLIPKART PAY,UPI210083,CARD
SYNTH-BANK-000220,2026-06-08 05:17:00,3030.59,CREDIT,UBER INDIA,UPI548197,CARD
SYNTH-BANK-DUP-000221,2026-07-14 18:48:00,1692.56,CREDIT,ZOMATO,UPI289460,NETBANKING
SYNTH-BANK-000221,2026-07-14 18:48:00,1692.56,CREDIT,ZOMATO,UPI289460,NETBANKING
SYNTH-BANK-000222,2026-07-15 07:06:00,2485.75,CREDIT,RELIANCE DIGITAL,UPI432614,UPI
SYNTH-BANK-000223,2026-05-16 16:53:00,2957.51,CREDIT,Reliance Retail Ltd,UPI107175,WALLET
SYNTH-BANK-DUP-000224,2026-07-29 12:27:00,683.74,CREDIT,METRO INDIA,UPI876292,WALLET
SYNTH-BANK-000224,2026-07-29 12:27:00,683.74,CREDIT,METRO INDIA,UPI876292,WALLET
SYNTH-BANK-000226,2026-06-12 16:55:00,1583.03,DEBIT,APOLLO,UPI593445,NETBANKING
SYNTH-BANK-000227,2026-06-14 09:01:00,3160.07,CREDIT,AMAZON,UPI614946,UPI
SYNTH-BANK-000228,2026-05-06 00:46:00,3349.83,DEBIT,MYNTRA PAY,UPI200952,UPI
SYNTH-BANK-000229,2026-07-02 01:03:00,966.68,CREDIT,NYKAA.COM,UPI155189,WALLET
SYNTH-BANK-000230,2026-06-17 07:19:00,1643.65,CREDIT,Ola Mobility,UPI726605,WALLET
SYNTH-BANK-000231,2026-07-18 05:07:00,1768.0,DEBIT,NYKAA,UPI428542,WALLET
SYNTH-BANK-000232,2026-06-24 13:34:00,2539.78,DEBIT,DECATHLON INDIA,UPI188050,NETBANKING
SYNTH-BANK-000233,2026-06-21 17:41:00,830.0,DEBIT,FLIPKART,UPI107755,NETBANKING
SYNTH-BANK-000234,2026-07-29 05:19:00,2636.48,CREDIT,Nykaa E-Retail,UPI864408,WALLET
SYNTH-BANK-000235,2026-07-08 10:07:00,256.98,CREDIT,Zomato Ltd,UPI375518,UPI
SYNTH-BANK-000236,2026-07-27 18:40:00,714.26,CREDIT,Myntra Designs,UPI331855,UPI
SYNTH-BANK-DUP-000237,2026-06-20 08:21:00,1912.71,DEBIT,METRO RETAIL,UPI521067,WALLET
SYNTH-BANK-000237,2026-06-20 08:21:00,1912.71,DEBIT,METRO RETAIL,UPI521067,WALLET
SYNTH-BANK-000238,2026-06-05 11:05:00,232.82,CREDIT,ZOMATO,UPI825194,NETBANKING
SYNTH-BANK-000239,2026-05-28 03:24:00,3899.4,CREDIT,NYKAA.COM,UPI917761,WALLET
SYNTH-BANK-000240,2026-05-19 02:22:00,8014.48,CREDIT,BOOKMYSHOW.COM,UPI583693,CARD
SYNTH-BANK-000241,2026-05-22 16:16:00,618.74,DEBIT,Croma Electronics,UPI786702,WALLET
SYNTH-BANK-000242,2026-07-07 23:27:00,3963.02,DEBIT,SWIGGY*BLR,UPI788788,CARD
SYNTH-BANK-000243,2026-07-05 16:30:00,710.39,CREDIT,OLA CABS,UPI335891,UPI
SYNTH-BANK-000244,2026-07-20 15:28:00,380.1,CREDIT,DECATHLON,UPI746514,CARD
SYNTH-BANK-000245,2026-07-03 03:06:00,359.05,CREDIT,CROMA,UPI471386,CARD
SYNTH-BANK-000246,2026-06-04 13:53:00,2037.65,CREDIT,Reliance Retail Ltd,UPI997899,NETBANKING
SYNTH-BANK-000247,2026-05-31 18:42:00,502.8,CREDIT,Nykaa E-Retail,UPI533237,CARD
SYNTH-BANK-000248,2026-07-16 22:04:00,1866.1,CREDIT,IRCTC,UPI624679,WALLET
SYNTH-BANK-000249,2026-07-05 04:39:00,711.17,CREDIT,METRO INDIA,UPI952027,CARD
SYNTH-BANK-000250,2026-06-24 22:23:00,348.78,CREDIT,Myntra Designs,UPI859821,NETBANKING
SYNTH-BANK-000251,2026-06-20 07:26:00,610.51,CREDIT,MYNTRA,UPI711145,NETBANKING
SYNTH-BANK-000253,2026-07-26 20:20:00,746.96,CREDIT,Croma Electronics,UPI632225,WALLET
SYNTH-BANK-000254,2026-05-04 14:24:00,972.17,CREDIT,APOLLO,UPI750987,WALLET
SYNTH-BANK-000255,2026-05-05 21:49:00,2808.54,CREDIT,APOLLO PHARMACY,UPI926888,CARD
SYNTH-BANK-000256,2026-07-29 02:06:00,383.15,CREDIT,DOMINOS,UPI311355,WALLET
SYNTH-BANK-000257,2026-07-13 18:58:00,1000.36,DEBIT,APOLLO,UPI616133,WALLET
SYNTH-BANK-000258,2026-07-21 11:43:00,1476.44,CREDIT,DOMINO'S PIZZA,UPI963185,CARD
SYNTH-BANK-000259,2026-07-24 05:33:00,1841.72,CREDIT,ZOMATO,UPI895298,NETBANKING
SYNTH-BANK-000260,2026-05-20 10:21:00,8457.4,CREDIT,CROMA,UPI664578,WALLET
SYNTH-BANK-000262,2026-07-25 00:09:00,645.09,CREDIT,Nykaa E-Retail,UPI802550,NETBANKING
SYNTH-BANK-000263,2026-06-12 00:12:00,762.52,CREDIT,DOMINOS INDIA,UPI328707,UPI
SYNTH-BANK-000264,2026-05-29 22:01:00,1068.62,CREDIT,IRCTC E-TICKETING,UPI852975,NETBANKING
SYNTH-BANK-000265,2026-06-19 18:00:00,862.38,CREDIT,NYKAA.COM,UPI827315,UPI
SYNTH-BANK-000266,2026-05-27 15:18:00,867.1,DEBIT,AMAZON,UPI920983,NETBANKING
SYNTH-BANK-000267,2026-07-21 14:22:00,1233.29,CREDIT,AMAZON PAY,UPI654798,UPI
SYNTH-BANK-000268,2026-06-17 18:28:00,4686.64,CREDIT,Flipkart Internet,UPI114833,CARD
SYNTH-BANK-000269,2026-07-10 16:57:00,1113.04,CREDIT,RELIANCE RETAIL,UPI384627,UPI
SYNTH-BANK-000270,2026-06-17 03:17:00,1197.98,DEBIT,Zomato Ltd,UPI405745,NETBANKING
SYNTH-BANK-000271,2026-05-16 22:31:00,677.62,CREDIT,DECATHLON,UPI318196,CARD
SYNTH-BANK-000272,2026-07-08 14:58:00,795.54,CREDIT,Decathlon Sports,UPI955000,CARD
SYNTH-BANK-000273,2026-05-22 19:44:00,2556.97,CREDIT,OLA,UPI336149,WALLET
SYNTH-BANK-000274,2026-06-25 23:09:00,3756.91,CREDIT,Big Basket,UPI709189,CARD
SYNTH-BANK-000275,2026-06-13 06:15:00,4316.29,CREDIT,Croma Electronics,UPI137127,NETBANKING
SYNTH-BANK-000276,2026-07-29 23:23:00,772.93,DEBIT,MYNTRA PAY,UPI528069,UPI
SYNTH-BANK-000277,2026-05-15 15:23:00,1021.11,DEBIT,Reliance Retail Ltd,UPI657923,CARD
SYNTH-BANK-000278,2026-05-12 09:08:00,1022.22,DEBIT,CROMA RETAIL,UPI419490,NETBANKING
SYNTH-BANK-000280,2026-05-16 07:32:00,2839.18,CREDIT,RELIANCE RETAIL,UPI869212,WALLET
SYNTH-BANK-000281,2026-07-10 14:15:00,2628.86,DEBIT,FLIPKART,UPI687309,WALLET
SYNTH-BANK-000282,2026-05-09 08:39:00,1926.59,DEBIT,Urban Company India,UPI492661,NETBANKING
SYNTH-BANK-DUP-000283,2026-06-17 09:20:00,1159.69,CREDIT,RELIANCE RETAIL,UPI511070,WALLET
SYNTH-BANK-000283,2026-06-17 09:20:00,1159.69,CREDIT,RELIANCE RETAIL,UPI511070,WALLET
SYNTH-BANK-000284,2026-05-14 08:22:00,5461.93,CREDIT,SWIGGY*BLR,UPI807937,UPI
SYNTH-BANK-000285,2026-06-01 23:38:00,1106.44,DEBIT,Nykaa E-Retail,UPI575205,CARD
SYNTH-BANK-DUP-000286,2026-05-09 03:22:00,248.56,CREDIT,URBAN COMPANY,UPI344023,CARD
SYNTH-BANK-000286,2026-05-09 03:22:00,248.56,CREDIT,URBAN COMPANY,UPI344023,CARD
SYNTH-BANK-000287,2026-07-17 20:30:00,3668.98,DEBIT,MYNTRA PAY,UPI415899,CARD
SYNTH-BANK-000288,2026-07-22 05:15:00,4238.08,DEBIT,FLIPKART PAY,UPI963635,UPI
SYNTH-BANK-000289,2026-06-21 18:49:00,1668.56,CREDIT,CROMA,UPI153774,NETBANKING
SYNTH-BANK-000290,2026-07-29 18:43:00,3623.29,DEBIT,UBER,UPI174185,NETBANKING
SYNTH-BANK-000291,2026-06-27 02:07:00,650.8,CREDIT,DECATHLON,UPI653638,CARD
SYNTH-BANK-000292,2026-06-04 08:54:00,2480.15,DEBIT,IRCTC E-TICKETING,UPI278544,NETBANKING
SYNTH-BANK-000293,2026-05-27 04:32:00,2529.66,DEBIT,Myntra Designs,UPI876632,NETBANKING
SYNTH-BANK-000294,2026-07-23 09:22:00,1916.42,DEBIT,APOLLO PHARMACY,UPI818874,WALLET
SYNTH-BANK-000295,2026-07-29 18:05:00,2048.42,DEBIT,UBER,UPI160496,WALLET
SYNTH-BANK-000296,2026-05-20 03:46:00,285.64,CREDIT,URBAN COMPANY,UPI454982,WALLET
SYNTH-BANK-000297,2026-05-21 16:40:00,1123.5,CREDIT,MYNTRA PAY,UPI608945,UPI
SYNTH-BANK-000298,2026-06-14 14:52:00,569.89,DEBIT,Urban Company India,UPI646645,NETBANKING
SYNTH-BANK-000299,2026-06-05 10:00:00,2225.79,CREDIT,DOMINOS INDIA,UPI520545,NETBANKING
SYNTH-BANK-000300,2026-06-06 06:04:00,721.15,CREDIT,Big Basket,UPI209394,UPI
SYNTH-BANK-000301,2026-07-02 21:32:00,718.14,DEBIT,IRCTC E-TICKETING,UPI771082,CARD
SYNTH-BANK-000302,2026-05-25 22:49:00,793.19,CREDIT,Amazon India,UPI238142,WALLET
SYNTH-BANK-DUP-000303,2026-06-02 18:53:00,650.33,CREDIT,Reliance Retail Ltd,UPI314906,WALLET
SYNTH-BANK-000303,2026-06-02 18:53:00,650.33,CREDIT,Reliance Retail Ltd,UPI314906,WALLET
SYNTH-BANK-000304,2026-06-16 09:04:00,572.72,CREDIT,UBER,UPI154479,UPI
SYNTH-BANK-DUP-000305,2026-06-15 00:23:00,2009.9,DEBIT,NYKAA,UPI887364,UPI
SYNTH-BANK-000305,2026-06-15 00:23:00,2009.9,DEBIT,NYKAA,UPI887364,UPI
SYNTH-BANK-000306,2026-05-04 06:26:00,1022.1,DEBIT,IRCTC,UPI866340,WALLET
SYNTH-BANK-000307,2026-05-03 14:31:00,580.0,CREDIT,Urban Company India,UPI449077,WALLET
SYNTH-BANK-000308,2026-06-12 12:45:00,4106.57,CREDIT,UBER INDIA,UPI602581,UPI
SYNTH-BANK-000309,2026-05-07 23:59:00,289.08,DEBIT,DECATHLON INDIA,UPI322530,UPI
SYNTH-BANK-000310,2026-05-21 18:01:00,773.28,CREDIT,URBAN COMPANY,UPI480480,WALLET
SYNTH-BANK-000311,2026-06-16 11:32:00,1681.49,CREDIT,Big Basket,UPI700823,UPI
SYNTH-BANK-000312,2026-05-24 06:26:00,874.07,CREDIT,Urban Company India,UPI766732,NETBANKING
SYNTH-BANK-000313,2026-06-05 18:52:00,1182.22,CREDIT,DOMINO'S PIZZA,UPI278021,CARD
SYNTH-BANK-000314,2026-06-20 01:48:00,1726.71,CREDIT,CROMA,UPI344840,CARD
SYNTH-BANK-000315,2026-06-18 00:59:00,1757.37,CREDIT,SWIGGY,UPI371637,NETBANKING
SYNTH-BANK-000316,2026-05-20 13:21:00,2532.1,DEBIT,Uber Technologies,UPI788330,CARD
SYNTH-BANK-000317,2026-07-10 01:46:00,321.41,CREDIT,IRCTC,UPI267995,CARD
SYNTH-BANK-000318,2026-05-21 15:38:00,459.64,CREDIT,APOLLO PHARMACY,UPI610523,UPI
SYNTH-BANK-000319,2026-07-21 22:24:00,2454.89,CREDIT,UBER,UPI882714,NETBANKING
SYNTH-BANK-000320,2026-06-17 15:12:00,628.66,CREDIT,FLIPKART PAY,UPI628730,UPI
SYNTH-BANK-000321,2026-06-23 14:12:00,1405.61,CREDIT,Swiggy India,UPI950323,CARD
SYNTH-BANK-000322,2026-07-16 01:49:00,1505.33,DEBIT,APOLLO PHARMACY,UPI296939,CARD
SYNTH-BANK-000323,2026-05-21 02:48:00,510.26,CREDIT,ZOMATO,UPI778680,WALLET
SYNTH-BANK-000324,2026-06-16 15:20:00,1354.95,CREDIT,FLIPKART PAY,UPI808509,UPI
SYNTH-BANK-000325,2026-06-27 18:37:00,3157.46,CREDIT,CROMA RETAIL,UPI785602,UPI
SYNTH-BANK-000326,2026-07-04 14:05:00,608.79,CREDIT,METRO RETAIL,UPI585250,UPI
SYNTH-BANK-000327,2026-07-15 14:27:00,499.13,DEBIT,METRO CASH & CARRY,UPI827296,WALLET
SYNTH-BANK-000328,2026-06-22 13:04:00,1177.15,CREDIT,SWIGGY,UPI580580,WALLET
SYNTH-BANK-000329,2026-05-31 16:46:00,3408.85,CREDIT,Decathlon Sports,UPI998404,UPI
SYNTH-BANK-000330,2026-06-24 00:03:00,316.65,CREDIT,CROMA,UPI614306,UPI
SYNTH-BANK-000331,2026-07-21 16:37:00,1058.91,DEBIT,UBER,UPI249177,CARD
SYNTH-BANK-000332,2026-07-02 18:58:00,1609.53,CREDIT,IRCTC RAIL,UPI528556,NETBANKING
SYNTH-BANK-000333,2026-07-09 08:47:00,488.77,DEBIT,METRO CASH & CARRY,UPI637053,WALLET
SYNTH-BANK-000334,2026-05-27 06:40:00,2307.82,DEBIT,DECATHLON,UPI976727,UPI
SYNTH-BANK-000335,2026-07-06 21:24:00,2337.7,CREDIT,IRCTC RAIL,UPI847554,CARD
SYNTH-BANK-000336,2026-05-13 00:25:00,2229.12,CREDIT,CROMA,UPI299758,WALLET
SYNTH-BANK-000337,2026-07-14 18:02:00,999.08,CREDIT,CROMA RETAIL,UPI544843,WALLET
SYNTH-BANK-000338,2026-06-25 09:20:00,847.45,CREDIT,Flipkart Internet,UPI141096,WALLET
SYNTH-BANK-000339,2026-06-09 19:35:00,730.9,CREDIT,Myntra Designs,UPI897379,CARD
SYNTH-BANK-000340,2026-05-07 03:41:00,1288.11,CREDIT,NYKAA,UPI660678,UPI
SYNTH-BANK-000341,2026-05-29 10:36:00,3640.11,DEBIT,AMAZON PAY,UPI833539,UPI
SYNTH-BANK-000342,2026-07-24 22:25:00,2739.02,DEBIT,URBAN COMPANY,UPI105958,UPI
SYNTH-BANK-000343,2026-07-01 22:38:00,1844.75,CREDIT,IRCTC RAIL,UPI572754,NETBANKING
SYNTH-BANK-000344,2026-06-07 17:04:00,2311.81,CREDIT,Flipkart Internet,UPI369804,NETBANKING
SYNTH-BANK-000345,2026-07-07 21:16:00,285.26,CREDIT,Decathlon Sports,UPI659311,UPI
SYNTH-BANK-000346,2026-05-23 20:01:00,745.7,CREDIT,RELIANCE DIGITAL,UPI229726,UPI
SYNTH-BANK-000347,2026-06-18 17:03:00,803.23,CREDIT,METRO RETAIL,UPI100890,CARD
SYNTH-BANK-000348,2026-06-19 20:17:00,2258.5,CREDIT,NYKAA,UPI468442,UPI
SYNTH-BANK-000349,2026-07-25 02:21:00,553.73,CREDIT,IRCTC E-TICKETING,UPI274275,UPI
SYNTH-BANK-000350,2026-06-21 15:25:00,344.4,DEBIT,Big Basket,UPI655893,UPI
SYNTH-BANK-000351,2026-05-09 08:01:00,2484.81,CREDIT,MYNTRA,UPI606313,CARD
SYNTH-BANK-000352,2026-06-09 17:57:00,1426.65,DEBIT,RELIANCE DIGITAL,UPI938118,NETBANKING
SYNTH-BANK-000353,2026-06-30 09:28:00,2730.19,CREDIT,OLA,UPI683896,WALLET
SYNTH-BANK-000354,2026-06-05 18:39:00,547.92,CREDIT,Uber Technologies,UPI611029,UPI
SYNTH-BANK-000355,2026-06-18 09:07:00,2495.05,CREDIT,METRO RETAIL,UPI840087,WALLET
SYNTH-BANK-000356,2026-07-19 08:06:00,647.85,DEBIT,CROMA RETAIL,UPI131023,CARD
SYNTH-BANK-000357,2026-05-02 01:09:00,930.18,CREDIT,Reliance Retail Ltd,UPI252354,NETBANKING
SYNTH-BANK-000358,2026-06-07 10:24:00,11905.14,CREDIT,AMAZON,UPI629331,CARD
SYNTH-BANK-000359,2026-06-23 20:40:00,3778.42,DEBIT,ZOMATO*BANGALORE,UPI932235,UPI
SYNTH-BANK-DUP-000361,2026-05-02 09:09:00,223.17,CREDIT,CROMA RETAIL,UPI217761,NETBANKING
SYNTH-BANK-000361,2026-05-02 09:09:00,223.17,CREDIT,CROMA RETAIL,UPI217761,NETBANKING
SYNTH-BANK-000362,2026-07-29 11:45:00,1615.47,CREDIT,METRO RETAIL,UPI251780,NETBANKING
SYNTH-BANK-000363,2026-06-18 20:25:00,2823.37,DEBIT,Flipkart Internet,UPI818514,WALLET
SYNTH-BANK-000364,2026-05-15 04:43:00,1334.51,DEBIT,RELIANCE RETAIL,UPI816044,CARD
SYNTH-BANK-000365,2026-07-02 08:08:00,1118.3,CREDIT,ZOMATO,UPI241322,CARD
SYNTH-BANK-DUP-000366,2026-07-22 15:17:00,730.25,CREDIT,BOOKMYSHOW,UPI768900,NETBANKING
SYNTH-BANK-000366,2026-07-22 15:17:00,730.25,CREDIT,BOOKMYSHOW,UPI768900,NETBANKING
SYNTH-BANK-000368,2026-05-26 21:17:00,417.88,CREDIT,DECATHLON,UPI329787,CARD
SYNTH-BANK-000369,2026-06-28 22:45:00,1237.64,DEBIT,IRCTC RAIL,UPI941404,CARD
SYNTH-BANK-000370,2026-05-18 20:36:00,834.08,CREDIT,IRCTC RAIL,UPI688514,NETBANKING
SYNTH-BANK-000371,2026-05-17 01:41:00,1568.85,CREDIT,DOMINOS INDIA,UPI652244,UPI
SYNTH-BANK-000372,2026-06-24 22:30:00,558.5,CREDIT,Swiggy India,UPI967144,UPI
SYNTH-BANK-000373,2026-05-19 21:30:00,740.06,DEBIT,Decathlon Sports,UPI649365,WALLET
SYNTH-BANK-000374,2026-07-22 14:51:00,1476.89,CREDIT,DECATHLON INDIA,UPI594058,UPI
SYNTH-BANK-000376,2026-06-27 23:49:00,153.77,DEBIT,Croma Electronics,UPI634685,NETBANKING
SYNTH-BANK-000377,2026-05-08 23:28:00,683.37,CREDIT,DECATHLON,UPI398614,CARD
SYNTH-BANK-000378,2026-05-24 14:29:00,1086.81,DEBIT,DOMINOS INDIA,UPI363642,UPI
SYNTH-BANK-000379,2026-07-03 05:05:00,2068.54,DEBIT,Reliance Retail Ltd,UPI323893,NETBANKING
SYNTH-BANK-000380,2026-06-09 14:16:00,938.22,DEBIT,APOLLO PHARMACY,UPI311204,UPI
SYNTH-BANK-000382,2026-07-16 20:29:00,463.25,CREDIT,Urban Company India,UPI873711,CARD
SYNTH-BANK-000383,2026-06-04 09:23:00,1225.77,CREDIT,FLIPKART,UPI158011,NETBANKING
SYNTH-BANK-000384,2026-07-29 01:23:00,5506.18,CREDIT,Ola Mobility,UPI371465,CARD
SYNTH-BANK-000385,2026-07-21 04:28:00,774.37,DEBIT,AMAZON,UPI441747,WALLET
SYNTH-BANK-DUP-000386,2026-06-05 09:20:00,437.75,CREDIT,Croma Electronics,UPI774562,NETBANKING
SYNTH-BANK-000386,2026-06-05 09:20:00,437.75,CREDIT,Croma Electronics,UPI774562,NETBANKING
SYNTH-BANK-000387,2026-06-28 04:51:00,759.38,CREDIT,APOLLO PHARMACY,UPI285991,WALLET
SYNTH-BANK-000388,2026-05-10 03:41:00,1036.25,DEBIT,Nykaa E-Retail,UPI646637,NETBANKING
SYNTH-BANK-000389,2026-06-11 21:20:00,1405.26,CREDIT,Zomato Ltd,UPI655611,UPI
SYNTH-BANK-000390,2026-05-25 15:58:00,1940.35,CREDIT,CROMA RETAIL,UPI248116,UPI
SYNTH-BANK-000391,2026-05-30 03:11:00,833.83,CREDIT,URBANCLAP,UPI436529,UPI
SYNTH-BANK-DUP-000392,2026-05-17 17:59:00,2218.67,CREDIT,Amazon India,UPI578085,WALLET
SYNTH-BANK-000392,2026-05-17 17:59:00,2218.67,CREDIT,Amazon India,UPI578085,WALLET
SYNTH-BANK-000393,2026-05-07 14:21:00,5243.12,DEBIT,IRCTC RAIL,UPI834186,UPI
SYNTH-BANK-000394,2026-07-21 23:42:00,273.09,CREDIT,BOOKMYSHOW.COM,UPI795830,WALLET
SYNTH-BANK-000395,2026-05-21 14:39:00,920.71,DEBIT,UBER,UPI202516,WALLET
SYNTH-BANK-000396,2026-07-08 20:39:00,784.5,CREDIT,APOLLO,UPI771029,UPI
SYNTH-BANK-000397,2026-07-12 07:57:00,258.92,DEBIT,OLA,UPI927177,CARD
SYNTH-BANK-000398,2026-06-12 06:28:00,677.51,CREDIT,CROMA RETAIL,UPI657000,CARD
SYNTH-BANK-000399,2026-07-24 19:57:00,433.28,DEBIT,URBANCLAP,UPI957882,WALLET
SYNTH-BANK-DUP-000400,2026-07-08 20:24:00,1842.67,CREDIT,APOLLO,UPI739421,UPI
SYNTH-BANK-000400,2026-07-08 20:24:00,1842.67,CREDIT,APOLLO,UPI739421,UPI
SYNTH-BANK-000401,2026-06-09 21:14:00,1728.81,CREDIT,APOLLO PHARMACY,UPI268022,NETBANKING
SYNTH-BANK-000402,2026-05-24 08:12:00,641.58,CREDIT,IRCTC RAIL,UPI104203,WALLET
SYNTH-BANK-000403,2026-05-15 00:09:00,829.56,CREDIT,MYNTRA PAY,UPI243543,CARD
SYNTH-BANK-000404,2026-05-25 22:19:00,1776.16,CREDIT,Amazon India,UPI811762,CARD
SYNTH-BANK-000405,2026-07-01 21:13:00,609.37,CREDIT,Reliance Retail Ltd,UPI273706,WALLET
SYNTH-BANK-000406,2026-07-02 09:01:00,861.61,DEBIT,AMAZON PAY,UPI585812,WALLET
SYNTH-BANK-000407,2026-05-26 01:12:00,1393.4,DEBIT,APOLLO PHARMACY,UPI749231,UPI
SYNTH-BANK-000408,2026-05-07 18:55:00,1203.73,CREDIT,Decathlon Sports,UPI799215,NETBANKING
SYNTH-BANK-000409,2026-05-16 22:43:00,636.56,DEBIT,URBANCLAP,UPI465217,CARD
SYNTH-BANK-000410,2026-05-07 10:38:00,3105.08,CREDIT,Apollo Pharmacy Ltd,UPI740544,CARD
SYNTH-BANK-000411,2026-05-01 10:46:00,466.83,CREDIT,UBER,UPI456302,UPI
SYNTH-BANK-000412,2026-05-05 12:51:00,811.0,DEBIT,FLIPKART PAY,UPI163209,UPI
SYNTH-BANK-000413,2026-05-29 11:08:00,608.53,CREDIT,APOLLO,UPI149264,CARD
SYNTH-BANK-000414,2026-05-07 04:52:00,2423.84,CREDIT,DOMINOS,UPI721581,CARD
SYNTH-BANK-000415,2026-05-08 06:32:00,3250.08,CREDIT,Ola Mobility,UPI256551,WALLET
SYNTH-BANK-000416,2026-06-13 09:28:00,811.11,DEBIT,DECATHLON INDIA,UPI710209,CARD
SYNTH-BANK-000417,2026-06-03 04:42:00,1240.87,DEBIT,Reliance Retail Ltd,UPI783692,WALLET
SYNTH-BANK-000418,2026-07-14 17:13:00,1431.41,CREDIT,IRCTC,UPI256399,NETBANKING
SYNTH-BANK-000420,2026-05-18 22:15:00,1069.72,CREDIT,RELIANCE DIGITAL,UPI537889,WALLET
SYNTH-BANK-000421,2026-05-20 20:05:00,1379.14,CREDIT,BMS,UPI683089,CARD
SYNTH-BANK-000422,2026-06-21 05:38:00,1821.73,DEBIT,ZOMATO*BANGALORE,UPI238873,WALLET
SYNTH-BANK-DUP-000423,2026-07-23 10:06:00,1583.44,DEBIT,IRCTC,UPI863372,UPI
SYNTH-BANK-000423,2026-07-23 10:06:00,1583.44,DEBIT,IRCTC,UPI863372,UPI
SYNTH-BANK-000424,2026-05-09 02:00:00,751.73,CREDIT,AMAZON,UPI103254,NETBANKING
SYNTH-BANK-000425,2026-05-09 22:57:00,2668.68,DEBIT,METRO RETAIL,UPI977714,WALLET
SYNTH-BANK-000426,2026-07-17 02:13:00,662.36,CREDIT,Big Basket,UPI773110,NETBANKING
SYNTH-BANK-000427,2026-05-26 15:04:00,1586.56,DEBIT,DECATHLON,UPI130339,WALLET
SYNTH-BANK-000428,2026-05-18 07:16:00,1469.89,CREDIT,URBAN COMPANY,UPI225104,WALLET
SYNTH-BANK-000429,2026-05-18 21:50:00,760.44,CREDIT,URBAN COMPANY,UPI314174,UPI
SYNTH-BANK-DUP-000430,2026-06-03 08:28:00,710.81,CREDIT,FLIPKART PAY,UPI189938,NETBANKING
SYNTH-BANK-000430,2026-06-03 08:28:00,710.81,CREDIT,FLIPKART PAY,UPI189938,NETBANKING
SYNTH-BANK-000431,2026-07-26 05:52:00,1819.24,CREDIT,UBER,UPI745593,NETBANKING
SYNTH-BANK-DUP-000432,2026-07-25 12:45:00,753.96,CREDIT,Uber Technologies,UPI606668,WALLET
SYNTH-BANK-000432,2026-07-25 12:45:00,753.96,CREDIT,Uber Technologies,UPI606668,WALLET
SYNTH-BANK-000433,2026-05-11 17:02:00,2665.73,CREDIT,SWIGGY,UPI353513,UPI
SYNTH-BANK-000434,2026-05-28 12:49:00,320.25,CREDIT,BOOKMYSHOW,UPI525315,WALLET
SYNTH-BANK-000435,2026-05-25 18:11:00,1595.74,DEBIT,RELIANCE RETAIL,UPI179051,NETBANKING
SYNTH-BANK-000436,2026-05-29 03:53:00,1833.1,CREDIT,ZOMATO,UPI104004,WALLET
SYNTH-BANK-000437,2026-07-03 00:36:00,697.6,CREDIT,CROMA,UPI856114,UPI
SYNTH-BANK-000438,2026-05-07 02:55:00,647.88,DEBIT,IRCTC,UPI305271,CARD
SYNTH-BANK-000439,2026-07-26 00:19:00,1100.17,DEBIT,UBER INDIA,UPI381390,WALLET
SYNTH-BANK-DUP-000440,2026-07-02 11:39:00,876.88,DEBIT,URBAN COMPANY,UPI738933,WALLET
SYNTH-BANK-000440,2026-07-02 11:39:00,876.88,DEBIT,URBAN COMPANY,UPI738933,WALLET
SYNTH-BANK-000441,2026-06-13 21:17:00,953.77,CREDIT,Amazon India,UPI958725,NETBANKING
SYNTH-BANK-000442,2026-06-13 01:57:00,1526.01,CREDIT,METRO INDIA,UPI130248,UPI
SYNTH-BANK-000443,2026-07-15 20:06:00,1145.89,CREDIT,NYKAA,UPI674857,WALLET
SYNTH-BANK-000444,2026-05-09 11:46:00,1702.45,DEBIT,MYNTRA PAY,UPI755858,UPI
SYNTH-BANK-000445,2026-05-22 18:56:00,3499.29,DEBIT,AMAZON PAY,UPI538283,CARD
SYNTH-BANK-000446,2026-06-15 02:28:00,1453.0,DEBIT,FLIPKART PAY,UPI527597,NETBANKING
SYNTH-BANK-000447,2026-07-18 17:23:00,453.31,CREDIT,Zomato Ltd,UPI999467,NETBANKING
SYNTH-BANK-000448,2026-05-06 22:40:00,3723.73,CREDIT,Ola Mobility,UPI204539,WALLET
SYNTH-BANK-000449,2026-07-24 16:43:00,1807.0,CREDIT,NYKAA.COM,UPI492796,CARD
SYNTH-BANK-000450,2026-05-18 16:41:00,2766.45,CREDIT,Amazon India,UPI763713,WALLET
SYNTH-BANK-000451,2026-05-29 09:14:00,1726.62,CREDIT,RELIANCE RETAIL,UPI227597,UPI
SYNTH-BANK-DUP-000452,2026-05-19 09:40:00,1379.47,DEBIT,Zomato Ltd,UPI862185,NETBANKING
SYNTH-BANK-000452,2026-05-19 09:40:00,1379.47,DEBIT,Zomato Ltd,UPI862185,NETBANKING
SYNTH-BANK-000453,2026-06-15 22:58:00,418.3,DEBIT,DOMINOS INDIA,UPI534661,WALLET
SYNTH-BANK-000454,2026-05-08 13:40:00,4118.74,CREDIT,ZOMATO*BANGALORE,UPI318406,CARD
SYNTH-BANK-000455,2026-06-21 00:31:00,528.97,CREDIT,URBAN COMPANY,UPI894813,NETBANKING
SYNTH-BANK-000456,2026-05-31 23:42:00,1613.94,CREDIT,Flipkart Internet,UPI728863,WALLET
SYNTH-BANK-000457,2026-07-14 22:55:00,2700.43,DEBIT,CROMA RETAIL,UPI815971,NETBANKING
SYNTH-BANK-000458,2026-06-05 17:15:00,284.99,CREDIT,NYKAA.COM,UPI121052,WALLET
SYNTH-BANK-000459,2026-05-28 08:04:00,889.17,CREDIT,METRO CASH & CARRY,UPI420685,UPI
SYNTH-BANK-000460,2026-07-01 09:21:00,3192.19,CREDIT,DECATHLON,UPI347534,WALLET
SYNTH-BANK-000461,2026-05-12 16:06:00,884.9,CREDIT,Ola Mobility,UPI383229,NETBANKING
SYNTH-BANK-000462,2026-06-28 15:24:00,828.0,DEBIT,FLIPKART,UPI575100,NETBANKING
SYNTH-BANK-000463,2026-05-02 11:01:00,1146.4,CREDIT,RELIANCE DIGITAL,UPI246860,WALLET
SYNTH-BANK-000464,2026-06-29 15:26:00,5633.16,DEBIT,DECATHLON,UPI923856,WALLET
SYNTH-BANK-000465,2026-05-27 04:22:00,1767.01,CREDIT,CROMA,UPI565724,NETBANKING
SYNTH-BANK-000466,2026-07-27 06:08:00,820.94,CREDIT,DECATHLON INDIA,UPI594079,UPI
SYNTH-BANK-000467,2026-05-25 12:59:00,2712.61,DEBIT,DOMINO'S PIZZA,UPI684535,CARD
SYNTH-BANK-000468,2026-07-07 00:21:00,2811.67,CREDIT,Uber Technologies,UPI756717,WALLET
SYNTH-BANK-000469,2026-06-13 09:50:00,2152.1,DEBIT,UBER,UPI683166,CARD
SYNTH-BANK-000470,2026-06-17 11:35:00,1259.13,DEBIT,URBANCLAP,UPI471058,WALLET
SYNTH-BANK-000471,2026-07-19 03:56:00,291.75,CREDIT,ZOMATO*BANGALORE,UPI555377,CARD
SYNTH-BANK-000472,2026-05-13 10:23:00,997.21,CREDIT,CROMA RETAIL,UPI655617,NETBANKING
SYNTH-BANK-000473,2026-05-07 03:20:00,2128.48,DEBIT,Amazon India,UPI808107,CARD
SYNTH-BANK-000474,2026-07-17 20:15:00,1008.08,CREDIT,URBANCLAP,UPI411270,NETBANKING
SYNTH-BANK-000475,2026-07-01 08:32:00,1259.9,DEBIT,MYNTRA,UPI177723,UPI
SYNTH-BANK-000476,2026-07-14 07:41:00,926.31,DEBIT,OLA CABS,UPI503259,WALLET
SYNTH-BANK-000477,2026-05-14 23:21:00,558.57,CREDIT,Flipkart Internet,UPI605746,NETBANKING
SYNTH-BANK-000478,2026-05-02 00:18:00,1410.51,CREDIT,CROMA,UPI142360,NETBANKING
SYNTH-BANK-000479,2026-07-19 17:35:00,1227.31,CREDIT,NYKAA,UPI427925,UPI
SYNTH-BANK-000480,2026-07-01 11:48:00,990.99,DEBIT,AMAZON PAY,UPI133441,CARD
SYNTH-BANK-000481,2026-06-27 23:11:00,760.44,DEBIT,CROMA,UPI100893,NETBANKING
SYNTH-BANK-000482,2026-05-27 23:27:00,974.09,CREDIT,Urban Company India,UPI943807,UPI
SYNTH-BANK-000483,2026-07-11 15:23:00,4909.18,DEBIT,IRCTC E-TICKETING,UPI413860,NETBANKING
SYNTH-BANK-000484,2026-05-27 07:30:00,1179.1,DEBIT,OLA CABS,UPI163442,CARD
SYNTH-BANK-000485,2026-05-28 11:42:00,536.36,DEBIT,BOOKMYSHOW,UPI834218,CARD
SYNTH-BANK-000486,2026-07-11 19:02:00,1883.52,CREDIT,Swiggy India,UPI597098,NETBANKING
SYNTH-BANK-000487,2026-06-09 06:50:00,828.26,DEBIT,IRCTC,UPI364689,UPI
SYNTH-BANK-000488,2026-05-31 23:31:00,385.02,CREDIT,RELIANCE DIGITAL,UPI734715,WALLET
SYNTH-BANK-000489,2026-07-03 08:57:00,4202.43,CREDIT,DECATHLON INDIA,UPI655690,UPI
SYNTH-BANK-000490,2026-07-29 17:09:00,231.29,CREDIT,APOLLO,UPI102230,UPI
SYNTH-BANK-000491,2026-05-12 23:56:00,523.59,DEBIT,Croma Electronics,UPI405999,NETBANKING
SYNTH-BANK-000492,2026-07-21 09:58:00,3015.05,CREDIT,IRCTC RAIL,UPI472624,CARD
SYNTH-BANK-000493,2026-07-27 12:42:00,576.08,CREDIT,Decathlon Sports,UPI746357,UPI
SYNTH-BANK-000494,2026-07-13 06:27:00,1779.16,DEBIT,METRO RETAIL,UPI642402,NETBANKING
SYNTH-BANK-000495,2026-07-29 06:56:00,3438.12,DEBIT,OLA CABS,UPI902630,CARD
SYNTH-BANK-000496,2026-07-16 18:21:00,736.23,DEBIT,METRO CASH & CARRY,UPI254953,UPI
SYNTH-BANK-000497,2026-06-17 06:03:00,5306.95,CREDIT,BMS,UPI819470,NETBANKING
SYNTH-BANK-000498,2026-07-01 11:52:00,937.66,DEBIT,Reliance Retail Ltd,UPI197727,UPI
SYNTH-BANK-000500,2026-06-26 20:52:00,2061.1,CREDIT,APOLLO,UPI734612,UPI
SYNTH-BANK-000501,2026-06-23 16:06:00,591.53,DEBIT,AMAZON,UPI759286,NETBANKING
SYNTH-BANK-000502,2026-06-10 14:04:00,447.56,CREDIT,BMS,UPI302722,WALLET
SYNTH-BANK-000503,2026-06-13 13:58:00,3333.97,DEBIT,Swiggy India,UPI513563,NETBANKING
SYNTH-BANK-000504,2026-05-26 17:04:00,955.92,CREDIT,RELIANCE DIGITAL,UPI409633,CARD
SYNTH-BANK-000505,2026-07-12 07:04:00,1897.2,CREDIT,DOMINO'S PIZZA,UPI485285,WALLET
SYNTH-BANK-000506,2026-06-24 18:02:00,825.4,CREDIT,ZOMATO,UPI553539,WALLET
SYNTH-BANK-000507,2026-07-27 23:25:00,3205.45,DEBIT,Nykaa E-Retail,UPI114400,CARD
SYNTH-BANK-DUP-000508,2026-05-21 13:50:00,1283.32,CREDIT,UBER INDIA,UPI376096,NETBANKING
SYNTH-BANK-000508,2026-05-21 13:50:00,1283.32,CREDIT,UBER INDIA,UPI376096,NETBANKING
SYNTH-BANK-000509,2026-05-29 00:13:00,586.16,CREDIT,URBANCLAP,UPI638306,CARD
SYNTH-BANK-DUP-000510,2026-06-08 09:01:00,2547.03,CREDIT,METRO INDIA,UPI331008,UPI
SYNTH-BANK-000510,2026-06-08 09:01:00,2547.03,CREDIT,METRO INDIA,UPI331008,UPI
SYNTH-BANK-000511,2026-07-09 06:59:00,1874.49,CREDIT,Big Basket,UPI630600,UPI
SYNTH-BANK-000512,2026-07-22 17:41:00,491.38,CREDIT,CROMA,UPI202695,CARD
SYNTH-BANK-000513,2026-06-05 08:12:00,1807.11,CREDIT,Zomato Ltd,UPI363334,WALLET
SYNTH-BANK-000514,2026-07-12 21:56:00,421.87,CREDIT,DECATHLON,UPI527999,CARD
SYNTH-BANK-000516,2026-05-27 04:33:00,1147.12,CREDIT,METRO CASH & CARRY,UPI988081,WALLET
SYNTH-BANK-000517,2026-07-09 21:11:00,949.44,CREDIT,NYKAA,UPI103602,UPI
SYNTH-BANK-000518,2026-05-19 06:44:00,1601.38,CREDIT,METRO CASH & CARRY,UPI565841,CARD
SYNTH-BANK-000519,2026-07-22 20:29:00,1043.16,CREDIT,URBAN COMPANY,UPI642300,UPI
SYNTH-BANK-000520,2026-05-15 18:02:00,440.67,CREDIT,NYKAA.COM,UPI320900,WALLET
SYNTH-BANK-000521,2026-05-14 16:07:00,1370.41,CREDIT,IRCTC,UPI851960,UPI
SYNTH-BANK-000522,2026-05-20 00:51:00,982.68,CREDIT,UBER INDIA,UPI705194,NETBANKING
SYNTH-BANK-000523,2026-05-10 22:47:00,678.19,CREDIT,URBAN COMPANY,UPI525211,WALLET
SYNTH-BANK-000524,2026-05-28 19:01:00,2605.64,CREDIT,IRCTC,UPI155630,NETBANKING
SYNTH-BANK-000525,2026-07-12 18:49:00,992.81,CREDIT,RELIANCE RETAIL,UPI742190,WALLET
SYNTH-BANK-000526,2026-06-29 14:43:00,2055.7,DEBIT,Croma Electronics,UPI258813,NETBANKING
SYNTH-BANK-000527,2026-06-01 21:05:00,3381.37,DEBIT,FLIPKART,UPI786459,UPI
SYNTH-BANK-000528,2026-07-22 08:11:00,2271.56,CREDIT,URBANCLAP,UPI378324,NETBANKING
SYNTH-BANK-000529,2026-05-08 20:08:00,1136.57,CREDIT,BMS,UPI298649,WALLET
SYNTH-BANK-000531,2026-06-08 03:47:00,5602.6,CREDIT,Apollo Pharmacy Ltd,UPI972702,WALLET
SYNTH-BANK-000532,2026-07-19 20:32:00,556.88,CREDIT,METRO RETAIL,UPI423939,NETBANKING
SYNTH-BANK-000533,2026-06-01 12:02:00,1156.19,CREDIT,APOLLO PHARMACY,UPI932673,WALLET
SYNTH-BANK-000534,2026-07-19 07:55:00,7782.49,CREDIT,Reliance Retail Ltd,UPI148001,NETBANKING
SYNTH-BANK-000535,2026-07-05 20:45:00,3419.14,CREDIT,METRO INDIA,UPI538340,WALLET
SYNTH-BANK-DUP-000536,2026-06-01 16:42:00,3582.1,CREDIT,RELIANCE DIGITAL,UPI717193,UPI
SYNTH-BANK-000536,2026-06-01 16:42:00,3582.1,CREDIT,RELIANCE DIGITAL,UPI717193,UPI
SYNTH-BANK-000537,2026-05-22 17:34:00,3608.83,CREDIT,APOLLO,UPI640245,UPI
SYNTH-BANK-000538,2026-07-08 01:12:00,675.84,CREDIT,Reliance Retail Ltd,UPI535085,UPI
SYNTH-BANK-DUP-000539,2026-07-07 11:18:00,299.03,CREDIT,Nykaa E-Retail,UPI895009,CARD
SYNTH-BANK-000539,2026-07-07 11:18:00,299.03,CREDIT,Nykaa E-Retail,UPI895009,CARD
SYNTH-BANK-000540,2026-07-01 23:06:00,709.15,CREDIT,ZOMATO*BANGALORE,UPI694709,WALLET
SYNTH-BANK-000541,2026-05-23 01:26:00,749.49,DEBIT,METRO INDIA,UPI703083,WALLET
SYNTH-BANK-000542,2026-07-18 11:00:00,5467.95,DEBIT,BIGBASKET,UPI899745,UPI
SYNTH-BANK-000543,2026-07-15 06:54:00,1925.95,DEBIT,Swiggy India,UPI829217,NETBANKING
SYNTH-BANK-000544,2026-05-16 06:34:00,1055.2,DEBIT,UBER INDIA,UPI674457,CARD
SYNTH-BANK-000545,2026-06-09 04:44:00,1433.8,DEBIT,METRO INDIA,UPI647258,WALLET
SYNTH-BANK-000546,2026-05-10 10:31:00,738.42,DEBIT,ZOMATO*BANGALORE,UPI781226,CARD
SYNTH-BANK-000547,2026-06-21 23:48:00,893.63,DEBIT,BMS,UPI298106,NETBANKING
SYNTH-BANK-000548,2026-07-26 16:23:00,2275.61,CREDIT,NYKAA.COM,UPI816214,WALLET
SYNTH-BANK-000549,2026-05-18 09:09:00,1007.71,CREDIT,OLA CABS,UPI200592,NETBANKING
SYNTH-BANK-000550,2026-07-17 20:58:00,1622.8,CREDIT,Urban Company India,UPI888754,NETBANKING
SYNTH-BANK-000551,2026-05-09 00:17:00,366.36,DEBIT,NYKAA,UPI667971,CARD
SYNTH-BANK-000552,2026-06-13 16:15:00,1730.19,DEBIT,IRCTC E-TICKETING,UPI335489,CARD
SYNTH-BANK-DUP-000553,2026-05-16 05:34:00,432.38,CREDIT,Reliance Retail Ltd,UPI382299,CARD
SYNTH-BANK-000553,2026-05-16 05:34:00,432.38,CREDIT,Reliance Retail Ltd,UPI382299,CARD
SYNTH-BANK-000554,2026-07-12 15:57:00,716.86,CREDIT,Nykaa E-Retail,UPI152572,WALLET
SYNTH-BANK-000555,2026-05-31 16:53:00,1329.63,DEBIT,IRCTC RAIL,UPI433315,NETBANKING
SYNTH-BANK-000556,2026-06-29 22:05:00,1653.56,CREDIT,FLIPKART PAY,UPI836033,WALLET
SYNTH-BANK-000557,2026-07-03 18:37:00,1125.37,DEBIT,URBAN COMPANY,UPI694647,NETBANKING
SYNTH-BANK-000558,2026-05-26 13:25:00,710.26,CREDIT,Reliance Retail Ltd,UPI939681,UPI
SYNTH-BANK-000559,2026-07-23 21:10:00,1155.42,CREDIT,Croma Electronics,UPI658525,NETBANKING
SYNTH-BANK-000560,2026-07-02 03:44:00,1008.26,CREDIT,NYKAA,UPI392293,CARD
SYNTH-BANK-000561,2026-06-20 23:37:00,973.98,DEBIT,MYNTRA PAY,UPI680278,NETBANKING
SYNTH-BANK-000562,2026-05-25 23:44:00,1274.78,CREDIT,FLIPKART PAY,UPI169066,CARD
SYNTH-BANK-000563,2026-05-17 09:55:00,1675.36,CREDIT,ZOMATO*BANGALORE,UPI507630,CARD
SYNTH-BANK-000564,2026-06-27 00:54:00,2023.1,DEBIT,BIGBASKET,UPI943183,UPI
SYNTH-BANK-000565,2026-07-16 00:35:00,3395.89,CREDIT,APOLLO,UPI223800,WALLET
SYNTH-BANK-000566,2026-06-09 03:42:00,1444.23,CREDIT,UBER,UPI230827,CARD
SYNTH-BANK-000567,2026-07-12 09:51:00,905.95,CREDIT,Nykaa E-Retail,UPI856849,CARD
SYNTH-BANK-000568,2026-06-18 19:49:00,3821.56,CREDIT,Apollo Pharmacy Ltd,UPI357465,UPI
SYNTH-BANK-000569,2026-07-12 15:54:00,333.21,CREDIT,BIGBASKET INDIA,UPI942045,UPI
SYNTH-BANK-000570,2026-06-26 06:11:00,343.78,CREDIT,DECATHLON,UPI170893,UPI
SYNTH-BANK-000571,2026-07-29 02:02:00,747.11,CREDIT,NYKAA,UPI135947,NETBANKING
SYNTH-BANK-000572,2026-07-17 23:16:00,826.78,CREDIT,Swiggy India,UPI678452,UPI
SYNTH-BANK-000573,2026-07-26 16:39:00,462.29,CREDIT,RELIANCE DIGITAL,UPI564023,WALLET
SYNTH-BANK-000574,2026-06-17 23:38:00,1506.23,CREDIT,METRO CASH & CARRY,UPI481614,NETBANKING
SYNTH-BANK-000575,2026-06-05 13:28:00,2400.91,DEBIT,Flipkart Internet,UPI230140,CARD
SYNTH-BANK-000576,2026-06-09 11:19:00,437.97,CREDIT,Croma Electronics,UPI173298,NETBANKING
SYNTH-BANK-000577,2026-07-01 04:57:00,594.57,CREDIT,OLA,UPI350243,NETBANKING
SYNTH-BANK-000578,2026-05-16 06:17:00,1589.87,CREDIT,BOOKMYSHOW,UPI658100,WALLET
SYNTH-BANK-000579,2026-05-16 01:52:00,4716.09,DEBIT,METRO CASH & CARRY,UPI200369,UPI
SYNTH-BANK-000580,2026-06-07 11:35:00,4564.19,CREDIT,FLIPKART,UPI834464,CARD
SYNTH-BANK-000581,2026-06-17 10:44:00,2062.61,CREDIT,APOLLO PHARMACY,UPI923138,UPI
SYNTH-BANK-000582,2026-07-28 01:47:00,345.63,DEBIT,DOMINOS,UPI847388,WALLET
SYNTH-BANK-000583,2026-06-16 11:13:00,684.38,CREDIT,Apollo Pharmacy Ltd,UPI228212,UPI
SYNTH-BANK-000584,2026-06-17 11:02:00,167.54,CREDIT,Urban Company India,UPI134304,CARD
SYNTH-BANK-000585,2026-05-13 09:21:00,1623.94,CREDIT,Flipkart Internet,UPI761269,NETBANKING
SYNTH-BANK-000586,2026-07-08 15:02:00,998.2,CREDIT,DOMINOS INDIA,UPI734385,NETBANKING
SYNTH-BANK-000587,2026-06-30 12:56:00,1144.78,CREDIT,FLIPKART PAY,UPI723331,NETBANKING
SYNTH-BANK-000588,2026-06-16 09:25:00,2463.11,DEBIT,BIGBASKET,UPI355167,CARD
SYNTH-BANK-000589,2026-05-17 09:39:00,990.5,CREDIT,UBER INDIA,UPI374419,NETBANKING
SYNTH-BANK-000590,2026-06-29 19:35:00,516.03,DEBIT,IRCTC E-TICKETING,UPI257418,CARD
SYNTH-BANK-000591,2026-05-07 05:53:00,3510.1,CREDIT,Amazon India,UPI286617,WALLET
SYNTH-BANK-000592,2026-07-14 22:52:00,944.89,CREDIT,URBAN COMPANY,UPI811820,UPI
SYNTH-BANK-000593,2026-07-03 15:56:00,4807.46,CREDIT,IRCTC RAIL,UPI132422,CARD
SYNTH-BANK-000594,2026-06-01 05:12:00,9364.72,CREDIT,IRCTC,UPI423914,CARD
SYNTH-BANK-000595,2026-05-18 02:01:00,687.85,CREDIT,METRO CASH & CARRY,UPI848236,UPI
SYNTH-BANK-000596,2026-05-30 08:26:00,506.85,DEBIT,BMS,UPI288784,WALLET
SYNTH-BANK-000597,2026-05-27 22:54:00,482.55,DEBIT,METRO CASH & CARRY,UPI775787,UPI
SYNTH-BANK-000598,2026-05-05 13:25:00,528.83,DEBIT,Uber Technologies,UPI634005,WALLET
SYNTH-BANK-DUP-000599,2026-05-10 21:57:00,1830.27,CREDIT,ZOMATO*BANGALORE,UPI216511,WALLET
SYNTH-BANK-000599,2026-05-10 21:57:00,1830.27,CREDIT,ZOMATO*BANGALORE,UPI216511,WALLET
SYNTH-BANK-000600,2026-07-29 12:04:00,483.55,CREDIT,Reliance Retail Ltd,UPI346463,UPI
SYNTH-BANK-000601,2026-06-30 02:44:00,516.82,CREDIT,MYNTRA,UPI242350,CARD
SYNTH-BANK-000602,2026-06-21 22:35:00,831.78,CREDIT,AMAZON,UPI230484,WALLET
SYNTH-BANK-000603,2026-05-08 05:56:00,680.85,CREDIT,Amazon India,UPI718408,UPI
SYNTH-BANK-000604,2026-06-03 20:30:00,696.23,CREDIT,NYKAA,UPI178605,NETBANKING
SYNTH-BANK-DUP-000605,2026-05-22 10:55:00,543.38,CREDIT,OLA,UPI220742,WALLET
SYNTH-BANK-000605,2026-05-22 10:55:00,543.38,CREDIT,OLA,UPI220742,WALLET
SYNTH-BANK-000606,2026-05-07 01:35:00,4597.42,DEBIT,DOMINO'S PIZZA,UPI991396,WALLET
SYNTH-BANK-000607,2026-06-08 10:51:00,1972.33,CREDIT,Amazon India,UPI318087,CARD
SYNTH-BANK-000608,2026-05-09 22:42:00,7516.19,CREDIT,URBAN COMPANY,UPI218793,CARD
SYNTH-BANK-000609,2026-05-25 10:51:00,3309.4,CREDIT,DOMINOS INDIA,UPI421403,CARD
SYNTH-BANK-000610,2026-06-18 19:55:00,224.17,CREDIT,BIGBASKET,UPI467519,UPI
SYNTH-BANK-000612,2026-05-05 05:53:00,525.24,CREDIT,DOMINOS,UPI683661,CARD
SYNTH-BANK-000613,2026-07-27 02:04:00,413.13,CREDIT,URBAN COMPANY,UPI178963,NETBANKING
SYNTH-BANK-000614,2026-05-18 18:42:00,2114.38,DEBIT,FLIPKART,UPI328599,WALLET
SYNTH-BANK-000615,2026-07-03 04:04:00,2950.93,DEBIT,SWIGGY,UPI696628,CARD
SYNTH-BANK-000616,2026-06-16 08:29:00,1308.27,CREDIT,FLIPKART PAY,UPI830764,UPI
SYNTH-BANK-000617,2026-06-05 17:17:00,2033.16,DEBIT,ZOMATO,UPI579266,UPI
SYNTH-BANK-000618,2026-07-20 22:48:00,1151.12,CREDIT,CROMA,UPI498150,CARD
SYNTH-BANK-000619,2026-07-23 14:14:00,1141.88,CREDIT,Uber Technologies,UPI407672,NETBANKING
SYNTH-BANK-000620,2026-06-03 09:07:00,267.19,DEBIT,APOLLO,UPI262796,NETBANKING
SYNTH-BANK-000621,2026-06-19 14:52:00,644.46,DEBIT,RELIANCE RETAIL,UPI385049,CARD
SYNTH-BANK-000622,2026-05-29 08:02:00,1002.72,DEBIT,RELIANCE DIGITAL,UPI958077,UPI
SYNTH-BANK-000623,2026-07-27 09:19:00,754.86,CREDIT,Ola Mobility,UPI287627,WALLET
SYNTH-BANK-000624,2026-06-29 11:51:00,4297.0,DEBIT,NYKAA,UPI353183,NETBANKING
SYNTH-BANK-000625,2026-07-09 14:35:00,991.98,CREDIT,DOMINOS INDIA,UPI453571,NETBANKING
SYNTH-BANK-000626,2026-05-17 02:36:00,1534.0,CREDIT,DECATHLON INDIA,UPI493608,CARD
SYNTH-BANK-000627,2026-05-06 15:15:00,752.63,CREDIT,DOMINOS,UPI240616,WALLET
SYNTH-BANK-000628,2026-05-26 01:16:00,607.3,CREDIT,Big Basket,UPI892454,CARD
SYNTH-BANK-000629,2026-05-03 09:17:00,1884.65,CREDIT,ZOMATO*BANGALORE,UPI655320,WALLET
SYNTH-BANK-000631,2026-05-19 09:39:00,1473.02,CREDIT,Big Basket,UPI390886,CARD
SYNTH-BANK-000632,2026-06-16 12:54:00,945.35,CREDIT,AMAZON PAY,UPI914672,NETBANKING
SYNTH-BANK-000634,2026-05-05 21:21:00,1364.16,CREDIT,Myntra Designs,UPI755085,UPI
SYNTH-BANK-DUP-000635,2026-05-30 07:42:00,943.26,CREDIT,BMS,UPI405645,CARD
SYNTH-BANK-000635,2026-05-30 07:42:00,943.26,CREDIT,BMS,UPI405645,CARD
SYNTH-BANK-000636,2026-05-30 00:11:00,433.82,DEBIT,BOOKMYSHOW.COM,UPI341087,NETBANKING
SYNTH-BANK-000637,2026-05-29 23:50:00,740.41,DEBIT,BOOKMYSHOW,UPI636042,UPI
SYNTH-BANK-000638,2026-06-08 09:25:00,848.82,CREDIT,NYKAA,UPI996853,CARD
SYNTH-BANK-000639,2026-06-13 12:13:00,1354.68,DEBIT,BIGBASKET INDIA,UPI803317,NETBANKING
SYNTH-BANK-000640,2026-05-14 02:36:00,1285.89,CREDIT,DOMINO'S PIZZA,UPI559292,NETBANKING
SYNTH-BANK-000641,2026-06-15 15:34:00,582.95,DEBIT,Myntra Designs,UPI671222,WALLET
SYNTH-BANK-000642,2026-07-12 00:09:00,1256.19,CREDIT,FLIPKART PAY,UPI130135,WALLET
SYNTH-BANK-000643,2026-05-24 08:15:00,799.41,CREDIT,BOOKMYSHOW.COM,UPI169676,NETBANKING
SYNTH-BANK-000644,2026-06-14 13:48:00,2297.18,CREDIT,ZOMATO*BANGALORE,UPI584046,CARD
SYNTH-BANK-000645,2026-06-22 15:40:00,1114.61,DEBIT,UBER,UPI133204,NETBANKING
SYNTH-BANK-000646,2026-05-22 03:09:00,1374.92,CREDIT,DECATHLON INDIA,UPI286635,CARD
SYNTH-BANK-000647,2026-07-17 18:36:00,1118.31,CREDIT,APOLLO PHARMACY,UPI741753,WALLET
SYNTH-BANK-000648,2026-06-06 06:11:00,3470.36,DEBIT,Big Basket,UPI582837,NETBANKING
SYNTH-BANK-000649,2026-07-03 23:46:00,836.64,DEBIT,NYKAA.COM,UPI215725,WALLET
SYNTH-BANK-000651,2026-07-05 16:37:00,1182.35,CREDIT,Uber Technologies,UPI412419,WALLET
SYNTH-BANK-000652,2026-07-27 14:34:00,6617.55,CREDIT,IRCTC RAIL,UPI826150,UPI
SYNTH-BANK-000653,2026-05-07 15:21:00,1815.37,DEBIT,ZOMATO,UPI995103,UPI
SYNTH-BANK-000654,2026-07-21 12:57:00,1017.73,CREDIT,DECATHLON,UPI351815,CARD
SYNTH-BANK-000655,2026-07-19 23:45:00,4807.28,CREDIT,UBER,UPI163538,CARD
SYNTH-BANK-000656,2026-05-09 18:09:00,3610.67,DEBIT,CROMA RETAIL,UPI652984,UPI
SYNTH-BANK-000657,2026-05-18 11:31:00,740.99,CREDIT,NYKAA.COM,UPI786092,WALLET
SYNTH-BANK-000658,2026-05-07 07:35:00,2492.57,CREDIT,SWIGGY*BLR,UPI504418,WALLET
SYNTH-BANK-000659,2026-05-18 01:43:00,2078.82,DEBIT,SWIGGY*BLR,UPI330178,NETBANKING
SYNTH-BANK-000660,2026-05-17 17:32:00,1123.15,CREDIT,RELIANCE RETAIL,UPI549318,WALLET
SYNTH-BANK-000661,2026-06-21 08:10:00,2573.34,CREDIT,FLIPKART,UPI885474,CARD
SYNTH-BANK-000662,2026-06-07 06:17:00,544.84,CREDIT,BMS,UPI330202,NETBANKING
SYNTH-BANK-000663,2026-06-06 03:27:00,562.96,CREDIT,Myntra Designs,UPI795696,UPI
SYNTH-BANK-DUP-000664,2026-06-04 23:06:00,1024.28,CREDIT,DOMINO'S PIZZA,UPI671831,CARD
SYNTH-BANK-000664,2026-06-04 23:06:00,1024.28,CREDIT,DOMINO'S PIZZA,UPI671831,CARD
SYNTH-BANK-000665,2026-07-28 18:04:00,301.66,CREDIT,Big Basket,UPI845309,UPI
SYNTH-BANK-000666,2026-07-04 23:53:00,327.05,CREDIT,ZOMATO,UPI978659,WALLET
SYNTH-BANK-000667,2026-05-26 01:50:00,717.77,CREDIT,DOMINOS INDIA,UPI406232,WALLET
SYNTH-BANK-000668,2026-06-18 03:26:00,2642.27,CREDIT,SWIGGY*BLR,UPI604474,CARD
SYNTH-BANK-000669,2026-07-23 19:27:00,437.45,DEBIT,Nykaa E-Retail,UPI351108,NETBANKING
SYNTH-BANK-000670,2026-05-26 20:34:00,556.62,CREDIT,FLIPKART PAY,UPI387644,UPI
SYNTH-BANK-000671,2026-07-13 18:29:00,1891.96,DEBIT,BMS,UPI556359,WALLET
SYNTH-BANK-000672,2026-05-12 20:20:00,537.48,CREDIT,ZOMATO,UPI826229,NETBANKING
SYNTH-BANK-000673,2026-05-05 03:51:00,248.43,CREDIT,ZOMATO,UPI628756,NETBANKING
SYNTH-BANK-000674,2026-07-28 07:22:00,7022.98,CREDIT,BMS,UPI419827,CARD
SYNTH-BANK-000675,2026-07-21 01:40:00,910.85,CREDIT,DOMINOS,UPI620905,NETBANKING
SYNTH-BANK-000676,2026-06-24 19:15:00,2222.82,CREDIT,BIGBASKET INDIA,UPI275737,WALLET
SYNTH-BANK-000677,2026-06-23 11:10:00,637.61,CREDIT,IRCTC E-TICKETING,UPI286232,WALLET
SYNTH-BANK-000678,2026-07-30 03:30:00,654.09,CREDIT,Uber Technologies,UPI579736,UPI
SYNTH-BANK-000679,2026-07-04 14:56:00,3402.44,CREDIT,URBAN COMPANY,UPI282580,UPI
SYNTH-BANK-000680,2026-05-17 12:57:00,927.44,CREDIT,BIGBASKET,UPI409831,NETBANKING
SYNTH-BANK-000681,2026-06-17 04:58:00,1086.01,DEBIT,DOMINO'S PIZZA,UPI352815,UPI
SYNTH-BANK-000682,2026-06-10 07:30:00,1716.66,DEBIT,Myntra Designs,UPI941280,WALLET
SYNTH-BANK-000683,2026-06-06 02:25:00,4053.38,CREDIT,Urban Company India,UPI137210,WALLET
SYNTH-BANK-000684,2026-07-13 22:23:00,1642.83,CREDIT,Ola Mobility,UPI281396,WALLET
SYNTH-BANK-000685,2026-06-04 07:40:00,2365.55,CREDIT,RELIANCE RETAIL,UPI856050,UPI
SYNTH-BANK-000686,2026-07-24 22:47:00,3449.19,DEBIT,MYNTRA,UPI710973,WALLET
SYNTH-BANK-000687,2026-05-03 00:22:00,1421.77,CREDIT,Uber Technologies,UPI624458,WALLET
SYNTH-BANK-000688,2026-05-02 23:36:00,517.59,CREDIT,URBAN COMPANY,UPI212149,UPI
SYNTH-BANK-000689,2026-07-06 02:15:00,1417.54,DEBIT,RELIANCE DIGITAL,UPI755106,NETBANKING
SYNTH-BANK-000690,2026-06-10 07:33:00,749.63,CREDIT,FLIPKART,UPI849086,UPI
SYNTH-BANK-000691,2026-06-29 09:51:00,1723.08,CREDIT,DECATHLON INDIA,UPI872877,WALLET
SYNTH-BANK-000692,2026-07-03 08:10:00,2774.59,CREDIT,SWIGGY,UPI537541,NETBANKING
SYNTH-BANK-000693,2026-06-19 03:23:00,2777.74,DEBIT,Amazon India,UPI637565,NETBANKING
SYNTH-BANK-000694,2026-07-10 14:56:00,838.72,CREDIT,Swiggy India,UPI629893,WALLET
SYNTH-BANK-000696,2026-05-20 07:20:00,4784.63,CREDIT,METRO RETAIL,UPI252727,WALLET
SYNTH-BANK-000697,2026-07-21 00:58:00,1002.7,CREDIT,UBER INDIA,UPI369251,NETBANKING
SYNTH-BANK-000698,2026-05-10 21:29:00,2183.03,CREDIT,NYKAA,UPI857816,UPI
SYNTH-BANK-000699,2026-05-15 06:09:00,702.38,CREDIT,DECATHLON INDIA,UPI209878,WALLET
SYNTH-BANK-000700,2026-05-23 16:03:00,368.59,CREDIT,NYKAA,UPI688055,NETBANKING
SYNTH-BANK-000701,2026-05-17 14:32:00,1683.1,DEBIT,BIGBASKET INDIA,UPI712369,WALLET
SYNTH-BANK-DUP-000702,2026-06-16 05:22:00,860.53,CREDIT,BOOKMYSHOW.COM,UPI117480,UPI
SYNTH-BANK-000702,2026-06-16 05:22:00,860.53,CREDIT,BOOKMYSHOW.COM,UPI117480,UPI
SYNTH-BANK-000704,2026-07-08 10:33:00,5760.78,CREDIT,DOMINO'S PIZZA,UPI247086,WALLET
SYNTH-BANK-000705,2026-07-07 04:46:00,1234.58,DEBIT,Decathlon Sports,UPI959510,CARD
SYNTH-BANK-000706,2026-05-27 11:15:00,1153.57,CREDIT,APOLLO,UPI102011,CARD
SYNTH-BANK-000707,2026-05-17 14:28:00,11590.17,CREDIT,APOLLO PHARMACY,UPI328954,WALLET
SYNTH-BANK-000708,2026-06-21 13:53:00,595.95,CREDIT,Reliance Retail Ltd,UPI224294,WALLET
SYNTH-BANK-000709,2026-05-29 02:33:00,1837.91,CREDIT,Big Basket,UPI771566,WALLET
SYNTH-BANK-000710,2026-06-21 10:29:00,3776.29,CREDIT,DOMINO'S PIZZA,UPI378599,UPI
SYNTH-BANK-000711,2026-06-11 12:32:00,842.93,DEBIT,BMS,UPI136782,CARD
SYNTH-BANK-000712,2026-07-22 10:53:00,2783.36,CREDIT,IRCTC,UPI544855,WALLET
SYNTH-BANK-000713,2026-07-06 09:51:00,613.86,DEBIT,BOOKMYSHOW.COM,UPI118232,NETBANKING
SYNTH-BANK-000714,2026-06-29 04:21:00,1033.13,CREDIT,AMAZON PAY,UPI712252,WALLET
SYNTH-BANK-000715,2026-05-29 03:06:00,683.38,CREDIT,RELIANCE RETAIL,UPI140447,NETBANKING
SYNTH-BANK-000716,2026-06-02 14:50:00,5198.35,CREDIT,Uber Technologies,UPI394453,WALLET
SYNTH-BANK-DUP-000717,2026-05-14 23:49:00,767.24,DEBIT,AMAZON PAY,UPI906006,WALLET
SYNTH-BANK-000717,2026-05-14 23:49:00,767.24,DEBIT,AMAZON PAY,UPI906006,WALLET
SYNTH-BANK-000718,2026-05-09 18:58:00,1049.12,CREDIT,DOMINOS INDIA,UPI915054,WALLET
SYNTH-BANK-000719,2026-05-05 00:28:00,770.98,CREDIT,Zomato Ltd,UPI908978,UPI
SYNTH-BANK-000720,2026-06-08 12:21:00,385.58,CREDIT,BIGBASKET INDIA,UPI973121,NETBANKING
SYNTH-BANK-DUP-000721,2026-07-11 12:17:00,5159.78,CREDIT,ZOMATO*BANGALORE,UPI394617,WALLET
SYNTH-BANK-000721,2026-07-11 12:17:00,5159.78,CREDIT,ZOMATO*BANGALORE,UPI394617,WALLET
SYNTH-BANK-000722,2026-05-17 09:52:00,2062.72,CREDIT,DECATHLON,UPI200889,UPI
SYNTH-BANK-000723,2026-06-17 14:49:00,353.66,CREDIT,MYNTRA,UPI105434,CARD
SYNTH-BANK-000724,2026-06-02 13:24:00,535.67,CREDIT,URBANCLAP,UPI297193,WALLET
SYNTH-BANK-000725,2026-06-10 12:17:00,847.06,CREDIT,METRO RETAIL,UPI116966,NETBANKING
SYNTH-BANK-000726,2026-06-11 19:27:00,846.31,CREDIT,NYKAA,UPI874166,NETBANKING
SYNTH-BANK-000727,2026-05-12 13:02:00,804.43,CREDIT,AMAZON,UPI389260,CARD
SYNTH-BANK-000728,2026-07-19 08:14:00,3502.84,CREDIT,RELIANCE DIGITAL,UPI681529,WALLET
SYNTH-BANK-000729,2026-07-18 04:49:00,1060.44,CREDIT,METRO CASH & CARRY,UPI368687,NETBANKING
SYNTH-BANK-000730,2026-06-19 06:48:00,1580.3,DEBIT,Flipkart Internet,UPI472419,WALLET
SYNTH-BANK-000731,2026-05-04 02:48:00,413.14,CREDIT,AMAZON PAY,UPI602097,UPI
SYNTH-BANK-000732,2026-07-29 19:50:00,1363.85,CREDIT,FLIPKART,UPI595682,NETBANKING
SYNTH-BANK-000734,2026-06-08 01:44:00,1374.12,CREDIT,BIGBASKET INDIA,UPI879117,CARD
SYNTH-BANK-000735,2026-05-05 18:07:00,2216.38,CREDIT,OLA CABS,UPI229957,WALLET
SYNTH-BANK-000736,2026-07-03 19:55:00,1167.02,DEBIT,Big Basket,UPI982010,CARD
SYNTH-BANK-000737,2026-05-21 02:26:00,1649.56,CREDIT,DECATHLON INDIA,UPI163440,UPI
SYNTH-BANK-000738,2026-07-01 04:37:00,674.25,DEBIT,BOOKMYSHOW.COM,UPI566368,WALLET
SYNTH-BANK-000739,2026-06-03 10:57:00,7646.27,CREDIT,SWIGGY*BLR,UPI733362,CARD
SYNTH-BANK-000740,2026-05-26 01:21:00,1406.93,CREDIT,MYNTRA PAY,UPI984100,UPI
SYNTH-BANK-000741,2026-06-27 09:36:00,2514.19,CREDIT,FLIPKART PAY,UPI598385,CARD
SYNTH-BANK-000742,2026-07-19 05:54:00,7406.24,DEBIT,APOLLO PHARMACY,UPI857822,WALLET
SYNTH-BANK-000743,2026-07-22 21:42:00,2333.67,CREDIT,MYNTRA PAY,UPI171162,WALLET
SYNTH-BANK-000745,2026-06-19 03:50:00,1162.86,DEBIT,DOMINOS INDIA,UPI792154,UPI
SYNTH-BANK-000746,2026-06-28 07:31:00,741.97,CREDIT,URBANCLAP,UPI973938,CARD
SYNTH-BANK-000747,2026-06-06 16:46:00,4490.58,CREDIT,Reliance Retail Ltd,UPI290205,UPI
SYNTH-BANK-000748,2026-05-17 17:43:00,1529.47,CREDIT,UBER INDIA,UPI404818,UPI
SYNTH-BANK-000749,2026-06-03 09:45:00,824.61,CREDIT,RELIANCE RETAIL,UPI686528,CARD
SYNTH-BANK-000750,2026-07-17 12:27:00,2181.54,DEBIT,Uber Technologies,UPI237609,WALLET
SYNTH-BANK-000751,2026-05-07 23:45:00,603.21,CREDIT,Uber Technologies,UPI707652,WALLET
SYNTH-BANK-000752,2026-06-22 18:36:00,3115.85,CREDIT,OLA CABS,UPI222424,CARD
SYNTH-BANK-000753,2026-05-26 20:47:00,2201.55,CREDIT,OLA CABS,UPI293821,NETBANKING
SYNTH-BANK-000754,2026-07-21 08:08:00,543.43,CREDIT,OLA CABS,UPI260516,WALLET
SYNTH-BANK-000755,2026-05-15 00:31:00,492.54,CREDIT,Zomato Ltd,UPI502478,UPI
SYNTH-BANK-000756,2026-06-28 17:47:00,707.66,CREDIT,UBER,UPI159441,WALLET
SYNTH-BANK-000757,2026-07-28 13:03:00,389.91,CREDIT,METRO INDIA,UPI298834,WALLET
SYNTH-BANK-000758,2026-06-09 10:26:00,1503.59,DEBIT,Nykaa E-Retail,UPI135062,WALLET
SYNTH-BANK-000759,2026-07-23 00:44:00,1471.93,CREDIT,OLA,UPI280738,UPI
SYNTH-BANK-000760,2026-06-11 01:50:00,159.11,DEBIT,RELIANCE RETAIL,UPI213617,NETBANKING
SYNTH-BANK-000761,2026-07-19 18:18:00,2530.81,CREDIT,IRCTC E-TICKETING,UPI360097,CARD
SYNTH-BANK-000762,2026-06-07 01:42:00,4055.25,CREDIT,NYKAA.COM,UPI509291,UPI
SYNTH-BANK-000763,2026-06-07 03:23:00,467.47,DEBIT,Flipkart Internet,UPI723942,NETBANKING
SYNTH-BANK-000764,2026-06-10 18:55:00,1523.76,CREDIT,ZOMATO*BANGALORE,UPI375832,WALLET
SYNTH-BANK-000765,2026-07-01 09:33:00,119.74,CREDIT,BOOKMYSHOW.COM,UPI228054,UPI
SYNTH-BANK-000767,2026-05-31 22:37:00,1515.66,CREDIT,Myntra Designs,UPI763435,UPI
SYNTH-BANK-000768,2026-07-17 11:12:00,1575.02,CREDIT,FLIPKART,UPI756638,CARD
SYNTH-BANK-000769,2026-07-11 21:12:00,920.81,CREDIT,Urban Company India,UPI869073,WALLET
SYNTH-BANK-000770,2026-05-16 12:28:00,961.66,DEBIT,UBER,UPI530643,CARD
SYNTH-BANK-000771,2026-07-28 14:17:00,333.65,CREDIT,Urban Company India,UPI499929,NETBANKING
SYNTH-BANK-000772,2026-05-13 10:12:00,3825.71,CREDIT,IRCTC,UPI494937,NETBANKING
SYNTH-BANK-000773,2026-06-12 16:42:00,2117.34,CREDIT,RELIANCE DIGITAL,UPI814219,NETBANKING
SYNTH-BANK-000774,2026-06-09 22:54:00,2908.73,CREDIT,FLIPKART,UPI610235,WALLET
SYNTH-BANK-000775,2026-06-23 12:11:00,1152.31,CREDIT,MYNTRA PAY,UPI267693,CARD
SYNTH-BANK-000776,2026-07-27 08:42:00,3174.39,CREDIT,UBER,UPI651200,CARD
SYNTH-BANK-000777,2026-07-12 18:14:00,5341.79,CREDIT,APOLLO PHARMACY,UPI244888,WALLET
SYNTH-BANK-000778,2026-05-12 12:52:00,145.59,DEBIT,Uber Technologies,UPI408935,NETBANKING
SYNTH-BANK-000779,2026-07-07 12:14:00,523.53,CREDIT,DECATHLON INDIA,UPI363092,WALLET
SYNTH-BANK-DUP-000780,2026-05-02 23:15:00,1605.98,CREDIT,AMAZON PAY,UPI303073,NETBANKING
SYNTH-BANK-000780,2026-05-02 23:15:00,1605.98,CREDIT,AMAZON PAY,UPI303073,NETBANKING
SYNTH-BANK-000781,2026-05-07 19:37:00,710.8,CREDIT,URBANCLAP,UPI624294,WALLET
SYNTH-BANK-000782,2026-07-18 13:47:00,612.62,CREDIT,SWIGGY*BLR,UPI323568,UPI
SYNTH-BANK-000783,2026-05-18 21:19:00,548.48,CREDIT,Croma Electronics,UPI534283,NETBANKING
SYNTH-BANK-000784,2026-06-07 17:39:00,757.42,DEBIT,IRCTC E-TICKETING,UPI390129,CARD
SYNTH-BANK-000785,2026-07-18 00:11:00,641.33,CREDIT,BOOKMYSHOW.COM,UPI553380,NETBANKING
SYNTH-BANK-000787,2026-06-19 17:34:00,857.51,CREDIT,Nykaa E-Retail,UPI738470,UPI
SYNTH-BANK-000788,2026-05-02 21:16:00,1265.15,CREDIT,FLIPKART PAY,UPI501922,WALLET
SYNTH-BANK-000789,2026-06-12 12:04:00,917.01,CREDIT,FLIPKART,UPI173727,WALLET
SYNTH-BANK-000790,2026-05-29 03:36:00,2331.67,CREDIT,Swiggy India,UPI458023,CARD
SYNTH-BANK-000791,2026-07-25 21:11:00,665.03,DEBIT,Uber Technologies,UPI881214,NETBANKING
SYNTH-BANK-000792,2026-05-13 16:43:00,1823.92,CREDIT,MYNTRA,UPI716095,NETBANKING
SYNTH-BANK-000793,2026-05-26 01:20:00,1598.18,CREDIT,AMAZON PAY,UPI999284,CARD
SYNTH-BANK-000794,2026-07-01 12:01:00,1294.34,CREDIT,DOMINOS INDIA,UPI858383,NETBANKING
SYNTH-BANK-000795,2026-05-20 03:51:00,705.11,DEBIT,Big Basket,UPI970892,UPI
SYNTH-BANK-000796,2026-07-06 01:36:00,2753.0,CREDIT,FLIPKART,UPI635231,CARD
SYNTH-BANK-000797,2026-05-19 21:40:00,1095.87,DEBIT,AMAZON,UPI712869,CARD
SYNTH-BANK-000798,2026-06-08 21:32:00,2695.72,CREDIT,CROMA,UPI999962,UPI
SYNTH-BANK-000799,2026-06-02 14:40:00,1467.54,CREDIT,APOLLO PHARMACY,UPI743096,WALLET
SYNTH-BANK-000800,2026-07-03 17:42:00,1647.01,CREDIT,UBER INDIA,UPI854434,UPI
SYNTH-BANK-000801,2026-07-16 02:53:00,787.92,CREDIT,DOMINOS,UPI808133,UPI
SYNTH-BANK-000802,2026-05-05 00:40:00,4094.48,CREDIT,Apollo Pharmacy Ltd,UPI714060,NETBANKING
SYNTH-BANK-000803,2026-07-14 18:20:00,1347.72,CREDIT,DOMINOS,UPI839931,CARD
SYNTH-BANK-000804,2026-07-19 11:29:00,918.39,CREDIT,METRO INDIA,UPI721715,UPI
SYNTH-BANK-000805,2026-05-01 22:16:00,1531.06,CREDIT,OLA CABS,UPI371315,NETBANKING
SYNTH-BANK-000806,2026-05-13 16:03:00,6447.55,DEBIT,BMS,UPI166627,CARD
SYNTH-BANK-000807,2026-07-18 01:52:00,2356.53,CREDIT,CROMA,UPI178071,UPI
SYNTH-BANK-000808,2026-06-25 14:17:00,1103.35,CREDIT,UBER,UPI120934,WALLET
SYNTH-BANK-DUP-000809,2026-07-20 03:13:00,1450.14,CREDIT,DECATHLON INDIA,UPI919435,CARD
SYNTH-BANK-000809,2026-07-20 03:13:00,1450.14,CREDIT,DECATHLON INDIA,UPI919435,CARD
SYNTH-BANK-000810,2026-06-24 08:56:00,323.33,CREDIT,MYNTRA PAY,UPI364037,UPI
SYNTH-BANK-000811,2026-06-27 13:19:00,410.74,CREDIT,IRCTC RAIL,UPI318850,NETBANKING
SYNTH-BANK-000812,2026-05-27 15:38:00,572.4,CREDIT,SWIGGY*BLR,UPI598977,NETBANKING
SYNTH-BANK-000813,2026-06-05 06:00:00,1504.06,CREDIT,METRO INDIA,UPI784326,CARD
SYNTH-BANK-000814,2026-07-03 11:36:00,2656.84,CREDIT,DOMINO'S PIZZA,UPI873864,UPI
SYNTH-BANK-000815,2026-07-02 22:16:00,164.42,CREDIT,Nykaa E-Retail,UPI525332,UPI
SYNTH-BANK-000816,2026-07-01 11:41:00,634.32,CREDIT,NYKAA.COM,UPI722793,UPI
SYNTH-BANK-000817,2026-06-15 22:46:00,924.07,CREDIT,Swiggy India,UPI669314,NETBANKING
SYNTH-BANK-000818,2026-05-17 13:33:00,1262.76,CREDIT,DOMINOS INDIA,UPI990700,WALLET
SYNTH-BANK-000819,2026-07-19 12:34:00,5302.73,CREDIT,IRCTC RAIL,UPI509829,CARD
SYNTH-BANK-000820,2026-05-21 02:11:00,1116.46,DEBIT,AMAZON,UPI519047,UPI
SYNTH-BANK-000821,2026-05-07 05:07:00,2263.59,DEBIT,MYNTRA,UPI833411,UPI
SYNTH-BANK-000822,2026-06-07 02:07:00,1630.42,CREDIT,DOMINOS INDIA,UPI614998,NETBANKING
SYNTH-BANK-000823,2026-05-18 11:30:00,443.09,CREDIT,METRO CASH & CARRY,UPI407217,WALLET
SYNTH-BANK-000824,2026-06-02 23:13:00,1142.21,CREDIT,DOMINOS,UPI358022,CARD
SYNTH-BANK-000825,2026-07-11 06:08:00,1184.41,CREDIT,AMAZON PAY,UPI681395,UPI
SYNTH-BANK-000826,2026-07-19 07:56:00,1074.5,CREDIT,BOOKMYSHOW,UPI751923,NETBANKING
SYNTH-BANK-000827,2026-07-17 15:01:00,724.76,DEBIT,AMAZON PAY,UPI940468,WALLET
SYNTH-BANK-000828,2026-07-12 10:27:00,736.76,DEBIT,BIGBASKET,UPI820319,CARD
SYNTH-BANK-000829,2026-06-29 12:43:00,290.82,DEBIT,DECATHLON,UPI722018,WALLET
SYNTH-BANK-000830,2026-05-22 18:53:00,652.87,CREDIT,Zomato Ltd,UPI489217,CARD
SYNTH-BANK-000831,2026-05-08 14:01:00,2952.45,CREDIT,SWIGGY*BLR,UPI424812,CARD
SYNTH-BANK-000832,2026-05-15 16:35:00,379.18,CREDIT,SWIGGY,UPI408543,WALLET
SYNTH-BANK-000833,2026-05-03 03:59:00,1925.68,CREDIT,METRO INDIA,UPI386425,NETBANKING
SYNTH-BANK-000834,2026-07-13 04:57:00,1031.93,DEBIT,URBAN COMPANY,UPI163720,NETBANKING
SYNTH-BANK-000835,2026-06-22 18:28:00,2977.65,CREDIT,FLIPKART,UPI791155,NETBANKING
SYNTH-BANK-000836,2026-05-11 00:20:00,362.53,CREDIT,MYNTRA PAY,UPI919596,UPI
SYNTH-BANK-000838,2026-05-19 14:16:00,6034.07,CREDIT,URBAN COMPANY,UPI927456,WALLET
SYNTH-BANK-000839,2026-07-17 07:40:00,435.38,CREDIT,OLA CABS,UPI386410,CARD
SYNTH-BANK-000840,2026-07-26 17:31:00,1851.73,CREDIT,FLIPKART PAY,UPI524033,UPI
SYNTH-BANK-000841,2026-05-21 00:12:00,1471.56,CREDIT,METRO RETAIL,UPI944782,UPI
SYNTH-BANK-000842,2026-06-29 05:13:00,1421.72,CREDIT,BIGBASKET,UPI796620,WALLET
SYNTH-BANK-000843,2026-06-06 15:07:00,1825.49,CREDIT,DOMINOS,UPI970795,CARD
SYNTH-BANK-000844,2026-07-08 07:45:00,632.04,CREDIT,IRCTC RAIL,UPI277269,WALLET
SYNTH-BANK-000845,2026-06-14 04:17:00,1512.03,DEBIT,APOLLO PHARMACY,UPI435075,WALLET
SYNTH-BANK-000846,2026-06-12 11:28:00,1376.46,CREDIT,Apollo Pharmacy Ltd,UPI666564,UPI
SYNTH-BANK-000847,2026-06-09 12:20:00,583.19,CREDIT,URBAN COMPANY,UPI199090,UPI
SYNTH-BANK-000848,2026-05-07 11:43:00,1568.32,CREDIT,BIGBASKET INDIA,UPI141781,UPI
SYNTH-BANK-000849,2026-05-19 05:02:00,328.09,DEBIT,AMAZON PAY,UPI956455,NETBANKING
SYNTH-BANK-000850,2026-05-23 01:00:00,931.66,CREDIT,APOLLO PHARMACY,UPI599959,WALLET
SYNTH-BANK-000851,2026-05-23 11:53:00,415.18,CREDIT,URBAN COMPANY,UPI828989,NETBANKING
SYNTH-BANK-000852,2026-06-27 23:20:00,2650.58,CREDIT,Reliance Retail Ltd,UPI982219,CARD
SYNTH-BANK-000853,2026-06-20 15:29:00,1794.18,CREDIT,Urban Company India,UPI150655,WALLET
SYNTH-BANK-000854,2026-07-28 12:24:00,2028.05,CREDIT,IRCTC,UPI642375,CARD
SYNTH-BANK-000855,2026-05-15 21:10:00,984.13,DEBIT,DECATHLON,UPI355318,CARD
SYNTH-BANK-000856,2026-05-05 02:56:00,1565.46,CREDIT,Urban Company India,UPI421739,UPI
SYNTH-BANK-000857,2026-05-27 20:44:00,644.01,CREDIT,SWIGGY*BLR,UPI637800,WALLET
SYNTH-BANK-000858,2026-06-06 05:42:00,1274.28,CREDIT,RELIANCE RETAIL,UPI539178,CARD
SYNTH-BANK-000859,2026-07-04 22:23:00,729.65,CREDIT,Big Basket,UPI423812,WALLET
SYNTH-BANK-000860,2026-05-08 15:37:00,1318.77,CREDIT,Uber Technologies,UPI472242,NETBANKING
SYNTH-BANK-000861,2026-07-15 02:26:00,1548.08,DEBIT,ZOMATO,UPI361423,WALLET
SYNTH-BANK-000862,2026-06-01 07:19:00,153.85,CREDIT,URBANCLAP,UPI113436,UPI
SYNTH-BANK-000863,2026-06-24 22:19:00,2793.78,CREDIT,FLIPKART PAY,UPI845130,CARD
SYNTH-BANK-000864,2026-05-27 21:14:00,332.43,DEBIT,DOMINOS,UPI296900,UPI
SYNTH-BANK-000865,2026-07-14 09:31:00,1475.58,DEBIT,UBER,UPI359273,NETBANKING
SYNTH-BANK-000867,2026-05-03 14:30:00,2692.39,DEBIT,CROMA RETAIL,UPI933751,CARD
SYNTH-BANK-000868,2026-06-07 00:16:00,614.33,CREDIT,BOOKMYSHOW,UPI555532,UPI
SYNTH-BANK-000869,2026-05-24 17:51:00,1654.81,CREDIT,FLIPKART,UPI598867,WALLET
SYNTH-BANK-000870,2026-06-09 22:16:00,1650.1,DEBIT,Apollo Pharmacy Ltd,UPI262034,UPI
SYNTH-BANK-000871,2026-05-17 03:24:00,462.6,CREDIT,URBAN COMPANY,UPI423988,WALLET
SYNTH-BANK-000872,2026-06-17 15:28:00,876.25,CREDIT,CROMA RETAIL,UPI149852,UPI
SYNTH-BANK-000873,2026-07-16 05:23:00,2327.7,CREDIT,Ola Mobility,UPI770434,NETBANKING
SYNTH-BANK-000874,2026-05-30 09:14:00,871.62,CREDIT,ZOMATO,UPI851449,NETBANKING
SYNTH-BANK-000875,2026-07-20 20:39:00,2227.5,CREDIT,Amazon India,UPI984063,CARD
SYNTH-BANK-000876,2026-05-10 12:40:00,1153.48,CREDIT,DOMINOS INDIA,UPI156486,UPI
SYNTH-BANK-000877,2026-06-23 10:23:00,672.97,DEBIT,RELIANCE DIGITAL,UPI537227,CARD
SYNTH-BANK-000878,2026-07-18 11:40:00,1591.02,DEBIT,DOMINO'S PIZZA,UPI473596,CARD
SYNTH-BANK-000879,2026-06-03 08:21:00,2363.57,CREDIT,CROMA,UPI854504,CARD
SYNTH-BANK-000880,2026-07-25 06:39:00,1341.1,CREDIT,SWIGGY,UPI142171,CARD
SYNTH-BANK-DUP-000881,2026-05-18 15:58:00,1184.04,CREDIT,BOOKMYSHOW.COM,UPI501335,NETBANKING
SYNTH-BANK-000881,2026-05-18 15:58:00,1184.04,CREDIT,BOOKMYSHOW.COM,UPI501335,NETBANKING
SYNTH-BANK-000882,2026-06-20 00:54:00,1231.37,CREDIT,Amazon India,UPI446420,NETBANKING
SYNTH-BANK-000883,2026-05-06 06:16:00,1018.82,CREDIT,SWIGGY,UPI506247,CARD
SYNTH-BANK-000884,2026-07-07 09:59:00,722.22,CREDIT,CROMA,UPI647574,UPI
SYNTH-BANK-000885,2026-07-01 02:50:00,5041.29,CREDIT,FLIPKART,UPI341555,WALLET
SYNTH-BANK-000887,2026-05-16 16:41:00,573.66,CREDIT,DOMINO'S PIZZA,UPI676887,UPI
SYNTH-BANK-000888,2026-05-31 10:08:00,3192.71,CREDIT,DECATHLON,UPI936895,NETBANKING
SYNTH-BANK-000889,2026-06-10 23:34:00,5501.94,DEBIT,OLA CABS,UPI387898,NETBANKING
SYNTH-BANK-000890,2026-06-10 18:15:00,1198.95,CREDIT,UBER,UPI402348,CARD
SYNTH-BANK-000891,2026-05-12 09:58:00,6795.05,CREDIT,RELIANCE DIGITAL,UPI886458,WALLET
SYNTH-BANK-000893,2026-05-01 18:36:00,650.45,CREDIT,DOMINOS,UPI977487,WALLET
SYNTH-BANK-000894,2026-05-19 20:21:00,1042.19,CREDIT,METRO RETAIL,UPI465349,UPI
SYNTH-BANK-000895,2026-07-05 20:27:00,4125.52,CREDIT,URBANCLAP,UPI265725,WALLET
SYNTH-BANK-000897,2026-07-29 04:27:00,938.26,CREDIT,OLA,UPI514684,NETBANKING
SYNTH-BANK-000898,2026-06-19 20:58:00,1719.79,CREDIT,BIGBASKET,UPI192645,NETBANKING
SYNTH-BANK-000899,2026-05-06 23:13:00,594.45,DEBIT,NYKAA.COM,UPI628367,NETBANKING
SYNTH-BANK-000900,2026-06-24 13:30:00,800.66,CREDIT,BIGBASKET,UPI567764,UPI
SYNTH-BANK-000901,2026-05-31 02:15:00,1705.7,DEBIT,Big Basket,UPI626561,UPI
SYNTH-BANK-000902,2026-06-03 12:53:00,2695.44,DEBIT,DOMINO'S PIZZA,UPI215362,CARD
SYNTH-BANK-000903,2026-06-13 00:41:00,1201.94,DEBIT,BIGBASKET INDIA,UPI960704,NETBANKING
SYNTH-BANK-000904,2026-07-17 17:58:00,1242.71,CREDIT,Urban Company India,UPI936121,UPI
SYNTH-BANK-000905,2026-06-21 09:28:00,1739.36,CREDIT,Urban Company India,UPI758253,CARD
SYNTH-BANK-000906,2026-05-17 13:32:00,395.41,CREDIT,BOOKMYSHOW.COM,UPI440538,NETBANKING
SYNTH-BANK-000907,2026-07-11 00:31:00,710.59,CREDIT,NYKAA,UPI765880,UPI
SYNTH-BANK-000908,2026-06-10 17:27:00,6399.12,CREDIT,BIGBASKET INDIA,UPI947791,CARD
SYNTH-BANK-000909,2026-05-26 18:00:00,5624.58,CREDIT,METRO CASH & CARRY,UPI992257,UPI
SYNTH-BANK-000910,2026-05-09 16:55:00,325.21,DEBIT,BOOKMYSHOW,UPI575662,NETBANKING
SYNTH-BANK-000911,2026-06-02 17:38:00,11353.21,CREDIT,OLA CABS,UPI669005,UPI
SYNTH-BANK-000912,2026-06-04 13:13:00,1198.59,CREDIT,Uber Technologies,UPI482873,CARD
SYNTH-BANK-DUP-000913,2026-05-13 10:35:00,1760.98,DEBIT,METRO CASH & CARRY,UPI456452,UPI
SYNTH-BANK-000913,2026-05-13 10:35:00,1760.98,DEBIT,METRO CASH & CARRY,UPI456452,UPI
SYNTH-BANK-000914,2026-06-06 23:52:00,3461.76,CREDIT,DOMINOS INDIA,UPI814993,UPI
SYNTH-BANK-DUP-000915,2026-06-01 22:44:00,1017.75,CREDIT,RELIANCE DIGITAL,UPI137037,CARD
SYNTH-BANK-000915,2026-06-01 22:44:00,1017.75,CREDIT,RELIANCE DIGITAL,UPI137037,CARD
SYNTH-BANK-000916,2026-06-24 13:54:00,594.83,CREDIT,Decathlon Sports,UPI231856,WALLET
SYNTH-BANK-000917,2026-05-24 22:45:00,566.62,CREDIT,APOLLO PHARMACY,UPI768311,NETBANKING
SYNTH-BANK-000918,2026-06-02 13:52:00,2090.68,CREDIT,OLA CABS,UPI342396,NETBANKING
SYNTH-BANK-000920,2026-06-22 19:02:00,1884.16,CREDIT,SWIGGY*BLR,UPI728535,WALLET
SYNTH-BANK-000921,2026-07-07 18:16:00,1610.22,CREDIT,ZOMATO,UPI528832,NETBANKING
SYNTH-BANK-000922,2026-06-18 02:32:00,1580.4,DEBIT,BIGBASKET INDIA,UPI691980,UPI
SYNTH-BANK-000923,2026-07-23 22:08:00,799.43,CREDIT,UBER INDIA,UPI358555,UPI
SYNTH-BANK-000924,2026-05-04 04:22:00,1543.74,DEBIT,URBANCLAP,UPI169539,CARD
SYNTH-BANK-000925,2026-07-19 23:30:00,710.53,DEBIT,Amazon India,UPI139346,NETBANKING
SYNTH-BANK-000926,2026-06-24 00:30:00,13643.54,CREDIT,Swiggy India,UPI230803,CARD
SYNTH-BANK-000927,2026-06-28 21:27:00,1115.75,DEBIT,AMAZON PAY,UPI245546,NETBANKING
SYNTH-BANK-000928,2026-05-19 12:52:00,467.94,DEBIT,SWIGGY,UPI297204,WALLET
SYNTH-BANK-000929,2026-05-18 09:07:00,1435.75,CREDIT,DECATHLON,UPI278319,WALLET
SYNTH-BANK-000930,2026-05-27 09:13:00,573.4,CREDIT,DOMINO'S PIZZA,UPI937162,WALLET
SYNTH-BANK-000931,2026-07-28 10:16:00,2091.34,CREDIT,NYKAA.COM,UPI378185,CARD
SYNTH-BANK-000932,2026-06-04 00:48:00,1868.35,CREDIT,CROMA,UPI719052,UPI
SYNTH-BANK-000933,2026-06-26 14:28:00,842.96,CREDIT,Swiggy India,UPI445786,NETBANKING
SYNTH-BANK-DUP-000934,2026-07-06 00:23:00,1599.15,CREDIT,AMAZON PAY,UPI552201,CARD
SYNTH-BANK-000934,2026-07-06 00:23:00,1599.15,CREDIT,AMAZON PAY,UPI552201,CARD
SYNTH-BANK-DUP-000935,2026-07-21 04:19:00,1594.93,CREDIT,Ola Mobility,UPI340883,UPI
SYNTH-BANK-000935,2026-07-21 04:19:00,1594.93,CREDIT,Ola Mobility,UPI340883,UPI
SYNTH-BANK-000936,2026-05-18 08:39:00,2405.5,CREDIT,AMAZON PAY,UPI400660,WALLET
SYNTH-BANK-000937,2026-06-11 10:01:00,7410.71,CREDIT,Swiggy India,UPI232977,CARD
SYNTH-BANK-000938,2026-06-14 10:10:00,1162.71,DEBIT,DECATHLON,UPI219364,UPI
SYNTH-BANK-000939,2026-05-28 01:10:00,2518.18,CREDIT,APOLLO PHARMACY,UPI835649,CARD
SYNTH-BANK-000940,2026-06-02 12:47:00,1327.48,CREDIT,IRCTC RAIL,UPI430699,NETBANKING
SYNTH-BANK-000941,2026-05-09 15:23:00,574.35,CREDIT,RELIANCE DIGITAL,UPI141455,CARD
SYNTH-BANK-000942,2026-05-08 00:41:00,2682.43,DEBIT,Zomato Ltd,UPI216247,WALLET
SYNTH-BANK-000943,2026-07-06 20:43:00,1451.17,DEBIT,Zomato Ltd,UPI462697,UPI
SYNTH-BANK-000944,2026-06-18 17:46:00,638.88,CREDIT,AMAZON PAY,UPI135194,WALLET
SYNTH-BANK-000945,2026-07-20 21:25:00,1781.11,CREDIT,FLIPKART,UPI257096,CARD
SYNTH-BANK-000946,2026-05-17 10:00:00,1507.01,CREDIT,RELIANCE RETAIL,UPI676861,WALLET
SYNTH-BANK-000947,2026-05-05 02:20:00,2343.4,CREDIT,RELIANCE DIGITAL,UPI195595,WALLET
SYNTH-BANK-000948,2026-07-13 06:06:00,1394.69,CREDIT,MYNTRA,UPI704395,WALLET
SYNTH-BANK-000950,2026-05-20 01:41:00,1751.51,CREDIT,CROMA,UPI929132,NETBANKING
SYNTH-BANK-000951,2026-06-17 16:18:00,645.39,CREDIT,CROMA RETAIL,UPI615785,CARD
SYNTH-BANK-000952,2026-06-01 21:47:00,1149.29,DEBIT,ZOMATO,UPI797002,UPI
SYNTH-BANK-000953,2026-06-26 17:33:00,5078.63,CREDIT,Urban Company India,UPI470893,WALLET
SYNTH-BANK-000954,2026-06-30 01:35:00,794.38,DEBIT,BIGBASKET INDIA,UPI419245,UPI
SYNTH-BANK-000955,2026-05-29 08:55:00,1510.82,CREDIT,METRO CASH & CARRY,UPI375633,WALLET
SYNTH-BANK-000956,2026-05-16 18:48:00,2352.18,CREDIT,Big Basket,UPI406846,NETBANKING
SYNTH-BANK-000957,2026-05-04 03:34:00,994.25,DEBIT,DOMINOS INDIA,UPI251643,UPI
SYNTH-BANK-000958,2026-06-23 14:36:00,726.79,CREDIT,METRO INDIA,UPI758500,CARD
SYNTH-BANK-000959,2026-05-19 18:22:00,984.39,CREDIT,CROMA,UPI982999,CARD
SYNTH-BANK-000960,2026-05-14 11:27:00,412.87,CREDIT,BOOKMYSHOW,UPI293630,UPI
SYNTH-BANK-DUP-000961,2026-06-30 23:48:00,1488.55,DEBIT,Amazon India,UPI937814,WALLET
SYNTH-BANK-000961,2026-06-30 23:48:00,1488.55,DEBIT,Amazon India,UPI937814,WALLET
SYNTH-BANK-000962,2026-05-13 17:12:00,1860.81,DEBIT,Uber Technologies,UPI278360,NETBANKING
SYNTH-BANK-000963,2026-06-01 06:10:00,949.57,CREDIT,AMAZON,UPI472151,WALLET
SYNTH-BANK-000964,2026-06-11 04:05:00,2855.18,CREDIT,DOMINOS INDIA,UPI368087,NETBANKING
SYNTH-BANK-000965,2026-05-09 16:08:00,1753.2,CREDIT,METRO CASH & CARRY,UPI965633,UPI
SYNTH-BANK-000966,2026-06-24 08:45:00,2405.46,DEBIT,METRO CASH & CARRY,UPI738446,UPI
SYNTH-BANK-000967,2026-05-13 11:17:00,988.35,CREDIT,UBER,UPI509313,UPI
SYNTH-BANK-000968,2026-06-01 21:29:00,1049.76,DEBIT,Flipkart Internet,UPI883172,NETBANKING
SYNTH-BANK-DUP-000969,2026-05-31 08:01:00,718.12,CREDIT,Myntra Designs,UPI333204,WALLET
SYNTH-BANK-000969,2026-05-31 08:01:00,718.12,CREDIT,Myntra Designs,UPI333204,WALLET
SYNTH-BANK-000970,2026-05-24 17:08:00,387.4,CREDIT,NYKAA,UPI427461,CARD
SYNTH-BANK-000971,2026-07-24 07:43:00,593.58,CREDIT,DOMINOS,UPI762627,WALLET
SYNTH-BANK-000972,2026-05-06 23:04:00,1724.78,CREDIT,DOMINO'S PIZZA,UPI233229,CARD
SYNTH-BANK-000973,2026-07-16 18:45:00,1153.27,DEBIT,Nykaa E-Retail,UPI393391,NETBANKING
SYNTH-BANK-000974,2026-07-01 06:45:00,1169.76,CREDIT,Apollo Pharmacy Ltd,UPI589645,NETBANKING
SYNTH-BANK-000975,2026-05-30 13:34:00,624.73,CREDIT,NYKAA.COM,UPI503509,UPI
SYNTH-BANK-000976,2026-06-21 13:18:00,1840.15,CREDIT,UBER INDIA,UPI947044,WALLET
SYNTH-BANK-000977,2026-06-08 18:44:00,2355.48,CREDIT,MYNTRA PAY,UPI617250,WALLET
SYNTH-BANK-000978,2026-05-23 03:53:00,577.47,CREDIT,AMAZON,UPI670242,WALLET
SYNTH-BANK-000979,2026-06-22 01:51:00,1585.89,CREDIT,Decathlon Sports,UPI360647,WALLET
SYNTH-BANK-000980,2026-06-18 07:28:00,898.05,CREDIT,URBAN COMPANY,UPI593253,CARD
SYNTH-BANK-000981,2026-06-24 04:34:00,1932.62,CREDIT,Reliance Retail Ltd,UPI507144,WALLET
SYNTH-BANK-000982,2026-05-27 04:41:00,804.74,CREDIT,METRO INDIA,UPI884371,UPI
SYNTH-BANK-000983,2026-05-08 22:16:00,5022.43,CREDIT,BOOKMYSHOW,UPI852069,UPI
SYNTH-BANK-000984,2026-06-10 05:40:00,991.48,CREDIT,Zomato Ltd,UPI933886,UPI
SYNTH-BANK-000985,2026-06-01 04:11:00,1563.05,CREDIT,BOOKMYSHOW.COM,UPI761363,NETBANKING
SYNTH-BANK-000986,2026-05-22 19:39:00,674.29,CREDIT,METRO CASH & CARRY,UPI479145,UPI
SYNTH-BANK-000987,2026-05-07 18:38:00,687.61,CREDIT,SWIGGY,UPI197135,NETBANKING
SYNTH-BANK-000988,2026-05-17 16:23:00,1364.32,DEBIT,CROMA,UPI606432,WALLET
SYNTH-BANK-000989,2026-05-06 02:17:00,377.76,CREDIT,IRCTC E-TICKETING,UPI438003,NETBANKING
SYNTH-BANK-000990,2026-06-09 11:44:00,1269.42,CREDIT,MYNTRA PAY,UPI760182,UPI
SYNTH-BANK-000991,2026-06-03 12:10:00,1939.73,DEBIT,Swiggy India,UPI359866,UPI
SYNTH-BANK-000992,2026-07-12 07:50:00,416.8,CREDIT,BOOKMYSHOW,UPI571098,CARD
SYNTH-BANK-000993,2026-05-12 16:33:00,699.78,CREDIT,BOOKMYSHOW.COM,UPI217041,WALLET
SYNTH-BANK-000994,2026-05-24 12:25:00,1568.59,DEBIT,SWIGGY*BLR,UPI972530,UPI
SYNTH-BANK-000995,2026-07-01 23:34:00,483.44,CREDIT,Uber Technologies,UPI425515,CARD
SYNTH-BANK-000996,2026-06-22 14:49:00,486.42,DEBIT,SWIGGY,UPI248423,NETBANKING
SYNTH-BANK-000997,2026-07-15 22:11:00,2516.36,CREDIT,Reliance Retail Ltd,UPI880822,NETBANKING
SYNTH-BANK-000998,2026-06-22 22:32:00,1065.89,CREDIT,DOMINO'S PIZZA,UPI678161,WALLET
SYNTH-BANK-000999,2026-05-10 18:58:00,1443.44,CREDIT,BOOKMYSHOW.COM,UPI902834,NETBANKING
SYNTH-BANK-001000,2026-06-18 11:20:00,4058.89,CREDIT,METRO INDIA,UPI626071,WALLET
SYNTH-BANK-001002,2026-05-07 01:41:00,1093.16,CREDIT,RELIANCE DIGITAL,UPI180405,UPI
SYNTH-BANK-001003,2026-06-10 14:28:00,1912.13,CREDIT,AMAZON PAY,UPI855372,NETBANKING
SYNTH-BANK-001004,2026-07-09 21:05:00,840.68,CREDIT,Apollo Pharmacy Ltd,UPI676572,NETBANKING
SYNTH-BANK-001005,2026-05-19 05:19:00,1733.42,DEBIT,RELIANCE RETAIL,UPI216576,CARD
SYNTH-BANK-001006,2026-05-10 09:42:00,1350.9,CREDIT,BIGBASKET,UPI377635,WALLET
SYNTH-BANK-001007,2026-07-30 02:42:00,1260.68,CREDIT,APOLLO,UPI820404,CARD
SYNTH-BANK-001008,2026-05-30 09:40:00,1695.85,CREDIT,SWIGGY*BLR,UPI634278,WALLET
SYNTH-BANK-001009,2026-07-09 08:17:00,934.71,DEBIT,Myntra Designs,UPI906103,WALLET
SYNTH-BANK-001010,2026-06-25 12:31:00,1593.88,CREDIT,ZOMATO*BANGALORE,UPI314291,CARD
SYNTH-BANK-001011,2026-06-28 00:08:00,1294.82,DEBIT,BIGBASKET INDIA,UPI425836,WALLET
SYNTH-BANK-001012,2026-05-01 15:20:00,718.93,DEBIT,Urban Company India,UPI264826,NETBANKING
SYNTH-BANK-DUP-001013,2026-07-27 10:36:00,1107.29,DEBIT,IRCTC,UPI399754,NETBANKING
SYNTH-BANK-001013,2026-07-27 10:36:00,1107.29,DEBIT,IRCTC,UPI399754,NETBANKING
SYNTH-BANK-001014,2026-05-18 22:43:00,8033.06,CREDIT,NYKAA,UPI177317,NETBANKING
SYNTH-BANK-001015,2026-06-14 18:19:00,834.14,CREDIT,IRCTC,UPI322234,NETBANKING
SYNTH-BANK-001016,2026-06-01 06:34:00,316.58,CREDIT,AMAZON,UPI938640,NETBANKING
SYNTH-BANK-001017,2026-07-15 15:44:00,3750.4,DEBIT,RELIANCE DIGITAL,UPI654675,NETBANKING
SYNTH-BANK-001018,2026-07-12 11:50:00,205.94,CREDIT,MYNTRA PAY,UPI389721,NETBANKING
SYNTH-BANK-001019,2026-05-04 18:07:00,1860.68,CREDIT,Flipkart Internet,UPI426469,UPI
SYNTH-BANK-001020,2026-06-04 20:01:00,2799.69,CREDIT,AMAZON PAY,UPI995972,CARD
SYNTH-BANK-DUP-001021,2026-06-17 01:38:00,363.34,DEBIT,FLIPKART PAY,UPI319211,WALLET
SYNTH-BANK-001021,2026-06-17 01:38:00,363.34,DEBIT,FLIPKART PAY,UPI319211,WALLET
SYNTH-BANK-001022,2026-07-13 16:40:00,410.5,CREDIT,RELIANCE DIGITAL,UPI782718,UPI
SYNTH-BANK-001024,2026-06-26 16:00:00,1361.9,DEBIT,CROMA,UPI566967,NETBANKING
SYNTH-BANK-001025,2026-07-20 13:14:00,2544.27,DEBIT,OLA,UPI472538,WALLET
SYNTH-BANK-001026,2026-06-21 04:00:00,738.79,CREDIT,OLA CABS,UPI794951,UPI
SYNTH-BANK-001027,2026-05-31 18:09:00,955.4,CREDIT,CROMA RETAIL,UPI779456,CARD
SYNTH-BANK-001028,2026-07-01 11:39:00,1599.18,DEBIT,OLA CABS,UPI323834,UPI
SYNTH-BANK-001030,2026-07-16 11:19:00,326.89,CREDIT,DECATHLON INDIA,UPI508207,WALLET
SYNTH-BANK-001031,2026-06-12 23:59:00,4668.19,CREDIT,ZOMATO*BANGALORE,UPI718051,CARD
SYNTH-BANK-001032,2026-07-11 15:21:00,1966.99,CREDIT,URBAN COMPANY,UPI400952,NETBANKING
SYNTH-BANK-001033,2026-06-19 19:51:00,758.41,DEBIT,BOOKMYSHOW,UPI898002,UPI
SYNTH-BANK-001034,2026-05-08 04:04:00,1218.42,CREDIT,BIGBASKET,UPI278595,NETBANKING
SYNTH-BANK-001035,2026-05-25 17:47:00,1657.58,DEBIT,UBER,UPI733717,WALLET
SYNTH-BANK-001037,2026-07-18 02:22:00,1001.3,CREDIT,RELIANCE DIGITAL,UPI483760,WALLET
SYNTH-BANK-001038,2026-07-16 03:10:00,1345.21,CREDIT,METRO INDIA,UPI623265,NETBANKING
SYNTH-BANK-001039,2026-05-24 02:17:00,1344.24,CREDIT,UBER INDIA,UPI724685,WALLET
SYNTH-BANK-001040,2026-06-22 13:04:00,440.75,CREDIT,BOOKMYSHOW,UPI398905,WALLET
SYNTH-BANK-001041,2026-05-12 22:07:00,1238.76,CREDIT,BIGBASKET,UPI619003,CARD
SYNTH-BANK-001042,2026-05-15 07:43:00,1970.48,CREDIT,SWIGGY*BLR,UPI591239,CARD
SYNTH-BANK-001043,2026-05-03 06:07:00,1858.86,CREDIT,Urban Company India,UPI741246,UPI
SYNTH-BANK-001044,2026-05-21 11:45:00,306.74,CREDIT,MYNTRA PAY,UPI442277,UPI
SYNTH-BANK-001045,2026-06-13 11:02:00,1530.86,CREDIT,ZOMATO*BANGALORE,UPI242245,UPI
SYNTH-BANK-001046,2026-07-16 17:09:00,1435.13,DEBIT,SWIGGY,UPI629661,UPI
SYNTH-BANK-001047,2026-05-03 20:30:00,93.09,DEBIT,CROMA RETAIL,UPI502788,UPI
SYNTH-BANK-001048,2026-05-19 21:49:00,924.73,CREDIT,Myntra Designs,UPI849919,CARD
SYNTH-BANK-001049,2026-07-14 13:43:00,1109.14,CREDIT,Swiggy India,UPI518383,WALLET
SYNTH-BANK-001050,2026-06-22 14:00:00,1152.07,DEBIT,FLIPKART PAY,UPI363011,NETBANKING
SYNTH-BANK-001051,2026-05-10 19:21:00,1309.82,CREDIT,UBER INDIA,UPI602078,UPI
SYNTH-BANK-001052,2026-07-19 19:16:00,378.79,CREDIT,Flipkart Internet,UPI799460,UPI
SYNTH-BANK-001053,2026-06-12 07:01:00,4522.81,CREDIT,NYKAA,UPI379844,CARD
SYNTH-BANK-001054,2026-06-13 07:34:00,3364.85,DEBIT,METRO RETAIL,UPI252370,NETBANKING
SYNTH-BANK-001057,2026-05-22 22:59:00,1632.48,CREDIT,Nykaa E-Retail,UPI968836,CARD
SYNTH-BANK-001058,2026-06-26 19:49:00,950.41,DEBIT,SWIGGY*BLR,UPI634889,UPI
SYNTH-BANK-DUP-001060,2026-07-09 19:01:00,1843.41,CREDIT,Amazon India,UPI686842,UPI
SYNTH-BANK-001060,2026-07-09 19:01:00,1843.41,CREDIT,Amazon India,UPI686842,UPI
SYNTH-BANK-001061,2026-06-11 14:11:00,880.28,CREDIT,Big Basket,UPI289777,NETBANKING
SYNTH-BANK-DUP-001062,2026-05-09 00:29:00,900.62,CREDIT,CROMA,UPI167755,UPI
SYNTH-BANK-001062,2026-05-09 00:29:00,900.62,CREDIT,CROMA,UPI167755,UPI
SYNTH-BANK-DUP-001063,2026-05-02 16:10:00,1029.55,CREDIT,Zomato Ltd,UPI242459,NETBANKING
SYNTH-BANK-001063,2026-05-02 16:10:00,1029.55,CREDIT,Zomato Ltd,UPI242459,NETBANKING
SYNTH-BANK-001064,2026-07-27 14:56:00,7993.18,DEBIT,Apollo Pharmacy Ltd,UPI724944,UPI
SYNTH-BANK-001065,2026-05-27 03:47:00,1403.27,CREDIT,ZOMATO,UPI449765,CARD
SYNTH-BANK-001066,2026-06-13 04:28:00,2403.93,CREDIT,OLA CABS,UPI995867,NETBANKING
SYNTH-BANK-DUP-001067,2026-07-08 09:18:00,775.35,CREDIT,MYNTRA PAY,UPI915887,UPI
SYNTH-BANK-001067,2026-07-08 09:18:00,775.35,CREDIT,MYNTRA PAY,UPI915887,UPI
SYNTH-BANK-001068,2026-05-13 12:32:00,3531.17,CREDIT,APOLLO PHARMACY,UPI585306,UPI
SYNTH-BANK-001069,2026-06-30 09:55:00,1839.7,CREDIT,DOMINO'S PIZZA,UPI581206,NETBANKING
SYNTH-BANK-001071,2026-07-22 02:09:00,2153.38,CREDIT,Uber Technologies,UPI788244,UPI
SYNTH-BANK-001072,2026-05-07 01:34:00,2963.81,CREDIT,Flipkart Internet,UPI875112,WALLET
SYNTH-BANK-001073,2026-05-12 01:43:00,1723.4,CREDIT,CROMA,UPI229720,WALLET
SYNTH-BANK-001074,2026-07-28 18:00:00,1695.33,DEBIT,SWIGGY*BLR,UPI868731,CARD
SYNTH-BANK-001075,2026-07-27 17:33:00,1370.89,CREDIT,NYKAA,UPI732914,WALLET
SYNTH-BANK-001076,2026-05-12 05:14:00,823.43,DEBIT,ZOMATO,UPI562635,NETBANKING
SYNTH-BANK-001077,2026-06-12 03:07:00,914.55,CREDIT,APOLLO PHARMACY,UPI981077,CARD
SYNTH-BANK-001078,2026-07-19 10:18:00,3847.77,CREDIT,APOLLO,UPI753816,UPI
SYNTH-BANK-001079,2026-05-19 21:52:00,2234.14,CREDIT,Big Basket,UPI256443,NETBANKING
SYNTH-BANK-DUP-001080,2026-05-12 13:47:00,2922.65,DEBIT,DOMINOS,UPI515211,UPI
SYNTH-BANK-001080,2026-05-12 13:47:00,2922.65,DEBIT,DOMINOS,UPI515211,UPI
SYNTH-BANK-001081,2026-05-16 22:57:00,4211.43,CREDIT,Ola Mobility,UPI356106,WALLET
SYNTH-BANK-001083,2026-06-12 07:48:00,1328.29,CREDIT,Big Basket,UPI449432,NETBANKING
SYNTH-BANK-001084,2026-05-25 07:54:00,627.06,CREDIT,METRO RETAIL,UPI149219,WALLET
SYNTH-BANK-001085,2026-05-25 01:35:00,1846.12,CREDIT,BIGBASKET,UPI124897,WALLET
SYNTH-BANK-001086,2026-06-21 17:14:00,1253.6,CREDIT,CROMA,UPI891692,WALLET
SYNTH-BANK-001087,2026-07-23 13:38:00,4318.22,DEBIT,APOLLO PHARMACY,UPI461276,WALLET
SYNTH-BANK-001088,2026-07-11 20:01:00,585.35,CREDIT,SWIGGY,UPI303576,WALLET
SYNTH-BANK-001089,2026-07-23 01:08:00,1365.26,CREDIT,ZOMATO*BANGALORE,UPI192030,UPI
SYNTH-BANK-001090,2026-07-03 20:25:00,365.74,CREDIT,Reliance Retail Ltd,UPI663258,CARD
SYNTH-BANK-001091,2026-07-17 10:18:00,1442.44,CREDIT,CROMA RETAIL,UPI695077,NETBANKING
SYNTH-BANK-001092,2026-07-02 04:56:00,149.32,CREDIT,Big Basket,UPI820338,NETBANKING
SYNTH-BANK-001094,2026-05-05 22:57:00,218.15,DEBIT,CROMA,UPI654635,UPI
SYNTH-BANK-001095,2026-06-08 23:01:00,1652.68,CREDIT,BIGBASKET,UPI158569,NETBANKING
SYNTH-BANK-001096,2026-06-18 14:05:00,2154.86,DEBIT,Reliance Retail Ltd,UPI597575,NETBANKING
SYNTH-BANK-001097,2026-07-15 12:56:00,419.08,DEBIT,FLIPKART,UPI102171,CARD
SYNTH-BANK-001098,2026-06-03 11:15:00,2999.18,CREDIT,Uber Technologies,UPI564509,WALLET
SYNTH-BANK-001099,2026-05-19 12:23:00,1666.06,DEBIT,MYNTRA PAY,UPI956844,CARD
SYNTH-BANK-001100,2026-06-05 04:17:00,3192.38,CREDIT,Flipkart Internet,UPI306928,CARD
SYNTH-BANK-001101,2026-05-13 07:02:00,419.27,CREDIT,BMS,UPI718207,NETBANKING
SYNTH-BANK-001102,2026-06-16 03:52:00,1133.74,CREDIT,DECATHLON,UPI320482,UPI
SYNTH-BANK-001103,2026-05-11 20:57:00,1063.23,DEBIT,Croma Electronics,UPI364416,CARD
SYNTH-BANK-001104,2026-07-15 18:31:00,2396.5,CREDIT,SWIGGY*BLR,UPI322218,UPI
SYNTH-BANK-001105,2026-05-17 20:40:00,398.49,CREDIT,Decathlon Sports,UPI803584,WALLET
SYNTH-BANK-001106,2026-05-25 06:39:00,1420.71,DEBIT,Ola Mobility,UPI650873,CARD
SYNTH-BANK-001107,2026-05-30 17:55:00,127.83,DEBIT,UBER,UPI360206,WALLET
SYNTH-BANK-001108,2026-07-24 11:34:00,1633.21,CREDIT,APOLLO,UPI354728,WALLET
SYNTH-BANK-001109,2026-06-10 23:45:00,1243.03,DEBIT,Big Basket,UPI237080,WALLET
SYNTH-BANK-001110,2026-07-23 06:13:00,2666.25,DEBIT,RELIANCE DIGITAL,UPI406991,CARD
SYNTH-BANK-001111,2026-06-29 02:08:00,1074.96,CREDIT,Decathlon Sports,UPI696003,NETBANKING
SYNTH-BANK-001112,2026-06-20 22:55:00,740.45,CREDIT,IRCTC E-TICKETING,UPI452984,CARD
SYNTH-BANK-001113,2026-07-29 12:44:00,4042.64,CREDIT,BMS,UPI993782,NETBANKING
SYNTH-BANK-001114,2026-07-28 00:06:00,956.12,CREDIT,Urban Company India,UPI575034,CARD
SYNTH-BANK-DUP-001115,2026-05-19 05:35:00,5942.87,CREDIT,Ola Mobility,UPI736981,NETBANKING
SYNTH-BANK-001115,2026-05-19 05:35:00,5942.87,CREDIT,Ola Mobility,UPI736981,NETBANKING
SYNTH-BANK-001116,2026-07-10 17:07:00,2148.45,CREDIT,Flipkart Internet,UPI649853,WALLET
SYNTH-BANK-001117,2026-05-18 21:51:00,2237.34,CREDIT,Decathlon Sports,UPI525935,NETBANKING
SYNTH-BANK-001118,2026-07-28 11:23:00,5335.28,CREDIT,SWIGGY*BLR,UPI513953,UPI
SYNTH-BANK-001119,2026-06-15 05:22:00,1945.87,CREDIT,DOMINOS,UPI859239,UPI
SYNTH-BANK-001120,2026-05-08 11:51:00,812.02,DEBIT,ZOMATO,UPI360915,NETBANKING
SYNTH-BANK-001121,2026-06-14 10:53:00,1283.85,CREDIT,Reliance Retail Ltd,UPI774984,NETBANKING
SYNTH-BANK-001122,2026-05-23 15:59:00,1945.11,CREDIT,ZOMATO*BANGALORE,UPI439017,NETBANKING
SYNTH-BANK-001123,2026-06-06 20:39:00,441.85,CREDIT,IRCTC,UPI500189,NETBANKING
SYNTH-BANK-001124,2026-05-14 12:13:00,171.66,CREDIT,FLIPKART PAY,UPI239523,CARD
SYNTH-BANK-001125,2026-06-12 14:51:00,652.48,CREDIT,IRCTC E-TICKETING,UPI490373,CARD
SYNTH-BANK-001126,2026-07-14 00:57:00,536.64,CREDIT,Reliance Retail Ltd,UPI660189,UPI
SYNTH-BANK-001127,2026-05-09 00:58:00,717.52,CREDIT,DOMINO'S PIZZA,UPI854349,NETBANKING
SYNTH-BANK-001128,2026-05-17 07:53:00,813.17,CREDIT,ZOMATO,UPI554213,NETBANKING
SYNTH-BANK-001129,2026-06-27 04:58:00,2537.48,CREDIT,CROMA,UPI967168,NETBANKING
SYNTH-BANK-001130,2026-05-17 22:32:00,788.49,CREDIT,IRCTC RAIL,UPI284247,CARD
SYNTH-BANK-001132,2026-07-04 14:01:00,977.37,CREDIT,AMAZON,UPI320795,CARD
SYNTH-BANK-DUP-001133,2026-05-06 06:18:00,1667.68,DEBIT,METRO RETAIL,UPI266262,WALLET
SYNTH-BANK-001133,2026-05-06 06:18:00,1667.68,DEBIT,METRO RETAIL,UPI266262,WALLET
SYNTH-BANK-001134,2026-05-15 11:46:00,835.23,CREDIT,DECATHLON INDIA,UPI820967,NETBANKING
SYNTH-BANK-001135,2026-06-11 21:26:00,2436.5,CREDIT,Ola Mobility,UPI162459,NETBANKING
SYNTH-BANK-001136,2026-07-05 19:38:00,2156.8,CREDIT,Apollo Pharmacy Ltd,UPI272249,CARD
SYNTH-BANK-001137,2026-06-05 12:39:00,1078.95,CREDIT,UBER INDIA,UPI792777,UPI
SYNTH-BANK-001138,2026-05-09 04:08:00,2084.16,CREDIT,RELIANCE DIGITAL,UPI289719,NETBANKING
SYNTH-BANK-001139,2026-06-03 19:42:00,3554.12,DEBIT,APOLLO,UPI901700,CARD
SYNTH-BANK-001140,2026-07-22 01:51:00,1161.97,DEBIT,METRO RETAIL,UPI384527,CARD
SYNTH-BANK-001141,2026-07-09 03:53:00,255.87,CREDIT,IRCTC RAIL,UPI350974,WALLET
SYNTH-BANK-001142,2026-06-15 08:04:00,741.63,DEBIT,URBAN COMPANY,UPI858152,CARD
SYNTH-BANK-001143,2026-06-10 14:43:00,5769.91,CREDIT,Apollo Pharmacy Ltd,UPI863753,NETBANKING
SYNTH-BANK-001144,2026-05-15 11:37:00,2518.28,CREDIT,BMS,UPI225037,WALLET
SYNTH-BANK-001145,2026-06-15 21:35:00,838.83,CREDIT,SWIGGY,UPI892636,NETBANKING
SYNTH-BANK-001146,2026-07-29 00:26:00,1141.37,DEBIT,BIGBASKET INDIA,UPI307810,CARD
SYNTH-BANK-001147,2026-06-25 03:41:00,948.62,DEBIT,Apollo Pharmacy Ltd,UPI637817,UPI
SYNTH-BANK-001148,2026-06-22 11:44:00,674.67,CREDIT,MYNTRA PAY,UPI518729,NETBANKING
SYNTH-BANK-001149,2026-07-18 11:05:00,2262.74,CREDIT,METRO CASH & CARRY,UPI441141,WALLET
SYNTH-BANK-001150,2026-05-14 22:59:00,404.03,DEBIT,Zomato Ltd,UPI183680,CARD
SYNTH-BANK-001151,2026-06-07 10:52:00,1055.08,DEBIT,METRO RETAIL,UPI355659,UPI
SYNTH-BANK-001152,2026-07-05 19:25:00,1788.86,DEBIT,IRCTC RAIL,UPI659926,UPI
SYNTH-BANK-001153,2026-06-05 16:19:00,1818.37,CREDIT,AMAZON,UPI489871,CARD
SYNTH-BANK-001154,2026-05-30 21:51:00,1329.56,CREDIT,DECATHLON,UPI609415,CARD
SYNTH-BANK-001155,2026-06-27 22:07:00,1038.16,CREDIT,Decathlon Sports,UPI950255,UPI
SYNTH-BANK-001157,2026-05-12 08:31:00,1094.97,CREDIT,APOLLO PHARMACY,UPI731848,UPI
SYNTH-BANK-DUP-001158,2026-07-27 23:23:00,1403.29,CREDIT,ZOMATO,UPI425985,NETBANKING
SYNTH-BANK-001158,2026-07-27 23:23:00,1403.29,CREDIT,ZOMATO,UPI425985,NETBANKING
SYNTH-BANK-DUP-001159,2026-06-30 21:21:00,730.59,CREDIT,Amazon India,UPI888152,CARD
SYNTH-BANK-001159,2026-06-30 21:21:00,730.59,CREDIT,Amazon India,UPI888152,CARD
SYNTH-BANK-001160,2026-07-03 21:23:00,3655.34,CREDIT,DECATHLON INDIA,UPI488963,WALLET
SYNTH-BANK-001161,2026-05-16 23:23:00,1221.67,CREDIT,DOMINO'S PIZZA,UPI228932,NETBANKING
SYNTH-BANK-001162,2026-06-05 18:57:00,1091.6,CREDIT,DOMINOS INDIA,UPI281475,UPI
SYNTH-BANK-001164,2026-06-12 02:23:00,447.02,DEBIT,ZOMATO*BANGALORE,UPI239961,UPI
SYNTH-BANK-001165,2026-05-29 16:43:00,1170.55,CREDIT,METRO RETAIL,UPI286913,NETBANKING
SYNTH-BANK-001166,2026-05-18 21:30:00,3076.7,CREDIT,Reliance Retail Ltd,UPI510129,UPI
SYNTH-BANK-DUP-001167,2026-05-20 10:33:00,1437.89,DEBIT,CROMA RETAIL,UPI573975,WALLET
SYNTH-BANK-001167,2026-05-20 10:33:00,1437.89,DEBIT,CROMA RETAIL,UPI573975,WALLET
SYNTH-BANK-001168,2026-06-14 06:53:00,781.71,CREDIT,Swiggy India,UPI952107,CARD
SYNTH-BANK-001169,2026-06-10 20:30:00,1211.16,CREDIT,BIGBASKET,UPI206275,WALLET
SYNTH-BANK-001170,2026-07-02 21:56:00,942.52,CREDIT,Reliance Retail Ltd,UPI702531,CARD
SYNTH-BANK-001171,2026-05-03 09:38:00,1655.2,CREDIT,URBAN COMPANY,UPI934590,CARD
SYNTH-BANK-001172,2026-06-23 16:42:00,262.1,DEBIT,ZOMATO,UPI497460,WALLET
SYNTH-BANK-001173,2026-06-24 07:09:00,1097.44,CREDIT,IRCTC,UPI884320,NETBANKING
SYNTH-BANK-001174,2026-07-07 15:43:00,1831.02,DEBIT,URBAN COMPANY,UPI545405,WALLET
SYNTH-BANK-001175,2026-07-13 12:39:00,1482.45,CREDIT,METRO RETAIL,UPI558949,CARD
SYNTH-BANK-001176,2026-06-03 03:46:00,630.64,CREDIT,BIGBASKET INDIA,UPI784563,NETBANKING
SYNTH-BANK-001177,2026-06-14 13:11:00,788.93,DEBIT,FLIPKART,UPI763292,UPI
SYNTH-BANK-001179,2026-07-06 20:54:00,700.61,CREDIT,AMAZON PAY,UPI138034,UPI
SYNTH-BANK-001180,2026-06-02 14:14:00,356.57,DEBIT,Nykaa E-Retail,UPI324570,NETBANKING
SYNTH-BANK-001181,2026-07-18 08:04:00,3098.46,DEBIT,BIGBASKET,UPI713447,NETBANKING
SYNTH-BANK-001183,2026-06-08 09:58:00,1145.51,CREDIT,CROMA RETAIL,UPI412904,NETBANKING
SYNTH-BANK-001184,2026-07-11 19:31:00,428.91,DEBIT,Uber Technologies,UPI761432,NETBANKING
SYNTH-BANK-001185,2026-05-24 06:49:00,1480.21,DEBIT,DECATHLON,UPI427032,UPI
SYNTH-BANK-001186,2026-05-31 06:20:00,1436.21,DEBIT,BIGBASKET,UPI864237,WALLET
SYNTH-BANK-001187,2026-05-02 11:27:00,314.91,CREDIT,URBAN COMPANY,UPI310513,NETBANKING
SYNTH-BANK-001188,2026-07-22 17:03:00,431.98,CREDIT,CROMA RETAIL,UPI579816,NETBANKING
SYNTH-BANK-001189,2026-05-19 06:39:00,1913.66,CREDIT,NYKAA.COM,UPI136659,UPI
SYNTH-BANK-001190,2026-06-23 08:43:00,1565.63,CREDIT,AMAZON PAY,UPI802009,CARD
SYNTH-BANK-001191,2026-05-19 18:44:00,650.3,DEBIT,BOOKMYSHOW.COM,UPI234554,UPI
SYNTH-BANK-001192,2026-06-28 23:40:00,1041.51,DEBIT,AMAZON,UPI317138,UPI
SYNTH-BANK-001193,2026-07-21 16:13:00,2688.67,DEBIT,DOMINOS INDIA,UPI297626,CARD
SYNTH-BANK-001194,2026-05-25 18:46:00,1231.65,CREDIT,IRCTC E-TICKETING,UPI123756,WALLET
SYNTH-BANK-DUP-001195,2026-05-26 00:59:00,565.04,CREDIT,UBER INDIA,UPI551186,WALLET
SYNTH-BANK-001195,2026-05-26 00:59:00,565.04,CREDIT,UBER INDIA,UPI551186,WALLET
SYNTH-BANK-001196,2026-06-16 01:37:00,5886.13,CREDIT,RELIANCE RETAIL,UPI254473,WALLET
SYNTH-BANK-001198,2026-07-04 21:31:00,1149.3,DEBIT,METRO RETAIL,UPI566192,CARD
SYNTH-BANK-001199,2026-05-06 00:38:00,498.58,CREDIT,Ola Mobility,UPI603557,CARD
SYNTH-BANK-001200,2026-07-18 02:08:00,388.09,CREDIT,OLA,UPI822652,CARD
SYNTH-BANK-001201,2026-06-09 16:15:00,1602.09,DEBIT,Nykaa E-Retail,UPI868649,UPI
SYNTH-BANK-001202,2026-05-22 01:13:00,2881.54,CREDIT,NYKAA,UPI576086,UPI
SYNTH-BANK-001203,2026-07-24 04:34:00,585.25,CREDIT,URBAN COMPANY,UPI721297,UPI
SYNTH-BANK-001204,2026-06-25 20:48:00,2247.94,CREDIT,BMS,UPI908838,NETBANKING
SYNTH-BANK-001205,2026-06-02 13:43:00,4485.75,DEBIT,Nykaa E-Retail,UPI489808,UPI
SYNTH-BANK-001206,2026-07-27 13:51:00,362.13,CREDIT,APOLLO PHARMACY,UPI649443,NETBANKING
SYNTH-BANK-001207,2026-05-17 09:35:00,4954.86,CREDIT,MYNTRA PAY,UPI608304,CARD
SYNTH-BANK-001208,2026-07-16 21:37:00,1399.38,CREDIT,DOMINO'S PIZZA,UPI877462,UPI
SYNTH-BANK-001209,2026-07-02 17:49:00,512.76,DEBIT,Myntra Designs,UPI794256,CARD
SYNTH-BANK-001210,2026-07-21 01:35:00,608.95,CREDIT,DOMINO'S PIZZA,UPI340643,NETBANKING
SYNTH-BANK-001211,2026-05-02 22:38:00,1549.28,CREDIT,NYKAA.COM,UPI841981,UPI
SYNTH-BANK-001212,2026-06-25 04:42:00,3479.61,CREDIT,UBER INDIA,UPI879393,CARD
SYNTH-BANK-001213,2026-05-02 06:49:00,3039.52,CREDIT,Amazon India,UPI481923,NETBANKING
SYNTH-BANK-001214,2026-05-17 17:43:00,1192.66,CREDIT,UBER,UPI986765,CARD
SYNTH-BANK-001215,2026-07-17 00:33:00,1520.45,DEBIT,FLIPKART PAY,UPI405591,CARD
SYNTH-BANK-001216,2026-05-02 15:16:00,1321.94,DEBIT,APOLLO,UPI485121,UPI
SYNTH-BANK-DUP-001217,2026-06-28 03:18:00,3154.87,CREDIT,Nykaa E-Retail,UPI696364,CARD
SYNTH-BANK-001217,2026-06-28 03:18:00,3154.87,CREDIT,Nykaa E-Retail,UPI696364,CARD
SYNTH-BANK-001219,2026-07-11 16:43:00,1339.0,CREDIT,BIGBASKET,UPI933757,CARD
SYNTH-BANK-001220,2026-07-11 19:47:00,1446.58,CREDIT,OLA,UPI737852,UPI
SYNTH-BANK-001221,2026-05-19 22:09:00,623.69,CREDIT,UBER,UPI184067,CARD
SYNTH-BANK-001222,2026-05-07 20:30:00,996.62,DEBIT,Ola Mobility,UPI255346,WALLET
SYNTH-BANK-001223,2026-06-22 17:17:00,1971.77,CREDIT,SWIGGY*BLR,UPI990310,NETBANKING
SYNTH-BANK-001224,2026-06-17 06:11:00,674.59,DEBIT,BOOKMYSHOW.COM,UPI587947,WALLET
SYNTH-BANK-001226,2026-07-16 20:06:00,1163.88,CREDIT,Uber Technologies,UPI811018,CARD
SYNTH-BANK-001227,2026-05-08 04:58:00,3557.37,CREDIT,METRO CASH & CARRY,UPI273055,CARD
SYNTH-BANK-001228,2026-05-30 05:40:00,2490.86,CREDIT,Apollo Pharmacy Ltd,UPI139125,UPI
SYNTH-BANK-001229,2026-07-30 00:49:00,735.94,CREDIT,DOMINO'S PIZZA,UPI902530,CARD
SYNTH-BANK-001230,2026-06-29 19:44:00,282.71,DEBIT,SWIGGY,UPI588745,WALLET
SYNTH-BANK-001231,2026-05-03 19:26:00,1414.15,CREDIT,FLIPKART,UPI947918,WALLET
SYNTH-BANK-001232,2026-06-13 04:03:00,1893.86,DEBIT,ZOMATO*BANGALORE,UPI894108,UPI
SYNTH-BANK-001233,2026-05-03 15:35:00,3113.12,CREDIT,NYKAA.COM,UPI351495,CARD
SYNTH-BANK-001234,2026-06-21 20:47:00,2848.62,CREDIT,IRCTC,UPI601002,WALLET
SYNTH-BANK-001235,2026-07-28 12:08:00,498.44,CREDIT,DECATHLON INDIA,UPI493435,UPI
SYNTH-BANK-001236,2026-06-22 21:58:00,1953.71,CREDIT,METRO CASH & CARRY,UPI645378,CARD
SYNTH-BANK-001237,2026-07-17 10:42:00,1164.9,CREDIT,DOMINO'S PIZZA,UPI444791,UPI
SYNTH-BANK-001238,2026-06-06 21:21:00,1205.0,CREDIT,UBER INDIA,UPI856517,WALLET
SYNTH-BANK-001239,2026-06-05 19:06:00,732.76,CREDIT,AMAZON PAY,UPI391633,WALLET
SYNTH-BANK-001240,2026-05-30 04:28:00,1059.71,DEBIT,BOOKMYSHOW,UPI131114,UPI
SYNTH-BANK-001241,2026-06-22 09:21:00,855.62,DEBIT,METRO RETAIL,UPI289853,UPI
SYNTH-BANK-001242,2026-06-25 11:50:00,908.27,CREDIT,BMS,UPI979304,NETBANKING
SYNTH-BANK-001243,2026-06-05 19:21:00,3661.74,CREDIT,URBAN COMPANY,UPI398704,CARD
SYNTH-BANK-001244,2026-05-06 19:55:00,1861.77,CREDIT,Myntra Designs,UPI430188,WALLET
SYNTH-BANK-001245,2026-06-17 16:52:00,278.19,CREDIT,Urban Company India,UPI267832,NETBANKING
SYNTH-BANK-001246,2026-05-03 22:30:00,912.11,CREDIT,DOMINOS,UPI799652,WALLET
SYNTH-BANK-001247,2026-06-02 22:12:00,1234.44,CREDIT,IRCTC E-TICKETING,UPI818855,CARD
SYNTH-BANK-001248,2026-05-23 06:38:00,2983.92,DEBIT,IRCTC RAIL,UPI963830,WALLET
SYNTH-BANK-001249,2026-07-12 21:12:00,563.44,CREDIT,Reliance Retail Ltd,UPI678598,NETBANKING
SYNTH-BANK-001251,2026-07-22 11:08:00,1075.81,CREDIT,FLIPKART PAY,UPI979399,CARD
SYNTH-BANK-001252,2026-06-05 22:03:00,184.04,DEBIT,OLA,UPI350344,CARD
SYNTH-BANK-001253,2026-06-22 14:17:00,1857.78,CREDIT,DOMINO'S PIZZA,UPI655275,UPI
SYNTH-BANK-001254,2026-06-15 19:44:00,770.85,DEBIT,DOMINOS INDIA,UPI317112,UPI
SYNTH-BANK-001255,2026-07-11 06:10:00,1610.74,CREDIT,UBER INDIA,UPI394333,WALLET
SYNTH-BANK-001258,2026-06-14 18:02:00,1271.95,DEBIT,DOMINO'S PIZZA,UPI347052,NETBANKING
SYNTH-BANK-001259,2026-05-09 06:41:00,2030.93,DEBIT,ZOMATO,UPI955046,WALLET
SYNTH-BANK-001260,2026-05-16 11:44:00,548.47,CREDIT,SWIGGY,UPI754334,NETBANKING
SYNTH-BANK-001261,2026-07-09 18:15:00,581.72,CREDIT,ZOMATO*BANGALORE,UPI670766,CARD
SYNTH-BANK-001262,2026-07-27 14:13:00,640.53,CREDIT,Ola Mobility,UPI516736,UPI
SYNTH-BANK-001263,2026-06-03 19:20:00,1020.86,DEBIT,BIGBASKET INDIA,UPI602495,UPI
SYNTH-BANK-001264,2026-06-26 04:08:00,7503.7,CREDIT,AMAZON PAY,UPI209011,WALLET
SYNTH-BANK-DUP-001265,2026-05-25 16:24:00,876.81,CREDIT,DOMINO'S PIZZA,UPI460647,CARD
SYNTH-BANK-001265,2026-05-25 16:24:00,876.81,CREDIT,DOMINO'S PIZZA,UPI460647,CARD
SYNTH-BANK-001266,2026-06-27 15:07:00,606.01,DEBIT,SWIGGY*BLR,UPI753733,UPI
SYNTH-BANK-001267,2026-05-09 22:59:00,5348.83,CREDIT,IRCTC E-TICKETING,UPI750544,NETBANKING
SYNTH-BANK-001268,2026-05-08 13:17:00,890.45,CREDIT,MYNTRA,UPI450823,CARD
SYNTH-BANK-001269,2026-07-15 10:55:00,424.96,CREDIT,DOMINOS INDIA,UPI433841,UPI
SYNTH-BANK-DUP-001270,2026-05-13 22:20:00,2218.49,CREDIT,OLA CABS,UPI639005,UPI
SYNTH-BANK-001270,2026-05-13 22:20:00,2218.49,CREDIT,OLA CABS,UPI639005,UPI
SYNTH-BANK-001271,2026-05-21 05:03:00,996.14,DEBIT,Amazon India,UPI201110,NETBANKING
SYNTH-BANK-001272,2026-05-09 01:04:00,825.87,CREDIT,FLIPKART PAY,UPI355316,NETBANKING
SYNTH-BANK-001273,2026-06-13 11:01:00,2446.31,CREDIT,MYNTRA PAY,UPI683712,WALLET
SYNTH-BANK-001274,2026-06-21 10:16:00,4030.52,CREDIT,NYKAA,UPI477517,NETBANKING
SYNTH-BANK-001275,2026-07-21 05:53:00,2188.77,CREDIT,Croma Electronics,UPI395416,UPI
SYNTH-BANK-001276,2026-05-07 00:50:00,1377.83,DEBIT,Flipkart Internet,UPI755155,UPI
SYNTH-BANK-001277,2026-07-26 12:12:00,864.28,CREDIT,BIGBASKET INDIA,UPI815707,CARD
SYNTH-BANK-001278,2026-05-26 07:43:00,2783.63,CREDIT,DECATHLON INDIA,UPI660109,UPI
SYNTH-BANK-001279,2026-05-20 06:36:00,211.03,DEBIT,MYNTRA,UPI626300,NETBANKING
SYNTH-BANK-001280,2026-06-17 06:04:00,2389.13,CREDIT,DOMINOS INDIA,UPI952725,NETBANKING
SYNTH-BANK-001281,2026-07-02 23:53:00,429.53,CREDIT,IRCTC,UPI682796,WALLET
SYNTH-BANK-001282,2026-07-15 06:32:00,768.67,CREDIT,URBAN COMPANY,UPI827603,NETBANKING
SYNTH-BANK-001283,2026-05-22 15:54:00,669.44,DEBIT,BOOKMYSHOW.COM,UPI642505,CARD
SYNTH-BANK-001284,2026-07-07 20:25:00,1779.13,CREDIT,Big Basket,UPI181199,CARD
SYNTH-BANK-001285,2026-06-23 21:16:00,1186.16,DEBIT,BOOKMYSHOW,UPI627882,NETBANKING
SYNTH-BANK-001286,2026-06-19 21:46:00,1881.73,CREDIT,FLIPKART,UPI400464,UPI
SYNTH-BANK-001287,2026-05-11 02:29:00,484.56,CREDIT,NYKAA.COM,UPI378072,UPI
SYNTH-BANK-001288,2026-07-05 10:50:00,897.15,CREDIT,Zomato Ltd,UPI141371,NETBANKING
SYNTH-BANK-001289,2026-07-19 18:01:00,4886.6,CREDIT,Apollo Pharmacy Ltd,UPI607121,NETBANKING
SYNTH-BANK-001290,2026-07-04 02:45:00,1769.97,CREDIT,Ola Mobility,UPI964885,NETBANKING
SYNTH-BANK-001291,2026-07-10 00:36:00,499.83,CREDIT,BIGBASKET INDIA,UPI978539,CARD
SYNTH-BANK-001293,2026-06-27 06:01:00,504.95,CREDIT,ZOMATO*BANGALORE,UPI338924,NETBANKING
SYNTH-BANK-001294,2026-05-14 00:20:00,739.23,CREDIT,OLA CABS,UPI428272,UPI
SYNTH-BANK-001295,2026-05-17 04:31:00,905.54,CREDIT,METRO CASH & CARRY,UPI938591,NETBANKING
SYNTH-BANK-001297,2026-07-06 15:38:00,370.9,CREDIT,Flipkart Internet,UPI796250,NETBANKING
SYNTH-BANK-001298,2026-07-25 23:38:00,1094.1,DEBIT,MYNTRA,UPI884102,NETBANKING
SYNTH-BANK-001299,2026-05-01 15:09:00,679.15,DEBIT,Myntra Designs,UPI734645,NETBANKING
SYNTH-BANK-001300,2026-05-26 01:43:00,848.6,CREDIT,OLA CABS,UPI272813,WALLET
SYNTH-BANK-001301,2026-05-08 11:27:00,800.28,CREDIT,Decathlon Sports,UPI104663,NETBANKING
SYNTH-BANK-001302,2026-05-24 13:31:00,1089.54,DEBIT,DOMINO'S PIZZA,UPI237626,WALLET
SYNTH-BANK-001303,2026-06-17 19:51:00,2890.43,DEBIT,Uber Technologies,UPI452246,CARD
SYNTH-BANK-001304,2026-07-07 06:12:00,889.45,CREDIT,MYNTRA,UPI270452,WALLET
SYNTH-BANK-001305,2026-07-07 18:33:00,511.0,CREDIT,BOOKMYSHOW,UPI509015,CARD
SYNTH-BANK-DUP-001306,2026-05-01 11:47:00,812.61,DEBIT,SWIGGY,UPI631485,WALLET
SYNTH-BANK-001306,2026-05-01 11:47:00,812.61,DEBIT,SWIGGY,UPI631485,WALLET
SYNTH-BANK-001307,2026-06-06 00:18:00,663.34,DEBIT,Uber Technologies,UPI746333,NETBANKING
SYNTH-BANK-001308,2026-06-04 17:07:00,1928.14,CREDIT,RELIANCE DIGITAL,UPI559711,UPI
SYNTH-BANK-001309,2026-07-28 13:18:00,3116.27,CREDIT,FLIPKART PAY,UPI635452,CARD
SYNTH-BANK-001310,2026-05-25 18:52:00,1184.33,CREDIT,BOOKMYSHOW.COM,UPI639730,WALLET
SYNTH-BANK-DUP-001311,2026-07-21 08:20:00,563.86,CREDIT,Flipkart Internet,UPI510312,NETBANKING
SYNTH-BANK-001311,2026-07-21 08:20:00,563.86,CREDIT,Flipkart Internet,UPI510312,NETBANKING
SYNTH-BANK-001312,2026-06-18 05:40:00,1190.26,CREDIT,URBANCLAP,UPI249490,NETBANKING
SYNTH-BANK-DUP-001313,2026-07-06 20:13:00,966.04,CREDIT,Swiggy India,UPI117251,UPI
SYNTH-BANK-001313,2026-07-06 20:13:00,966.04,CREDIT,Swiggy India,UPI117251,UPI
SYNTH-BANK-001314,2026-06-06 19:08:00,1955.53,DEBIT,BMS,UPI176766,CARD
SYNTH-BANK-001315,2026-07-26 23:39:00,2861.72,CREDIT,URBANCLAP,UPI536628,WALLET
SYNTH-BANK-001316,2026-07-28 13:25:00,2121.53,CREDIT,CROMA,UPI981695,WALLET
SYNTH-BANK-001317,2026-06-09 00:26:00,1314.22,DEBIT,RELIANCE DIGITAL,UPI901526,CARD
SYNTH-BANK-001318,2026-06-22 22:29:00,903.54,CREDIT,Apollo Pharmacy Ltd,UPI880674,WALLET
SYNTH-BANK-001319,2026-05-14 07:09:00,1167.73,DEBIT,AMAZON,UPI155646,NETBANKING
SYNTH-BANK-001320,2026-07-05 03:31:00,425.75,CREDIT,Apollo Pharmacy Ltd,UPI183247,NETBANKING
SYNTH-BANK-001321,2026-06-25 10:57:00,903.92,DEBIT,MYNTRA PAY,UPI373223,WALLET
SYNTH-BANK-001322,2026-06-11 22:30:00,539.15,CREDIT,CROMA RETAIL,UPI355980,WALLET
SYNTH-BANK-001324,2026-06-27 07:22:00,1248.52,DEBIT,BIGBASKET INDIA,UPI291641,NETBANKING
SYNTH-BANK-001325,2026-07-28 11:28:00,5965.26,CREDIT,AMAZON,UPI395310,CARD
SYNTH-BANK-001326,2026-07-15 16:48:00,877.66,CREDIT,FLIPKART,UPI655969,UPI
SYNTH-BANK-001327,2026-05-08 10:15:00,1032.68,CREDIT,IRCTC,UPI311435,UPI
SYNTH-BANK-001328,2026-05-24 10:12:00,436.4,CREDIT,METRO RETAIL,UPI422958,UPI
SYNTH-BANK-001329,2026-06-28 02:27:00,419.47,CREDIT,UBER,UPI495899,WALLET
SYNTH-BANK-001330,2026-07-24 05:03:00,3536.47,CREDIT,BIGBASKET,UPI962126,NETBANKING
SYNTH-BANK-001331,2026-06-18 04:42:00,1038.66,CREDIT,UBER,UPI498394,CARD
SYNTH-BANK-001332,2026-05-22 01:33:00,787.91,CREDIT,ZOMATO*BANGALORE,UPI678859,NETBANKING
SYNTH-BANK-001333,2026-07-26 08:56:00,5201.44,CREDIT,Nykaa E-Retail,UPI977437,NETBANKING
SYNTH-BANK-001334,2026-07-12 12:08:00,4808.87,CREDIT,CROMA,UPI512959,CARD
SYNTH-BANK-001335,2026-06-10 22:10:00,1163.37,CREDIT,Croma Electronics,UPI123035,WALLET
SYNTH-BANK-001336,2026-07-01 06:49:00,1039.76,CREDIT,IRCTC E-TICKETING,UPI342591,NETBANKING
SYNTH-BANK-DUP-001337,2026-06-24 14:07:00,3581.07,DEBIT,IRCTC,UPI479816,UPI
SYNTH-BANK-001337,2026-06-24 14:07:00,3581.07,DEBIT,IRCTC,UPI479816,UPI
SYNTH-BANK-001338,2026-05-09 21:56:00,472.85,DEBIT,RELIANCE DIGITAL,UPI232798,WALLET
SYNTH-BANK-001339,2026-06-02 01:24:00,499.5,CREDIT,UBER INDIA,UPI755468,UPI
SYNTH-BANK-DUP-001340,2026-07-06 11:57:00,1826.98,DEBIT,METRO RETAIL,UPI228499,NETBANKING
SYNTH-BANK-001340,2026-07-06 11:57:00,1826.98,DEBIT,METRO RETAIL,UPI228499,NETBANKING
SYNTH-BANK-001341,2026-06-04 07:58:00,4013.02,CREDIT,NYKAA.COM,UPI870226,UPI
SYNTH-BANK-001343,2026-07-12 04:46:00,2090.77,CREDIT,DECATHLON INDIA,UPI406564,CARD
SYNTH-BANK-001344,2026-06-14 12:58:00,974.63,CREDIT,IRCTC E-TICKETING,UPI581096,CARD
SYNTH-BANK-001345,2026-06-19 10:55:00,950.99,CREDIT,IRCTC E-TICKETING,UPI225531,WALLET
SYNTH-BANK-001346,2026-07-19 17:47:00,615.31,CREDIT,Ola Mobility,UPI975753,WALLET
SYNTH-BANK-001347,2026-05-24 16:07:00,2039.29,CREDIT,Big Basket,UPI304585,UPI
SYNTH-BANK-001348,2026-07-29 22:47:00,403.06,CREDIT,BIGBASKET INDIA,UPI334529,NETBANKING
SYNTH-BANK-001349,2026-06-29 16:05:00,1344.78,CREDIT,IRCTC E-TICKETING,UPI159268,WALLET
SYNTH-BANK-001350,2026-05-28 23:18:00,1288.15,DEBIT,AMAZON,UPI960384,CARD
SYNTH-BANK-001351,2026-07-03 19:21:00,2133.63,CREDIT,FLIPKART PAY,UPI585114,WALLET
SYNTH-BANK-001352,2026-06-24 23:03:00,1391.05,CREDIT,CROMA RETAIL,UPI142591,WALLET
SYNTH-BANK-001353,2026-06-02 07:25:00,1272.74,DEBIT,APOLLO PHARMACY,UPI661023,CARD
SYNTH-BANK-001354,2026-07-28 11:54:00,1821.65,CREDIT,IRCTC,UPI641291,CARD
SYNTH-BANK-001355,2026-07-02 13:18:00,1320.16,CREDIT,RELIANCE DIGITAL,UPI326943,CARD
SYNTH-BANK-001356,2026-05-19 04:59:00,872.28,CREDIT,Croma Electronics,UPI560167,UPI
SYNTH-BANK-001357,2026-05-10 19:58:00,1473.64,CREDIT,AMAZON,UPI867704,UPI
SYNTH-BANK-001358,2026-07-26 18:27:00,5237.26,CREDIT,BOOKMYSHOW.COM,UPI372696,WALLET
SYNTH-BANK-001359,2026-06-04 00:31:00,780.02,CREDIT,Nykaa E-Retail,UPI575963,WALLET
SYNTH-BANK-001360,2026-06-04 02:00:00,1918.67,CREDIT,Zomato Ltd,UPI861844,UPI
SYNTH-BANK-001361,2026-07-03 16:44:00,1667.5,CREDIT,Zomato Ltd,UPI730953,WALLET
SYNTH-BANK-001362,2026-05-02 01:46:00,1419.11,CREDIT,IRCTC E-TICKETING,UPI277259,CARD
SYNTH-BANK-001363,2026-06-16 10:17:00,2910.26,CREDIT,Myntra Designs,UPI562544,UPI
SYNTH-BANK-001364,2026-06-18 18:26:00,605.37,DEBIT,Big Basket,UPI907426,WALLET
SYNTH-BANK-001365,2026-07-08 08:05:00,2314.35,CREDIT,ZOMATO,UPI895592,WALLET
SYNTH-BANK-001366,2026-05-03 09:23:00,745.2,CREDIT,FLIPKART PAY,UPI394377,CARD
SYNTH-BANK-001367,2026-07-01 15:49:00,2239.37,DEBIT,DOMINOS INDIA,UPI422015,NETBANKING
SYNTH-BANK-001368,2026-05-03 06:27:00,449.61,DEBIT,Ola Mobility,UPI173419,UPI
SYNTH-BANK-001369,2026-06-18 11:33:00,442.74,CREDIT,IRCTC RAIL,UPI650942,UPI
SYNTH-BANK-001370,2026-07-05 12:04:00,1082.46,DEBIT,NYKAA.COM,UPI242425,NETBANKING
SYNTH-BANK-001371,2026-06-01 16:56:00,1828.11,CREDIT,URBAN COMPANY,UPI817670,CARD
SYNTH-BANK-001372,2026-05-18 05:25:00,1379.72,DEBIT,BIGBASKET INDIA,UPI817037,WALLET
SYNTH-BANK-001373,2026-06-28 12:44:00,508.58,CREDIT,SWIGGY,UPI129580,NETBANKING
SYNTH-BANK-DUP-001374,2026-06-06 06:55:00,349.23,CREDIT,Flipkart Internet,UPI678771,CARD
SYNTH-BANK-001374,2026-06-06 06:55:00,349.23,CREDIT,Flipkart Internet,UPI678771,CARD
SYNTH-BANK-001375,2026-07-19 11:44:00,1767.62,CREDIT,ZOMATO*BANGALORE,UPI821229,WALLET
SYNTH-BANK-001376,2026-07-13 09:59:00,1217.06,CREDIT,UBER INDIA,UPI808362,UPI
SYNTH-BANK-001377,2026-06-05 04:32:00,921.98,CREDIT,OLA CABS,UPI389317,UPI
SYNTH-BANK-001378,2026-07-15 09:40:00,1645.56,CREDIT,APOLLO,UPI882429,UPI
SYNTH-BANK-001380,2026-07-13 22:50:00,1835.14,DEBIT,IRCTC,UPI757636,CARD
SYNTH-BANK-001381,2026-06-08 23:07:00,1898.07,CREDIT,Big Basket,UPI173869,NETBANKING
SYNTH-BANK-001382,2026-05-27 02:57:00,1406.79,DEBIT,BOOKMYSHOW,UPI692171,WALLET
SYNTH-BANK-001383,2026-06-28 04:32:00,1121.61,DEBIT,UBER INDIA,UPI215556,UPI
SYNTH-BANK-001384,2026-06-27 05:24:00,2143.82,CREDIT,Croma Electronics,UPI890133,NETBANKING
SYNTH-BANK-001385,2026-06-18 16:32:00,4596.81,CREDIT,NYKAA,UPI387448,CARD
SYNTH-BANK-001386,2026-06-26 13:41:00,3820.44,CREDIT,URBANCLAP,UPI241881,WALLET
SYNTH-BANK-001387,2026-07-20 13:56:00,1909.15,CREDIT,IRCTC,UPI445891,UPI
SYNTH-BANK-001388,2026-05-26 05:26:00,861.96,DEBIT,UBER INDIA,UPI742139,NETBANKING
SYNTH-BANK-001389,2026-06-08 05:50:00,2044.03,CREDIT,IRCTC E-TICKETING,UPI265786,WALLET
SYNTH-BANK-001390,2026-07-10 21:25:00,807.05,DEBIT,METRO CASH & CARRY,UPI547199,CARD
SYNTH-BANK-001391,2026-07-18 22:36:00,3076.76,CREDIT,Urban Company India,UPI582611,CARD
SYNTH-BANK-001392,2026-05-14 12:07:00,2241.25,CREDIT,Amazon India,UPI466128,WALLET
SYNTH-BANK-001393,2026-06-25 19:54:00,809.81,CREDIT,METRO INDIA,UPI441040,WALLET
SYNTH-BANK-001394,2026-05-22 04:46:00,713.44,CREDIT,Uber Technologies,UPI810685,NETBANKING
SYNTH-BANK-001395,2026-05-04 11:26:00,1371.03,CREDIT,Decathlon Sports,UPI219951,NETBANKING
SYNTH-BANK-001396,2026-07-20 06:05:00,908.24,CREDIT,FLIPKART PAY,UPI869889,UPI
SYNTH-BANK-001397,2026-05-30 02:56:00,1317.34,CREDIT,UBER,UPI420421,UPI
SYNTH-BANK-001398,2026-07-07 13:33:00,664.97,CREDIT,Flipkart Internet,UPI563827,CARD
SYNTH-BANK-001399,2026-07-07 17:13:00,594.2,CREDIT,ZOMATO*BANGALORE,UPI618045,WALLET
SYNTH-BANK-001400,2026-07-09 05:22:00,517.03,CREDIT,NYKAA.COM,UPI661227,NETBANKING
SYNTH-BANK-001401,2026-07-15 13:49:00,4188.23,DEBIT,URBAN COMPANY,UPI736438,UPI
SYNTH-BANK-001402,2026-05-15 03:00:00,591.96,CREDIT,BMS,UPI195058,WALLET
SYNTH-BANK-001403,2026-06-15 01:14:00,517.43,CREDIT,Croma Electronics,UPI722099,UPI
SYNTH-BANK-001404,2026-05-29 05:39:00,823.93,DEBIT,IRCTC RAIL,UPI639439,WALLET
SYNTH-BANK-001405,2026-06-28 16:26:00,1112.28,CREDIT,ZOMATO*BANGALORE,UPI483361,NETBANKING
SYNTH-BANK-001407,2026-07-19 13:55:00,2914.36,CREDIT,AMAZON,UPI760083,UPI
SYNTH-BANK-001408,2026-07-06 17:47:00,800.41,CREDIT,BIGBASKET INDIA,UPI688498,WALLET
SYNTH-BANK-001409,2026-06-12 22:00:00,1904.62,CREDIT,BMS,UPI674384,CARD
SYNTH-BANK-001410,2026-05-10 16:05:00,401.15,CREDIT,Ola Mobility,UPI642860,WALLET
SYNTH-BANK-001411,2026-06-26 14:40:00,6072.55,CREDIT,FLIPKART PAY,UPI826300,NETBANKING
SYNTH-BANK-001412,2026-05-16 23:01:00,589.53,DEBIT,Croma Electronics,UPI615187,WALLET
SYNTH-BANK-001413,2026-07-26 03:00:00,371.99,CREDIT,OLA,UPI940625,WALLET
SYNTH-BANK-001414,2026-05-31 21:58:00,2639.9,CREDIT,APOLLO,UPI259600,CARD
SYNTH-BANK-DUP-001415,2026-06-11 20:27:00,1606.07,CREDIT,CROMA RETAIL,UPI495971,NETBANKING
SYNTH-BANK-001415,2026-06-11 20:27:00,1606.07,CREDIT,CROMA RETAIL,UPI495971,NETBANKING
SYNTH-BANK-001416,2026-06-02 08:39:00,998.52,CREDIT,Apollo Pharmacy Ltd,UPI482100,WALLET
SYNTH-BANK-001417,2026-07-22 20:23:00,1356.94,CREDIT,Decathlon Sports,UPI152158,NETBANKING
SYNTH-BANK-001418,2026-05-25 03:56:00,1160.39,CREDIT,BIGBASKET INDIA,UPI214275,CARD
SYNTH-BANK-001419,2026-05-18 05:01:00,693.83,DEBIT,IRCTC RAIL,UPI952355,NETBANKING
SYNTH-BANK-001420,2026-07-07 07:33:00,4072.35,CREDIT,CROMA RETAIL,UPI588393,WALLET
SYNTH-BANK-001421,2026-05-08 03:07:00,482.33,CREDIT,Zomato Ltd,UPI551386,UPI
SYNTH-BANK-001422,2026-06-10 07:35:00,175.94,DEBIT,UBER INDIA,UPI707418,UPI
SYNTH-BANK-001423,2026-05-04 03:41:00,3397.75,CREDIT,BIGBASKET,UPI625276,NETBANKING
SYNTH-BANK-001424,2026-06-30 18:28:00,2835.96,CREDIT,MYNTRA PAY,UPI728466,CARD
SYNTH-BANK-001425,2026-07-18 17:02:00,5269.81,CREDIT,Zomato Ltd,UPI896543,NETBANKING
SYNTH-BANK-001426,2026-05-04 14:18:00,834.08,CREDIT,UBER INDIA,UPI515894,NETBANKING
SYNTH-BANK-001427,2026-05-22 02:15:00,1035.46,CREDIT,BIGBASKET,UPI910219,NETBANKING
SYNTH-BANK-001428,2026-07-09 06:40:00,923.58,CREDIT,Amazon India,UPI178416,WALLET
SYNTH-BANK-001429,2026-05-31 09:39:00,1109.24,DEBIT,BMS,UPI196520,UPI
SYNTH-BANK-001430,2026-06-11 22:02:00,1340.36,CREDIT,Apollo Pharmacy Ltd,UPI951890,CARD
SYNTH-BANK-001431,2026-07-28 05:26:00,786.26,CREDIT,FLIPKART PAY,UPI343966,NETBANKING
SYNTH-BANK-001432,2026-07-01 04:28:00,1273.34,CREDIT,DOMINOS,UPI106453,UPI
SYNTH-BANK-001433,2026-05-28 05:23:00,1950.76,DEBIT,URBANCLAP,UPI121583,WALLET
SYNTH-BANK-001434,2026-05-30 07:34:00,622.03,DEBIT,BIGBASKET INDIA,UPI893814,UPI
SYNTH-BANK-001435,2026-05-27 18:12:00,294.7,CREDIT,DOMINOS,UPI178501,NETBANKING
SYNTH-BANK-001436,2026-07-24 17:06:00,1273.18,DEBIT,Zomato Ltd,UPI132971,CARD
SYNTH-BANK-001437,2026-07-28 06:36:00,2022.98,CREDIT,METRO INDIA,UPI293339,CARD
SYNTH-BANK-001438,2026-05-02 12:46:00,475.02,DEBIT,ZOMATO*BANGALORE,UPI107843,WALLET
SYNTH-BANK-001439,2026-05-03 21:35:00,438.48,CREDIT,METRO RETAIL,UPI715016,CARD
SYNTH-BANK-001440,2026-05-15 19:38:00,2370.3,CREDIT,RELIANCE DIGITAL,UPI967536,CARD
SYNTH-BANK-001441,2026-06-24 09:41:00,395.08,CREDIT,APOLLO PHARMACY,UPI997921,WALLET
SYNTH-BANK-001442,2026-06-03 18:38:00,290.57,DEBIT,ZOMATO*BANGALORE,UPI296755,WALLET
SYNTH-BANK-001443,2026-06-30 04:07:00,605.67,CREDIT,AMAZON PAY,UPI369350,WALLET
SYNTH-BANK-001444,2026-06-24 08:59:00,445.37,CREDIT,UBER,UPI475823,WALLET
SYNTH-BANK-001446,2026-05-30 09:54:00,1394.62,DEBIT,BMS,UPI153603,CARD
SYNTH-BANK-001447,2026-06-04 18:26:00,1059.05,DEBIT,AMAZON PAY,UPI473737,WALLET
SYNTH-BANK-001448,2026-05-27 19:33:00,3545.5,DEBIT,AMAZON,UPI593446,WALLET
SYNTH-BANK-001449,2026-07-07 03:28:00,2695.13,CREDIT,URBANCLAP,UPI988210,CARD
SYNTH-BANK-001450,2026-06-01 03:42:00,628.86,DEBIT,Urban Company India,UPI149703,UPI
SYNTH-BANK-001451,2026-06-04 15:29:00,1105.4,CREDIT,OLA CABS,UPI854479,WALLET
SYNTH-BANK-DUP-001452,2026-07-20 04:46:00,2808.14,CREDIT,UBER INDIA,UPI728354,UPI
SYNTH-BANK-001452,2026-07-20 04:46:00,2808.14,CREDIT,UBER INDIA,UPI728354,UPI
SYNTH-BANK-001453,2026-07-11 03:47:00,2127.23,CREDIT,BMS,UPI954307,NETBANKING
SYNTH-BANK-DUP-001454,2026-05-04 03:47:00,1546.79,CREDIT,AMAZON,UPI647384,UPI
SYNTH-BANK-001454,2026-05-04 03:47:00,1546.79,CREDIT,AMAZON,UPI647384,UPI
SYNTH-BANK-DUP-001455,2026-07-06 13:12:00,1153.72,CREDIT,UBER INDIA,UPI724812,UPI
SYNTH-BANK-001455,2026-07-06 13:12:00,1153.72,CREDIT,UBER INDIA,UPI724812,UPI
SYNTH-BANK-001457,2026-07-16 04:23:00,1675.7,CREDIT,Swiggy India,UPI300200,CARD
SYNTH-BANK-001458,2026-05-20 15:47:00,2168.33,DEBIT,IRCTC,UPI252929,CARD
SYNTH-BANK-001459,2026-07-10 10:13:00,3006.03,CREDIT,METRO CASH & CARRY,UPI480437,WALLET
SYNTH-BANK-001460,2026-06-13 02:42:00,202.3,DEBIT,Uber Technologies,UPI230815,UPI
SYNTH-BANK-001461,2026-06-03 11:34:00,1310.96,DEBIT,METRO RETAIL,UPI328361,NETBANKING
SYNTH-BANK-001462,2026-06-25 03:45:00,2469.68,CREDIT,Zomato Ltd,UPI461413,CARD
SYNTH-BANK-DUP-001463,2026-06-20 19:21:00,1029.35,DEBIT,MYNTRA,UPI967290,WALLET
SYNTH-BANK-001463,2026-06-20 19:21:00,1029.35,DEBIT,MYNTRA,UPI967290,WALLET
SYNTH-BANK-001464,2026-07-30 02:20:00,531.76,CREDIT,SWIGGY,UPI572602,WALLET
SYNTH-BANK-001465,2026-07-02 21:22:00,313.3,CREDIT,MYNTRA PAY,UPI850962,NETBANKING
SYNTH-BANK-001466,2026-06-04 00:56:00,1151.84,CREDIT,Swiggy India,UPI959652,WALLET
SYNTH-BANK-001467,2026-05-28 08:27:00,684.38,DEBIT,DOMINOS INDIA,UPI625725,UPI
SYNTH-BANK-DUP-001468,2026-05-11 09:35:00,1503.89,CREDIT,NYKAA.COM,UPI991838,UPI
SYNTH-BANK-001468,2026-05-11 09:35:00,1503.89,CREDIT,NYKAA.COM,UPI991838,UPI
SYNTH-BANK-001469,2026-07-23 13:50:00,2172.05,CREDIT,BMS,UPI678067,WALLET
SYNTH-BANK-001470,2026-05-17 15:51:00,165.9,CREDIT,SWIGGY,UPI106986,CARD
SYNTH-BANK-001472,2026-05-05 10:48:00,1874.42,DEBIT,OLA,UPI776982,NETBANKING
SYNTH-BANK-001473,2026-06-08 16:15:00,3844.32,CREDIT,URBANCLAP,UPI276508,NETBANKING
SYNTH-BANK-001474,2026-06-06 07:19:00,1531.28,CREDIT,METRO CASH & CARRY,UPI435461,UPI
SYNTH-BANK-001475,2026-06-03 07:15:00,887.26,CREDIT,Myntra Designs,UPI236832,UPI
SYNTH-BANK-001476,2026-05-31 11:16:00,1501.49,CREDIT,MYNTRA,UPI597560,CARD
SYNTH-BANK-001477,2026-05-24 06:09:00,2005.85,CREDIT,DOMINOS INDIA,UPI182680,CARD
SYNTH-BANK-001478,2026-06-23 11:09:00,1355.76,DEBIT,DOMINOS INDIA,UPI834616,CARD
SYNTH-BANK-001479,2026-06-22 19:48:00,1609.31,CREDIT,BIGBASKET INDIA,UPI612411,CARD
SYNTH-BANK-001480,2026-07-12 00:03:00,829.58,DEBIT,Reliance Retail Ltd,UPI340495,NETBANKING
SYNTH-BANK-001481,2026-05-05 11:47:00,3101.17,CREDIT,IRCTC,UPI918099,CARD
SYNTH-BANK-001482,2026-06-01 16:23:00,789.55,DEBIT,Uber Technologies,UPI773664,CARD
SYNTH-BANK-001483,2026-05-26 16:25:00,1111.43,CREDIT,Reliance Retail Ltd,UPI853446,CARD
SYNTH-BANK-001484,2026-05-24 22:15:00,2428.44,CREDIT,Uber Technologies,UPI979972,CARD
SYNTH-BANK-001485,2026-05-09 17:04:00,851.2,CREDIT,Amazon India,UPI891204,UPI
SYNTH-BANK-001486,2026-06-08 20:24:00,585.43,CREDIT,APOLLO PHARMACY,UPI886274,UPI
SYNTH-BANK-001488,2026-07-17 12:43:00,892.02,DEBIT,MYNTRA,UPI968619,CARD
SYNTH-BANK-001489,2026-06-19 00:41:00,2272.63,CREDIT,UBER,UPI868990,UPI
SYNTH-BANK-001490,2026-07-17 19:42:00,500.61,CREDIT,MYNTRA PAY,UPI671355,CARD
SYNTH-BANK-001491,2026-05-05 13:05:00,885.58,CREDIT,BIGBASKET,UPI441595,UPI
SYNTH-BANK-001492,2026-07-12 18:00:00,721.31,CREDIT,Amazon India,UPI773352,WALLET
SYNTH-BANK-001493,2026-07-10 16:01:00,3361.08,DEBIT,METRO INDIA,UPI974654,WALLET
SYNTH-BANK-001494,2026-07-17 21:15:00,643.01,CREDIT,URBAN COMPANY,UPI629907,WALLET
SYNTH-BANK-001495,2026-06-20 05:47:00,1041.16,CREDIT,NYKAA,UPI428065,CARD
SYNTH-BANK-001496,2026-07-04 02:42:00,836.11,CREDIT,BIGBASKET,UPI683393,WALLET
SYNTH-BANK-001497,2026-06-21 15:07:00,1971.87,DEBIT,Myntra Designs,UPI989082,CARD
SYNTH-BANK-001498,2026-05-14 13:37:00,2286.15,DEBIT,BOOKMYSHOW,UPI502508,UPI
SYNTH-BANK-001499,2026-06-07 10:47:00,230.12,CREDIT,Croma Electronics,UPI723858,WALLET
SYNTH-BANK-001500,2026-05-24 20:11:00,126.32,CREDIT,Apollo Pharmacy Ltd,UPI931811,CARD
SYNTH-BANK-001501,2026-07-04 18:45:00,794.7,CREDIT,DOMINOS,UPI162877,WALLET
SYNTH-BANK-001502,2026-05-26 06:35:00,1426.75,CREDIT,Apollo Pharmacy Ltd,UPI139579,UPI
SYNTH-BANK-001503,2026-05-24 10:49:00,625.02,CREDIT,Flipkart Internet,UPI592298,WALLET
SYNTH-BANK-001504,2026-05-05 00:43:00,712.79,CREDIT,BIGBASKET INDIA,UPI335130,WALLET
SYNTH-BANK-001505,2026-07-07 01:29:00,3027.4,CREDIT,ZOMATO*BANGALORE,UPI857428,WALLET
SYNTH-BANK-001506,2026-05-04 21:04:00,458.6,CREDIT,ZOMATO,UPI917165,NETBANKING
SYNTH-BANK-001507,2026-06-23 08:44:00,683.79,CREDIT,DOMINO'S PIZZA,UPI992064,NETBANKING
SYNTH-BANK-001508,2026-07-16 12:02:00,685.73,CREDIT,OLA CABS,UPI175151,NETBANKING
SYNTH-BANK-001509,2026-06-28 17:09:00,1454.6,DEBIT,ZOMATO*BANGALORE,UPI213982,CARD
SYNTH-BANK-001510,2026-05-10 15:19:00,2093.36,CREDIT,CROMA,UPI396470,UPI
SYNTH-BANK-001511,2026-06-02 17:58:00,2906.19,CREDIT,IRCTC,UPI524110,WALLET
SYNTH-BANK-001512,2026-06-11 15:40:00,195.23,CREDIT,Apollo Pharmacy Ltd,UPI919696,UPI
SYNTH-BANK-001513,2026-06-04 21:15:00,4479.28,CREDIT,Croma Electronics,UPI789665,CARD
SYNTH-BANK-001514,2026-06-02 14:20:00,2600.96,DEBIT,AMAZON PAY,UPI423074,NETBANKING
SYNTH-BANK-001515,2026-06-30 00:24:00,503.83,CREDIT,Ola Mobility,UPI958026,UPI
SYNTH-BANK-001516,2026-05-15 16:42:00,450.37,CREDIT,FLIPKART PAY,UPI425955,WALLET
SYNTH-BANK-001517,2026-06-07 08:36:00,254.8,DEBIT,URBAN COMPANY,UPI804681,WALLET
SYNTH-BANK-001518,2026-07-20 00:16:00,3667.65,DEBIT,METRO INDIA,UPI381083,CARD
SYNTH-BANK-001519,2026-07-01 02:27:00,587.39,CREDIT,IRCTC E-TICKETING,UPI454847,UPI
SYNTH-BANK-001520,2026-07-16 11:22:00,2694.33,CREDIT,APOLLO,UPI297394,CARD
SYNTH-BANK-001521,2026-07-11 20:40:00,1837.21,CREDIT,UBER,UPI366448,UPI
SYNTH-BANK-001522,2026-05-16 17:35:00,1012.26,CREDIT,RELIANCE DIGITAL,UPI796060,WALLET
SYNTH-BANK-001523,2026-05-09 04:23:00,715.92,CREDIT,OLA,UPI660565,CARD
SYNTH-BANK-001524,2026-07-02 06:50:00,261.42,CREDIT,SWIGGY*BLR,UPI763610,NETBANKING
SYNTH-BANK-001525,2026-07-19 16:48:00,1419.23,CREDIT,CROMA RETAIL,UPI358267,WALLET
SYNTH-BANK-001526,2026-06-25 15:07:00,587.14,DEBIT,SWIGGY*BLR,UPI832813,WALLET
SYNTH-BANK-001527,2026-06-08 16:24:00,1818.24,DEBIT,BMS,UPI330715,WALLET
SYNTH-BANK-001528,2026-05-14 03:31:00,3016.94,CREDIT,DECATHLON INDIA,UPI539583,UPI
SYNTH-BANK-001529,2026-07-01 08:40:00,522.41,CREDIT,SWIGGY,UPI559258,NETBANKING
SYNTH-BANK-001530,2026-06-05 00:09:00,1556.34,CREDIT,IRCTC,UPI673290,UPI
SYNTH-BANK-001532,2026-06-07 19:26:00,1877.65,CREDIT,UBER,UPI912785,NETBANKING
SYNTH-BANK-DUP-001533,2026-07-21 00:45:00,375.29,DEBIT,AMAZON,UPI779980,UPI
SYNTH-BANK-001533,2026-07-21 00:45:00,375.29,DEBIT,AMAZON,UPI779980,UPI
SYNTH-BANK-001534,2026-07-13 18:26:00,489.09,CREDIT,OLA,UPI950457,NETBANKING
SYNTH-BANK-DUP-001535,2026-07-17 12:43:00,1914.88,DEBIT,IRCTC,UPI340405,WALLET
SYNTH-BANK-001535,2026-07-17 12:43:00,1914.88,DEBIT,IRCTC,UPI340405,WALLET
SYNTH-BANK-001536,2026-05-31 09:03:00,1829.51,CREDIT,URBAN COMPANY,UPI877566,UPI
SYNTH-BANK-001538,2026-05-04 20:09:00,1307.46,CREDIT,Decathlon Sports,UPI907956,UPI
SYNTH-BANK-001539,2026-07-10 04:24:00,577.34,DEBIT,NYKAA,UPI463965,UPI
SYNTH-BANK-001540,2026-05-29 06:56:00,551.63,CREDIT,Myntra Designs,UPI969334,WALLET
SYNTH-BANK-001541,2026-06-02 21:40:00,2532.35,DEBIT,BMS,UPI260341,CARD
SYNTH-BANK-001542,2026-05-31 04:00:00,1192.63,CREDIT,ZOMATO,UPI621651,UPI
SYNTH-BANK-001543,2026-05-10 10:59:00,5665.24,CREDIT,RELIANCE DIGITAL,UPI471862,NETBANKING
SYNTH-BANK-001544,2026-06-05 04:57:00,2933.14,CREDIT,METRO INDIA,UPI114804,NETBANKING
SYNTH-BANK-001545,2026-05-14 07:48:00,1012.52,CREDIT,NYKAA.COM,UPI608167,WALLET
SYNTH-BANK-001546,2026-07-18 07:46:00,682.18,CREDIT,Ola Mobility,UPI292535,CARD
SYNTH-BANK-001547,2026-05-03 13:24:00,390.36,CREDIT,RELIANCE RETAIL,UPI469558,UPI
SYNTH-BANK-001548,2026-07-24 04:17:00,5876.6,DEBIT,Swiggy India,UPI367158,UPI
SYNTH-BANK-001549,2026-07-21 12:34:00,1212.12,DEBIT,BMS,UPI453903,WALLET
SYNTH-BANK-001550,2026-07-03 15:36:00,549.62,CREDIT,Zomato Ltd,UPI455249,NETBANKING
SYNTH-BANK-001551,2026-06-21 10:37:00,1059.93,CREDIT,BOOKMYSHOW,UPI893756,CARD
SYNTH-BANK-001552,2026-06-19 08:16:00,2662.61,CREDIT,RELIANCE DIGITAL,UPI132863,UPI
SYNTH-BANK-001553,2026-06-07 12:57:00,1193.67,DEBIT,Reliance Retail Ltd,UPI125707,NETBANKING
SYNTH-BANK-DUP-001554,2026-07-28 00:05:00,2120.41,DEBIT,FLIPKART PAY,UPI304378,NETBANKING
SYNTH-BANK-001554,2026-07-28 00:05:00,2120.41,DEBIT,FLIPKART PAY,UPI304378,NETBANKING
SYNTH-BANK-001555,2026-06-14 08:33:00,1256.15,CREDIT,DOMINOS INDIA,UPI566558,UPI
SYNTH-BANK-DUP-001556,2026-06-24 16:29:00,424.8,CREDIT,BOOKMYSHOW.COM,UPI289443,NETBANKING
SYNTH-BANK-001556,2026-06-24 16:29:00,424.8,CREDIT,BOOKMYSHOW.COM,UPI289443,NETBANKING
SYNTH-BANK-001557,2026-06-22 08:16:00,1196.24,DEBIT,Nykaa E-Retail,UPI902120,UPI
SYNTH-BANK-001558,2026-05-16 22:39:00,4137.53,CREDIT,UBER INDIA,UPI229272,CARD
SYNTH-BANK-001559,2026-05-07 05:36:00,1020.72,DEBIT,Croma Electronics,UPI496149,NETBANKING
SYNTH-BANK-001560,2026-06-10 09:43:00,811.65,CREDIT,Decathlon Sports,UPI169707,UPI
SYNTH-BANK-001561,2026-07-24 05:09:00,416.6,DEBIT,Reliance Retail Ltd,UPI132734,NETBANKING
SYNTH-BANK-DUP-001562,2026-06-15 07:12:00,1062.59,DEBIT,IRCTC,UPI123514,CARD
SYNTH-BANK-001562,2026-06-15 07:12:00,1062.59,DEBIT,IRCTC,UPI123514,CARD
SYNTH-BANK-001563,2026-06-24 10:51:00,838.49,CREDIT,Apollo Pharmacy Ltd,UPI686262,UPI
SYNTH-BANK-001564,2026-07-25 13:33:00,6583.27,CREDIT,MYNTRA,UPI765666,NETBANKING
SYNTH-BANK-001565,2026-06-22 18:55:00,341.68,CREDIT,IRCTC,UPI401849,WALLET
SYNTH-BANK-001566,2026-06-04 05:44:00,668.3,CREDIT,Flipkart Internet,UPI896684,NETBANKING
SYNTH-BANK-001567,2026-05-05 01:03:00,2353.61,CREDIT,Zomato Ltd,UPI420555,WALLET
SYNTH-BANK-001568,2026-06-25 03:58:00,799.83,DEBIT,NYKAA,UPI115006,NETBANKING
SYNTH-BANK-001569,2026-07-13 02:18:00,1783.87,CREDIT,RELIANCE RETAIL,UPI332567,NETBANKING
SYNTH-BANK-001570,2026-05-05 08:27:00,405.9,CREDIT,Flipkart Internet,UPI368896,UPI
SYNTH-BANK-001571,2026-07-01 15:34:00,411.25,CREDIT,AMAZON PAY,UPI404213,UPI
SYNTH-BANK-001572,2026-05-24 09:20:00,892.29,CREDIT,METRO RETAIL,UPI639806,CARD
SYNTH-BANK-001573,2026-06-17 05:24:00,1992.7,DEBIT,NYKAA.COM,UPI302977,NETBANKING
SYNTH-BANK-001574,2026-05-24 00:20:00,528.83,CREDIT,UBER,UPI884216,CARD
SYNTH-BANK-001575,2026-06-01 09:42:00,1917.89,CREDIT,Zomato Ltd,UPI376138,WALLET
SYNTH-BANK-001576,2026-06-06 19:31:00,981.78,DEBIT,METRO RETAIL,UPI704820,UPI
SYNTH-BANK-001577,2026-05-19 14:13:00,4391.22,CREDIT,ZOMATO*BANGALORE,UPI310326,UPI
SYNTH-BANK-001578,2026-06-18 22:38:00,538.42,DEBIT,CROMA,UPI716789,UPI
SYNTH-BANK-001579,2026-06-21 19:48:00,1569.6,CREDIT,RELIANCE RETAIL,UPI856870,NETBANKING
SYNTH-BANK-001580,2026-07-20 11:54:00,910.78,CREDIT,BOOKMYSHOW.COM,UPI558610,CARD
SYNTH-BANK-001581,2026-07-23 22:47:00,1521.59,CREDIT,RELIANCE DIGITAL,UPI474787,NETBANKING
SYNTH-BANK-001582,2026-07-28 20:33:00,445.85,DEBIT,Flipkart Internet,UPI865048,CARD
SYNTH-BANK-DUP-001583,2026-07-21 17:28:00,3033.08,CREDIT,MYNTRA,UPI945889,UPI
SYNTH-BANK-001583,2026-07-21 17:28:00,3033.08,CREDIT,MYNTRA,UPI945889,UPI
SYNTH-BANK-001584,2026-05-30 17:57:00,296.49,CREDIT,IRCTC RAIL,UPI119778,UPI
SYNTH-BANK-001585,2026-06-23 18:06:00,339.02,CREDIT,IRCTC E-TICKETING,UPI704379,NETBANKING
SYNTH-BANK-DUP-001586,2026-05-27 08:45:00,634.51,DEBIT,Uber Technologies,UPI964841,NETBANKING
SYNTH-BANK-001586,2026-05-27 08:45:00,634.51,DEBIT,Uber Technologies,UPI964841,NETBANKING
SYNTH-BANK-001587,2026-06-30 11:26:00,2841.19,CREDIT,BIGBASKET,UPI171167,UPI
SYNTH-BANK-001588,2026-05-16 03:04:00,2099.91,DEBIT,APOLLO,UPI616582,WALLET
SYNTH-BANK-001589,2026-05-29 07:51:00,2437.65,DEBIT,UBER,UPI282974,WALLET
SYNTH-BANK-001590,2026-07-12 21:54:00,1507.04,DEBIT,ZOMATO,UPI728286,WALLET
SYNTH-BANK-001591,2026-06-29 08:59:00,354.13,DEBIT,AMAZON PAY,UPI374589,WALLET
SYNTH-BANK-001592,2026-07-20 19:28:00,4111.42,DEBIT,Croma Electronics,UPI389718,NETBANKING
SYNTH-BANK-001593,2026-07-07 21:49:00,811.18,DEBIT,APOLLO PHARMACY,UPI435587,UPI
SYNTH-BANK-DUP-001594,2026-07-29 21:19:00,2740.02,CREDIT,UBER,UPI535006,WALLET
SYNTH-BANK-001594,2026-07-29 21:19:00,2740.02,CREDIT,UBER,UPI535006,WALLET
SYNTH-BANK-001595,2026-07-11 10:54:00,1410.08,CREDIT,CROMA RETAIL,UPI165800,WALLET
SYNTH-BANK-001596,2026-06-05 21:27:00,746.8,DEBIT,BIGBASKET,UPI162375,CARD
SYNTH-BANK-001597,2026-06-18 15:33:00,586.84,CREDIT,Myntra Designs,UPI790162,WALLET
SYNTH-BANK-001598,2026-05-08 21:20:00,746.09,CREDIT,Apollo Pharmacy Ltd,UPI622830,WALLET
SYNTH-BANK-001599,2026-07-28 11:36:00,4078.0,CREDIT,SWIGGY,UPI275147,WALLET
SYNTH-BANK-001600,2026-06-05 04:33:00,5972.01,DEBIT,URBANCLAP,UPI241268,WALLET
SYNTH-BANK-001601,2026-06-29 21:56:00,1906.31,DEBIT,RELIANCE DIGITAL,UPI434324,CARD
SYNTH-BANK-001603,2026-06-05 18:37:00,1142.35,CREDIT,IRCTC RAIL,UPI671442,UPI
SYNTH-BANK-001604,2026-06-05 09:25:00,2984.92,CREDIT,IRCTC E-TICKETING,UPI923444,WALLET
SYNTH-BANK-001605,2026-07-07 05:34:00,2015.33,CREDIT,DECATHLON,UPI506838,CARD
SYNTH-BANK-001606,2026-07-18 01:06:00,803.62,CREDIT,OLA CABS,UPI706280,WALLET
SYNTH-BANK-001607,2026-06-01 09:06:00,1065.24,CREDIT,APOLLO PHARMACY,UPI617933,WALLET
SYNTH-BANK-001608,2026-07-15 08:53:00,2047.55,CREDIT,APOLLO,UPI207489,CARD
SYNTH-BANK-001609,2026-06-03 17:47:00,1104.6,CREDIT,Amazon India,UPI391093,WALLET
SYNTH-BANK-001610,2026-07-29 05:43:00,844.58,DEBIT,CROMA RETAIL,UPI284249,UPI
SYNTH-BANK-001611,2026-07-18 16:55:00,2114.4,CREDIT,OLA CABS,UPI126768,WALLET
SYNTH-BANK-001612,2026-07-10 09:18:00,3329.63,CREDIT,FLIPKART PAY,UPI944744,WALLET
SYNTH-BANK-001613,2026-07-03 07:38:00,2287.34,CREDIT,NYKAA.COM,UPI369089,UPI
SYNTH-BANK-001614,2026-07-26 18:06:00,583.36,CREDIT,BOOKMYSHOW,UPI172252,UPI
SYNTH-BANK-001615,2026-05-28 06:07:00,1992.55,CREDIT,UBER INDIA,UPI845238,NETBANKING
SYNTH-BANK-001616,2026-07-06 09:24:00,2654.5,CREDIT,CROMA,UPI930713,CARD
SYNTH-BANK-001617,2026-05-20 07:21:00,1165.42,CREDIT,Apollo Pharmacy Ltd,UPI559591,NETBANKING
SYNTH-BANK-001618,2026-05-03 11:01:00,1610.45,DEBIT,URBAN COMPANY,UPI756717,UPI
SYNTH-BANK-001619,2026-05-19 08:09:00,1559.9,DEBIT,METRO CASH & CARRY,UPI201380,CARD
SYNTH-BANK-001620,2026-06-07 17:19:00,1755.32,CREDIT,Zomato Ltd,UPI905986,UPI
SYNTH-BANK-001621,2026-06-15 05:54:00,504.19,CREDIT,IRCTC E-TICKETING,UPI536154,UPI
SYNTH-BANK-001622,2026-07-18 07:16:00,1171.95,CREDIT,SWIGGY,UPI207667,WALLET
SYNTH-BANK-001623,2026-05-11 21:49:00,716.82,CREDIT,DOMINOS INDIA,UPI898765,NETBANKING
SYNTH-BANK-001624,2026-06-19 04:24:00,474.25,DEBIT,DOMINO'S PIZZA,UPI618802,WALLET
SYNTH-BANK-001625,2026-06-07 04:44:00,1036.35,CREDIT,IRCTC,UPI214130,CARD
SYNTH-BANK-001626,2026-07-15 23:15:00,1806.82,CREDIT,UBER,UPI381371,WALLET
SYNTH-BANK-001627,2026-07-27 23:26:00,537.9,CREDIT,DECATHLON,UPI172059,NETBANKING
SYNTH-BANK-001628,2026-06-03 04:46:00,1828.6,CREDIT,UBER,UPI502938,UPI
SYNTH-BANK-001629,2026-06-18 23:34:00,747.51,DEBIT,SWIGGY,UPI884768,WALLET
SYNTH-BANK-001630,2026-06-09 03:54:00,1581.52,CREDIT,DECATHLON,UPI553409,UPI
SYNTH-BANK-001631,2026-07-15 11:05:00,3133.3,CREDIT,DECATHLON INDIA,UPI369379,WALLET
SYNTH-BANK-001632,2026-07-01 22:24:00,3108.16,CREDIT,OLA CABS,UPI712914,WALLET
SYNTH-BANK-001633,2026-06-27 16:52:00,1870.44,CREDIT,CROMA RETAIL,UPI363925,NETBANKING
SYNTH-BANK-001634,2026-07-23 17:50:00,525.88,CREDIT,OLA CABS,UPI871139,UPI
SYNTH-BANK-001635,2026-05-26 14:05:00,754.25,DEBIT,NYKAA.COM,UPI232598,CARD
SYNTH-BANK-001636,2026-05-29 03:06:00,875.19,CREDIT,METRO CASH & CARRY,UPI596324,WALLET
SYNTH-BANK-001637,2026-07-27 03:26:00,1298.19,CREDIT,URBAN COMPANY,UPI507025,UPI
SYNTH-BANK-001638,2026-07-17 09:08:00,1061.45,CREDIT,NYKAA.COM,UPI786764,NETBANKING
SYNTH-BANK-001639,2026-07-12 06:00:00,1633.02,DEBIT,NYKAA.COM,UPI711130,UPI
SYNTH-BANK-001640,2026-06-12 08:55:00,3618.56,CREDIT,METRO CASH & CARRY,UPI471478,WALLET
SYNTH-BANK-001641,2026-06-09 10:16:00,511.56,CREDIT,Amazon India,UPI970948,UPI
SYNTH-BANK-001642,2026-06-15 17:23:00,808.19,DEBIT,NYKAA.COM,UPI278069,UPI
SYNTH-BANK-001643,2026-06-19 05:44:00,1845.25,DEBIT,IRCTC RAIL,UPI690152,NETBANKING
SYNTH-BANK-001644,2026-06-29 08:55:00,374.1,CREDIT,Zomato Ltd,UPI620120,UPI
SYNTH-BANK-001645,2026-05-05 15:42:00,1457.47,CREDIT,Croma Electronics,UPI552820,WALLET
SYNTH-BANK-001646,2026-06-10 16:56:00,1978.39,CREDIT,Apollo Pharmacy Ltd,UPI239304,NETBANKING
SYNTH-BANK-DUP-001647,2026-06-05 06:54:00,1902.03,CREDIT,RELIANCE RETAIL,UPI308567,UPI
SYNTH-BANK-001647,2026-06-05 06:54:00,1902.03,CREDIT,RELIANCE RETAIL,UPI308567,UPI
SYNTH-BANK-001648,2026-05-26 14:28:00,569.86,CREDIT,Reliance Retail Ltd,UPI847916,NETBANKING
SYNTH-BANK-001649,2026-07-11 05:37:00,1021.8,DEBIT,NYKAA.COM,UPI595586,CARD
SYNTH-BANK-001650,2026-07-25 03:38:00,2066.13,DEBIT,ZOMATO*BANGALORE,UPI204471,NETBANKING
SYNTH-BANK-001651,2026-06-18 23:12:00,1705.76,DEBIT,Swiggy India,UPI938531,WALLET
SYNTH-BANK-001652,2026-06-24 20:02:00,1372.01,DEBIT,Uber Technologies,UPI144846,UPI
SYNTH-BANK-001653,2026-07-23 02:32:00,816.25,CREDIT,MYNTRA,UPI116456,NETBANKING
SYNTH-BANK-001654,2026-06-24 06:16:00,1835.15,CREDIT,MYNTRA,UPI640941,UPI
SYNTH-BANK-001655,2026-06-16 17:08:00,1922.05,CREDIT,Ola Mobility,UPI874152,CARD
SYNTH-BANK-001656,2026-06-15 10:22:00,1315.36,CREDIT,CROMA RETAIL,UPI658956,CARD
SYNTH-BANK-001657,2026-07-30 07:28:00,1719.5,CREDIT,Big Basket,UPI595436,CARD
SYNTH-BANK-001658,2026-06-03 06:52:00,2023.87,CREDIT,Zomato Ltd,UPI147496,UPI
SYNTH-BANK-001659,2026-07-14 06:04:00,785.39,DEBIT,UBER INDIA,UPI756570,WALLET
SYNTH-BANK-001660,2026-06-08 15:38:00,671.04,DEBIT,BIGBASKET INDIA,UPI134217,WALLET
SYNTH-BANK-001661,2026-06-27 10:37:00,6428.77,DEBIT,OLA,UPI307605,NETBANKING
SYNTH-BANK-001662,2026-05-11 11:19:00,2878.39,CREDIT,MYNTRA,UPI358702,UPI
SYNTH-BANK-001663,2026-07-16 11:13:00,1172.12,DEBIT,CROMA RETAIL,UPI407712,WALLET
SYNTH-BANK-001664,2026-06-19 23:19:00,2437.89,CREDIT,NYKAA.COM,UPI420925,CARD
SYNTH-BANK-001665,2026-06-21 19:09:00,1434.89,CREDIT,DOMINO'S PIZZA,UPI739171,NETBANKING
SYNTH-BANK-001666,2026-07-01 08:46:00,680.0,DEBIT,METRO CASH & CARRY,UPI907140,UPI
SYNTH-BANK-DUP-001667,2026-07-26 06:48:00,5726.02,CREDIT,CROMA RETAIL,UPI880386,NETBANKING
SYNTH-BANK-001667,2026-07-26 06:48:00,5726.02,CREDIT,CROMA RETAIL,UPI880386,NETBANKING
SYNTH-BANK-001668,2026-06-03 11:42:00,959.33,CREDIT,ZOMATO,UPI845101,NETBANKING
SYNTH-BANK-001669,2026-06-01 21:54:00,783.26,DEBIT,Myntra Designs,UPI665112,NETBANKING
SYNTH-BANK-001670,2026-06-06 09:26:00,1683.91,CREDIT,Flipkart Internet,UPI671404,WALLET
SYNTH-BANK-001671,2026-05-02 04:12:00,2392.11,CREDIT,BIGBASKET INDIA,UPI241133,CARD
SYNTH-BANK-001672,2026-06-18 11:16:00,5077.5,CREDIT,APOLLO,UPI534136,CARD
SYNTH-BANK-001673,2026-06-23 16:26:00,1022.95,CREDIT,IRCTC,UPI537559,UPI
SYNTH-BANK-001674,2026-05-05 07:00:00,1679.8,CREDIT,Swiggy India,UPI386382,UPI
SYNTH-BANK-001675,2026-06-29 18:56:00,1013.11,CREDIT,FLIPKART PAY,UPI155088,WALLET
SYNTH-BANK-001676,2026-06-18 15:29:00,725.05,CREDIT,BIGBASKET INDIA,UPI423407,NETBANKING
SYNTH-BANK-001677,2026-06-29 23:20:00,838.26,CREDIT,BOOKMYSHOW,UPI131078,UPI
SYNTH-BANK-001678,2026-07-18 11:47:00,1372.99,DEBIT,AMAZON,UPI246132,CARD
SYNTH-BANK-001679,2026-06-28 05:28:00,2557.21,CREDIT,FLIPKART PAY,UPI783934,UPI
SYNTH-BANK-001680,2026-07-15 14:13:00,604.25,DEBIT,UBER INDIA,UPI260234,CARD
SYNTH-BANK-001681,2026-06-24 11:16:00,2422.12,CREDIT,OLA CABS,UPI718270,NETBANKING
SYNTH-BANK-001683,2026-07-14 22:11:00,1152.18,CREDIT,Decathlon Sports,UPI878197,NETBANKING
SYNTH-BANK-001684,2026-05-01 20:16:00,4370.51,CREDIT,OLA,UPI684178,NETBANKING
SYNTH-BANK-001685,2026-05-02 08:54:00,1054.0,CREDIT,DOMINO'S PIZZA,UPI583369,NETBANKING
SYNTH-BANK-001686,2026-07-29 10:33:00,522.24,CREDIT,Myntra Designs,UPI972150,CARD
SYNTH-BANK-001687,2026-05-13 02:06:00,3595.85,CREDIT,AMAZON PAY,UPI322969,CARD
SYNTH-BANK-001688,2026-06-24 15:29:00,3418.33,CREDIT,DOMINOS,UPI953894,WALLET
SYNTH-BANK-001689,2026-06-01 07:39:00,2668.63,CREDIT,Uber Technologies,UPI133804,WALLET
SYNTH-BANK-001690,2026-05-30 01:09:00,1536.98,DEBIT,Flipkart Internet,UPI345299,NETBANKING
SYNTH-BANK-001691,2026-07-23 12:08:00,1602.69,CREDIT,ZOMATO,UPI544749,UPI
SYNTH-BANK-001692,2026-05-23 06:56:00,2051.43,CREDIT,Myntra Designs,UPI900326,UPI
SYNTH-BANK-001693,2026-07-29 01:40:00,1214.27,DEBIT,Uber Technologies,UPI131979,UPI
SYNTH-BANK-001694,2026-06-30 21:06:00,1500.34,CREDIT,DOMINO'S PIZZA,UPI268858,CARD
SYNTH-BANK-001695,2026-06-26 00:14:00,5558.28,CREDIT,Apollo Pharmacy Ltd,UPI799188,UPI
SYNTH-BANK-001696,2026-05-12 20:15:00,1289.47,CREDIT,Nykaa E-Retail,UPI180438,WALLET
SYNTH-BANK-DUP-001697,2026-06-21 16:26:00,1098.65,CREDIT,Amazon India,UPI393969,CARD
SYNTH-BANK-001697,2026-06-21 16:26:00,1098.65,CREDIT,Amazon India,UPI393969,CARD
SYNTH-BANK-001698,2026-07-11 17:03:00,307.13,CREDIT,DOMINOS INDIA,UPI519849,WALLET
SYNTH-BANK-001699,2026-05-22 04:55:00,880.34,CREDIT,IRCTC E-TICKETING,UPI201593,NETBANKING
SYNTH-BANK-001700,2026-05-20 06:36:00,3663.0,CREDIT,RELIANCE DIGITAL,UPI624156,UPI
SYNTH-BANK-001701,2026-06-24 16:31:00,405.03,CREDIT,AMAZON PAY,UPI131912,NETBANKING
SYNTH-BANK-001702,2026-05-13 04:30:00,963.99,CREDIT,CROMA RETAIL,UPI447196,CARD
SYNTH-BANK-001703,2026-05-03 18:46:00,497.92,CREDIT,IRCTC,UPI181944,WALLET
SYNTH-BANK-001704,2026-06-11 20:12:00,287.98,DEBIT,BOOKMYSHOW.COM,UPI822380,WALLET
SYNTH-BANK-001705,2026-07-07 22:31:00,1624.96,DEBIT,URBANCLAP,UPI707844,UPI
SYNTH-BANK-001706,2026-05-12 16:51:00,861.69,CREDIT,Croma Electronics,UPI118793,CARD
SYNTH-BANK-001707,2026-07-07 08:18:00,1036.92,CREDIT,ZOMATO,UPI532403,UPI
SYNTH-BANK-001708,2026-06-18 17:56:00,1490.99,CREDIT,Big Basket,UPI463929,WALLET
SYNTH-BANK-001709,2026-06-30 11:08:00,5494.82,CREDIT,IRCTC RAIL,UPI253145,NETBANKING
SYNTH-BANK-001710,2026-06-06 12:12:00,625.28,DEBIT,IRCTC E-TICKETING,UPI813233,UPI
SYNTH-BANK-001711,2026-06-11 08:25:00,834.96,DEBIT,APOLLO PHARMACY,UPI472522,NETBANKING
SYNTH-BANK-001712,2026-05-13 17:33:00,1401.39,CREDIT,Zomato Ltd,UPI243600,UPI
SYNTH-BANK-001713,2026-07-22 11:16:00,552.15,CREDIT,METRO CASH & CARRY,UPI635984,CARD
SYNTH-BANK-001714,2026-06-30 06:31:00,828.85,DEBIT,BIGBASKET,UPI927052,UPI
SYNTH-BANK-001715,2026-05-10 09:07:00,1407.19,CREDIT,UBER INDIA,UPI608560,UPI
SYNTH-BANK-001716,2026-07-27 12:57:00,1228.6,CREDIT,ZOMATO,UPI159974,CARD
SYNTH-BANK-001717,2026-05-15 02:29:00,274.33,CREDIT,Ola Mobility,UPI818271,UPI
SYNTH-BANK-001718,2026-06-24 00:16:00,310.45,CREDIT,Flipkart Internet,UPI530641,CARD
SYNTH-BANK-001719,2026-05-22 13:00:00,1501.0,CREDIT,AMAZON,UPI654447,UPI
SYNTH-BANK-001720,2026-07-12 15:21:00,3014.82,CREDIT,BIGBASKET,UPI896832,CARD
SYNTH-BANK-001721,2026-06-22 08:46:00,223.03,CREDIT,APOLLO,UPI603541,WALLET
SYNTH-BANK-001722,2026-06-24 09:33:00,1030.66,CREDIT,FLIPKART PAY,UPI955889,CARD
SYNTH-BANK-001723,2026-05-12 21:04:00,1799.34,DEBIT,BOOKMYSHOW,UPI281291,CARD
SYNTH-BANK-001724,2026-05-03 15:47:00,790.81,DEBIT,AMAZON,UPI809671,NETBANKING
SYNTH-BANK-001725,2026-07-14 10:42:00,4645.26,DEBIT,DECATHLON,UPI632665,NETBANKING
SYNTH-BANK-001726,2026-06-17 09:23:00,822.68,DEBIT,OLA CABS,UPI877089,CARD
SYNTH-BANK-001727,2026-07-21 00:57:00,938.0,CREDIT,ZOMATO,UPI777694,UPI
SYNTH-BANK-001728,2026-06-23 03:17:00,2614.96,DEBIT,DOMINOS,UPI888259,UPI
SYNTH-BANK-001729,2026-05-17 10:50:00,525.26,CREDIT,AMAZON,UPI593742,UPI
SYNTH-BANK-001730,2026-07-16 19:26:00,3430.4,CREDIT,Amazon India,UPI451098,NETBANKING
SYNTH-BANK-001731,2026-07-06 04:23:00,2633.23,CREDIT,NYKAA.COM,UPI456070,CARD
SYNTH-BANK-001732,2026-07-21 01:41:00,1448.28,CREDIT,Uber Technologies,UPI639170,NETBANKING
SYNTH-BANK-001733,2026-07-13 05:11:00,774.51,DEBIT,CROMA RETAIL,UPI346568,CARD
SYNTH-BANK-001734,2026-05-24 08:48:00,1821.13,CREDIT,ZOMATO*BANGALORE,UPI221856,CARD
SYNTH-BANK-001735,2026-05-17 22:56:00,3613.36,CREDIT,NYKAA.COM,UPI388639,UPI
SYNTH-BANK-001736,2026-07-11 12:52:00,514.4,CREDIT,RELIANCE DIGITAL,UPI448678,WALLET
SYNTH-BANK-001737,2026-05-07 10:54:00,910.48,CREDIT,IRCTC,UPI523010,CARD
SYNTH-BANK-001738,2026-07-09 03:12:00,169.99,DEBIT,METRO RETAIL,UPI594508,NETBANKING
SYNTH-BANK-001739,2026-05-03 09:56:00,1233.03,CREDIT,METRO RETAIL,UPI642894,WALLET
SYNTH-BANK-001740,2026-05-14 12:36:00,2794.24,CREDIT,BOOKMYSHOW.COM,UPI749713,UPI
SYNTH-BANK-001741,2026-05-03 14:17:00,1950.07,CREDIT,FLIPKART,UPI339047,WALLET
SYNTH-BANK-001743,2026-07-08 01:17:00,6636.83,CREDIT,URBANCLAP,UPI571556,CARD
SYNTH-BANK-001744,2026-05-22 21:00:00,907.34,CREDIT,Myntra Designs,UPI884175,WALLET
SYNTH-BANK-001745,2026-05-18 08:37:00,1063.47,DEBIT,FLIPKART PAY,UPI727217,UPI
SYNTH-BANK-001746,2026-07-04 16:36:00,936.18,DEBIT,OLA,UPI315030,UPI
SYNTH-BANK-001747,2026-06-10 05:38:00,482.86,CREDIT,METRO RETAIL,UPI340503,UPI
SYNTH-BANK-001748,2026-07-10 21:14:00,1020.52,CREDIT,Croma Electronics,UPI488173,NETBANKING
SYNTH-BANK-001749,2026-05-21 03:01:00,437.48,CREDIT,BMS,UPI699914,NETBANKING
SYNTH-BANK-001750,2026-05-07 23:52:00,3032.63,CREDIT,Flipkart Internet,UPI410039,CARD
SYNTH-BANK-001751,2026-07-07 18:15:00,1251.48,CREDIT,BIGBASKET INDIA,UPI885547,WALLET
SYNTH-BANK-001752,2026-05-26 16:30:00,941.21,DEBIT,DOMINOS,UPI664337,UPI
SYNTH-BANK-001753,2026-07-26 15:21:00,730.2,CREDIT,NYKAA,UPI633334,WALLET
SYNTH-BANK-001754,2026-06-29 23:36:00,2457.1,CREDIT,BMS,UPI224492,WALLET
SYNTH-BANK-001755,2026-07-09 05:26:00,625.72,CREDIT,DOMINO'S PIZZA,UPI914108,CARD
SYNTH-BANK-001756,2026-06-09 20:15:00,1659.41,CREDIT,BMS,UPI242104,NETBANKING
SYNTH-BANK-001757,2026-05-31 01:02:00,668.03,CREDIT,BOOKMYSHOW.COM,UPI293975,CARD
SYNTH-BANK-001758,2026-06-21 08:25:00,232.15,CREDIT,Zomato Ltd,UPI102195,CARD
SYNTH-BANK-001759,2026-05-25 20:35:00,710.59,CREDIT,CROMA RETAIL,UPI735713,WALLET
SYNTH-BANK-001760,2026-05-16 10:36:00,2984.21,DEBIT,APOLLO PHARMACY,UPI792053,NETBANKING
SYNTH-BANK-001761,2026-07-17 10:39:00,2720.25,CREDIT,Ola Mobility,UPI451162,CARD
SYNTH-BANK-001762,2026-05-28 04:56:00,1662.65,DEBIT,IRCTC,UPI749086,UPI
SYNTH-BANK-001763,2026-07-10 11:36:00,2464.48,CREDIT,METRO CASH & CARRY,UPI579242,CARD
SYNTH-BANK-001764,2026-06-15 05:41:00,328.66,CREDIT,Nykaa E-Retail,UPI637199,NETBANKING
SYNTH-BANK-001765,2026-07-28 06:48:00,1502.88,CREDIT,Decathlon Sports,UPI243888,CARD
SYNTH-BANK-001766,2026-07-14 23:47:00,157.24,CREDIT,Apollo Pharmacy Ltd,UPI227204,CARD
SYNTH-BANK-001767,2026-07-24 09:07:00,4251.04,DEBIT,Uber Technologies,UPI811226,UPI
SYNTH-BANK-001768,2026-05-14 06:47:00,2565.01,CREDIT,ZOMATO,UPI321451,WALLET
SYNTH-BANK-001769,2026-05-02 04:10:00,2976.7,CREDIT,METRO RETAIL,UPI877003,WALLET
SYNTH-BANK-001770,2026-07-02 15:41:00,2213.01,DEBIT,DOMINO'S PIZZA,UPI503866,UPI
SYNTH-BANK-001771,2026-05-28 07:20:00,4180.41,CREDIT,NYKAA,UPI181310,UPI
SYNTH-BANK-001772,2026-07-18 21:35:00,811.03,DEBIT,SWIGGY*BLR,UPI834573,WALLET
SYNTH-BANK-001773,2026-07-22 03:37:00,4488.35,CREDIT,UBER INDIA,UPI292103,NETBANKING
SYNTH-BANK-001774,2026-07-23 23:45:00,392.83,CREDIT,AMAZON,UPI120900,WALLET
SYNTH-BANK-001775,2026-07-22 23:02:00,1112.94,CREDIT,RELIANCE RETAIL,UPI183071,WALLET
SYNTH-BANK-001776,2026-05-30 23:24:00,315.25,CREDIT,Swiggy India,UPI604603,WALLET
SYNTH-BANK-001777,2026-05-11 08:36:00,501.46,CREDIT,DOMINOS,UPI113578,NETBANKING
SYNTH-BANK-001778,2026-05-07 06:32:00,1326.22,CREDIT,Croma Electronics,UPI506715,UPI
SYNTH-BANK-001779,2026-06-05 17:51:00,269.47,CREDIT,AMAZON PAY,UPI118881,NETBANKING
SYNTH-BANK-001780,2026-05-26 04:17:00,2743.98,CREDIT,Zomato Ltd,UPI852595,WALLET
SYNTH-BANK-001781,2026-07-29 22:01:00,3615.58,DEBIT,IRCTC RAIL,UPI597753,CARD
SYNTH-BANK-001782,2026-06-13 09:50:00,809.24,CREDIT,Amazon India,UPI432591,NETBANKING
SYNTH-BANK-001783,2026-06-02 15:40:00,2433.27,CREDIT,ZOMATO*BANGALORE,UPI227045,NETBANKING
SYNTH-BANK-001784,2026-05-20 20:04:00,1695.73,CREDIT,Flipkart Internet,UPI216804,NETBANKING
SYNTH-BANK-001785,2026-06-21 08:41:00,3422.32,CREDIT,Zomato Ltd,UPI213882,NETBANKING
SYNTH-BANK-DUP-001786,2026-07-24 04:59:00,3550.39,CREDIT,IRCTC RAIL,UPI402037,UPI
SYNTH-BANK-001786,2026-07-24 04:59:00,3550.39,CREDIT,IRCTC RAIL,UPI402037,UPI
SYNTH-BANK-001787,2026-05-11 22:37:00,1812.41,CREDIT,BOOKMYSHOW,UPI112395,NETBANKING
SYNTH-BANK-001788,2026-06-24 04:27:00,845.76,CREDIT,IRCTC,UPI837972,WALLET
SYNTH-BANK-001789,2026-06-29 23:16:00,1373.18,CREDIT,BMS,UPI175029,CARD
SYNTH-BANK-001790,2026-07-14 04:08:00,1064.24,CREDIT,URBANCLAP,UPI515461,WALLET
SYNTH-BANK-001791,2026-07-27 16:27:00,1049.8,CREDIT,ZOMATO,UPI329223,NETBANKING
SYNTH-BANK-001792,2026-07-06 02:25:00,1858.62,CREDIT,CROMA RETAIL,UPI576432,UPI
SYNTH-BANK-001793,2026-07-22 05:14:00,628.34,CREDIT,IRCTC RAIL,UPI443376,NETBANKING
SYNTH-BANK-001794,2026-06-15 03:57:00,1833.39,DEBIT,Urban Company India,UPI232614,UPI
SYNTH-BANK-001795,2026-07-29 23:24:00,825.03,CREDIT,CROMA,UPI656740,UPI
SYNTH-BANK-DUP-001796,2026-07-26 18:38:00,460.22,DEBIT,OLA CABS,UPI525663,UPI
SYNTH-BANK-001796,2026-07-26 18:38:00,460.22,DEBIT,OLA CABS,UPI525663,UPI
SYNTH-BANK-001797,2026-07-02 21:06:00,1840.34,CREDIT,OLA CABS,UPI331477,UPI
SYNTH-BANK-001798,2026-06-28 20:03:00,1833.07,CREDIT,UBER INDIA,UPI209192,CARD
SYNTH-BANK-001799,2026-06-07 08:46:00,2013.91,CREDIT,METRO INDIA,UPI725896,UPI
SYNTH-BANK-001800,2026-05-29 18:50:00,715.07,DEBIT,Decathlon Sports,UPI732021,CARD
SYNTH-BANK-001801,2026-06-19 10:23:00,4025.44,CREDIT,URBANCLAP,UPI144859,WALLET
SYNTH-BANK-001802,2026-05-06 12:27:00,3301.53,CREDIT,Swiggy India,UPI430977,CARD
SYNTH-BANK-001803,2026-07-02 11:19:00,2784.7,CREDIT,SWIGGY,UPI569894,NETBANKING
SYNTH-BANK-001804,2026-07-22 16:09:00,225.68,CREDIT,APOLLO,UPI288383,NETBANKING
SYNTH-BANK-001805,2026-07-18 18:25:00,2454.66,CREDIT,METRO INDIA,UPI879245,WALLET
SYNTH-BANK-001806,2026-05-20 13:36:00,342.63,CREDIT,Reliance Retail Ltd,UPI457543,CARD
SYNTH-BANK-001807,2026-05-16 00:04:00,1048.38,CREDIT,OLA CABS,UPI474976,CARD
SYNTH-BANK-001808,2026-06-06 12:46:00,374.69,CREDIT,URBANCLAP,UPI912346,UPI
SYNTH-BANK-001809,2026-06-22 06:37:00,961.75,CREDIT,URBANCLAP,UPI796058,WALLET
SYNTH-BANK-001810,2026-05-10 08:37:00,442.32,DEBIT,Ola Mobility,UPI214923,NETBANKING
SYNTH-BANK-001811,2026-06-13 15:55:00,4123.13,DEBIT,Ola Mobility,UPI771443,CARD
SYNTH-BANK-001812,2026-06-29 16:38:00,766.88,CREDIT,BIGBASKET,UPI672465,UPI
SYNTH-BANK-001813,2026-05-21 01:29:00,1579.71,CREDIT,UBER INDIA,UPI231521,NETBANKING
SYNTH-BANK-001814,2026-05-27 19:11:00,568.21,DEBIT,OLA,UPI770960,UPI
SYNTH-BANK-001815,2026-05-03 19:01:00,3496.17,CREDIT,Apollo Pharmacy Ltd,UPI126276,CARD
SYNTH-BANK-001816,2026-06-07 20:26:00,360.89,DEBIT,Croma Electronics,UPI797331,CARD
SYNTH-BANK-001817,2026-06-09 04:48:00,1294.22,DEBIT,RELIANCE RETAIL,UPI198275,UPI
SYNTH-BANK-DUP-001818,2026-07-28 16:48:00,1725.09,CREDIT,NYKAA,UPI223129,WALLET
SYNTH-BANK-001818,2026-07-28 16:48:00,1725.09,CREDIT,NYKAA,UPI223129,WALLET
SYNTH-BANK-001819,2026-07-19 19:17:00,3851.52,CREDIT,UBER,UPI395031,NETBANKING
SYNTH-BANK-001820,2026-05-05 18:56:00,3647.49,DEBIT,RELIANCE DIGITAL,UPI808774,NETBANKING
SYNTH-BANK-001821,2026-06-05 12:04:00,749.46,DEBIT,Uber Technologies,UPI818239,WALLET
SYNTH-BANK-001822,2026-07-09 07:15:00,1667.72,CREDIT,FLIPKART PAY,UPI204366,WALLET
SYNTH-BANK-001823,2026-07-01 20:53:00,697.74,CREDIT,Uber Technologies,UPI908501,UPI
SYNTH-BANK-001824,2026-07-08 23:09:00,7299.57,CREDIT,Swiggy India,UPI327688,CARD
SYNTH-BANK-001825,2026-06-12 18:01:00,4503.44,DEBIT,URBAN COMPANY,UPI306906,NETBANKING
SYNTH-BANK-001826,2026-06-22 19:39:00,1828.26,DEBIT,BMS,UPI734430,CARD
SYNTH-BANK-001827,2026-06-02 14:25:00,1291.07,CREDIT,BOOKMYSHOW,UPI585339,UPI
SYNTH-BANK-001828,2026-06-09 01:32:00,1643.47,CREDIT,Croma Electronics,UPI297045,UPI
SYNTH-BANK-001829,2026-05-14 22:42:00,592.82,CREDIT,DOMINOS,UPI760689,WALLET
SYNTH-BANK-001830,2026-05-28 14:39:00,691.24,DEBIT,METRO RETAIL,UPI885235,NETBANKING
SYNTH-BANK-001831,2026-07-23 07:29:00,3128.34,CREDIT,Uber Technologies,UPI703492,WALLET
SYNTH-BANK-001832,2026-06-06 17:39:00,2365.21,DEBIT,DOMINO'S PIZZA,UPI382158,UPI
SYNTH-BANK-001833,2026-07-29 15:30:00,2224.82,CREDIT,URBANCLAP,UPI270814,NETBANKING
SYNTH-BANK-001834,2026-05-07 16:07:00,869.08,CREDIT,IRCTC,UPI604482,CARD
SYNTH-BANK-001835,2026-05-10 20:08:00,719.06,CREDIT,Croma Electronics,UPI879571,WALLET
SYNTH-BANK-001836,2026-06-18 05:48:00,4893.56,DEBIT,RELIANCE RETAIL,UPI453077,WALLET
SYNTH-BANK-001837,2026-06-29 01:57:00,771.15,CREDIT,DECATHLON,UPI195871,UPI
SYNTH-BANK-001838,2026-06-09 02:50:00,2689.76,DEBIT,BOOKMYSHOW.COM,UPI112034,WALLET
SYNTH-BANK-001839,2026-06-20 17:38:00,984.24,CREDIT,APOLLO PHARMACY,UPI408298,WALLET
SYNTH-BANK-001840,2026-06-20 19:03:00,3574.21,CREDIT,Swiggy India,UPI296070,NETBANKING
SYNTH-BANK-001841,2026-07-13 03:00:00,1644.91,CREDIT,Ola Mobility,UPI403226,WALLET
SYNTH-BANK-001842,2026-07-07 00:10:00,1098.72,CREDIT,UBER,UPI974895,CARD
SYNTH-BANK-DUP-001843,2026-06-12 08:13:00,2416.5,CREDIT,Reliance Retail Ltd,UPI568476,WALLET
SYNTH-BANK-001843,2026-06-12 08:13:00,2416.5,CREDIT,Reliance Retail Ltd,UPI568476,WALLET
SYNTH-BANK-001844,2026-06-24 11:31:00,109.25,CREDIT,Reliance Retail Ltd,UPI121410,NETBANKING
SYNTH-BANK-001845,2026-05-15 23:41:00,738.55,CREDIT,IRCTC RAIL,UPI845447,WALLET
SYNTH-BANK-001846,2026-06-28 12:11:00,790.22,CREDIT,SWIGGY,UPI380840,CARD
SYNTH-BANK-001847,2026-07-15 15:01:00,1286.2,CREDIT,Reliance Retail Ltd,UPI100348,WALLET
SYNTH-BANK-001848,2026-07-28 07:55:00,1049.98,DEBIT,RELIANCE DIGITAL,UPI728560,CARD
SYNTH-BANK-001849,2026-06-16 00:07:00,299.2,CREDIT,BIGBASKET,UPI252464,UPI
SYNTH-BANK-001850,2026-05-07 04:36:00,2703.94,CREDIT,NYKAA,UPI683836,NETBANKING
SYNTH-BANK-001851,2026-05-15 06:16:00,1275.14,CREDIT,NYKAA.COM,UPI502276,WALLET
SYNTH-BANK-001852,2026-07-09 01:09:00,532.77,DEBIT,NYKAA.COM,UPI940944,UPI
SYNTH-BANK-DUP-001853,2026-05-19 22:23:00,4228.13,CREDIT,METRO INDIA,UPI899655,UPI
SYNTH-BANK-001853,2026-05-19 22:23:00,4228.13,CREDIT,METRO INDIA,UPI899655,UPI
SYNTH-BANK-001854,2026-07-27 13:20:00,691.98,CREDIT,Ola Mobility,UPI600202,UPI
SYNTH-BANK-001855,2026-05-14 12:32:00,1705.91,CREDIT,Apollo Pharmacy Ltd,UPI402001,CARD
SYNTH-BANK-001856,2026-06-08 01:46:00,2397.96,CREDIT,OLA,UPI773405,NETBANKING
SYNTH-BANK-001857,2026-07-20 04:14:00,820.06,CREDIT,Decathlon Sports,UPI979724,NETBANKING
SYNTH-BANK-001858,2026-06-07 14:10:00,912.48,CREDIT,RELIANCE DIGITAL,UPI860363,UPI
SYNTH-BANK-001859,2026-05-19 14:50:00,2635.64,DEBIT,BMS,UPI702584,CARD
SYNTH-BANK-001860,2026-07-10 22:57:00,615.67,CREDIT,Ola Mobility,UPI672524,NETBANKING
SYNTH-BANK-001861,2026-06-17 15:21:00,2315.5,CREDIT,RELIANCE DIGITAL,UPI372808,NETBANKING
SYNTH-BANK-001862,2026-07-04 17:24:00,296.64,CREDIT,IRCTC RAIL,UPI213995,NETBANKING
SYNTH-BANK-001863,2026-06-01 04:15:00,6087.14,DEBIT,SWIGGY,UPI546212,NETBANKING
SYNTH-BANK-001864,2026-07-12 18:19:00,583.93,CREDIT,Nykaa E-Retail,UPI461487,NETBANKING
SYNTH-BANK-001865,2026-05-07 06:53:00,968.31,CREDIT,FLIPKART,UPI149610,CARD
SYNTH-BANK-DUP-001866,2026-05-19 16:04:00,860.9,CREDIT,BIGBASKET,UPI318392,UPI
SYNTH-BANK-001866,2026-05-19 16:04:00,860.9,CREDIT,BIGBASKET,UPI318392,UPI
SYNTH-BANK-001867,2026-05-23 13:50:00,2956.01,CREDIT,CROMA,UPI719799,UPI
SYNTH-BANK-001868,2026-05-19 22:17:00,3154.39,DEBIT,Swiggy India,UPI272852,NETBANKING
SYNTH-BANK-001869,2026-05-26 12:33:00,1170.21,CREDIT,URBAN COMPANY,UPI597673,WALLET
SYNTH-BANK-001870,2026-06-21 01:14:00,673.22,CREDIT,METRO CASH & CARRY,UPI457197,CARD
SYNTH-BANK-001871,2026-06-06 03:44:00,1659.77,CREDIT,RELIANCE RETAIL,UPI354345,UPI
SYNTH-BANK-001872,2026-05-23 15:21:00,1706.3,CREDIT,Uber Technologies,UPI645984,CARD
SYNTH-BANK-001873,2026-05-09 22:13:00,1365.9,CREDIT,Big Basket,UPI579365,CARD
SYNTH-BANK-001874,2026-05-17 11:35:00,2148.87,DEBIT,UBER,UPI410459,WALLET
SYNTH-BANK-001875,2026-05-18 03:59:00,3174.97,CREDIT,FLIPKART,UPI241531,UPI
SYNTH-BANK-001876,2026-05-19 11:50:00,1924.48,CREDIT,DECATHLON,UPI617432,CARD
SYNTH-BANK-001877,2026-05-15 11:34:00,2199.22,CREDIT,ZOMATO*BANGALORE,UPI117432,UPI
SYNTH-BANK-001878,2026-07-28 03:02:00,1238.14,CREDIT,Flipkart Internet,UPI987490,UPI
SYNTH-BANK-001879,2026-07-27 07:57:00,378.64,DEBIT,Reliance Retail Ltd,UPI209770,UPI
SYNTH-BANK-DUP-001881,2026-05-13 09:17:00,1659.99,CREDIT,BOOKMYSHOW,UPI960761,NETBANKING
SYNTH-BANK-001881,2026-05-13 09:17:00,1659.99,CREDIT,BOOKMYSHOW,UPI960761,NETBANKING
SYNTH-BANK-001882,2026-07-25 14:14:00,1048.17,CREDIT,AMAZON,UPI700287,NETBANKING
SYNTH-BANK-001883,2026-05-15 20:18:00,463.21,CREDIT,URBANCLAP,UPI791034,CARD
SYNTH-BANK-001884,2026-05-20 11:16:00,3460.69,CREDIT,BIGBASKET INDIA,UPI623791,UPI
SYNTH-BANK-001885,2026-07-24 03:41:00,1197.39,CREDIT,SWIGGY*BLR,UPI621411,CARD
SYNTH-BANK-001886,2026-06-11 23:09:00,351.98,CREDIT,BOOKMYSHOW.COM,UPI750753,CARD
SYNTH-BANK-001887,2026-06-09 15:19:00,2635.46,CREDIT,SWIGGY*BLR,UPI573600,UPI
SYNTH-BANK-001888,2026-06-06 21:58:00,1602.08,CREDIT,METRO INDIA,UPI424528,WALLET
SYNTH-BANK-001889,2026-07-22 20:16:00,1088.91,CREDIT,OLA CABS,UPI962583,UPI
SYNTH-BANK-001890,2026-05-10 17:19:00,657.23,DEBIT,URBANCLAP,UPI558065,WALLET
SYNTH-BANK-001891,2026-06-05 14:15:00,1379.24,DEBIT,METRO RETAIL,UPI587335,WALLET
SYNTH-BANK-001892,2026-05-08 17:17:00,198.84,DEBIT,APOLLO PHARMACY,UPI925583,WALLET
SYNTH-BANK-001893,2026-05-22 14:23:00,815.97,DEBIT,METRO RETAIL,UPI885563,WALLET
SYNTH-BANK-001894,2026-06-14 13:03:00,296.89,CREDIT,Reliance Retail Ltd,UPI571541,UPI
SYNTH-BANK-001895,2026-07-01 01:51:00,1347.73,CREDIT,Apollo Pharmacy Ltd,UPI961581,UPI
SYNTH-BANK-001896,2026-05-16 05:29:00,620.64,CREDIT,RELIANCE DIGITAL,UPI666254,NETBANKING
SYNTH-BANK-001897,2026-05-03 05:21:00,1357.3,CREDIT,CROMA,UPI535459,WALLET
SYNTH-BANK-001898,2026-07-01 03:02:00,1068.66,CREDIT,DECATHLON,UPI508853,UPI
SYNTH-BANK-001899,2026-07-29 21:28:00,3953.9,DEBIT,URBAN COMPANY,UPI601032,UPI
SYNTH-BANK-001900,2026-05-08 04:28:00,555.55,CREDIT,NYKAA.COM,UPI457976,UPI
SYNTH-BANK-001901,2026-07-05 00:06:00,1604.54,CREDIT,Croma Electronics,UPI642822,UPI
SYNTH-BANK-001902,2026-07-01 18:56:00,11041.26,CREDIT,UBER INDIA,UPI307561,WALLET
SYNTH-BANK-001903,2026-05-07 02:13:00,2120.81,DEBIT,FLIPKART PAY,UPI990921,CARD
SYNTH-BANK-001904,2026-07-17 05:54:00,2092.82,CREDIT,URBAN COMPANY,UPI902442,NETBANKING
SYNTH-BANK-001905,2026-07-08 01:44:00,1616.55,DEBIT,DOMINOS,UPI751951,CARD
SYNTH-BANK-001906,2026-06-27 17:35:00,1448.79,CREDIT,Nykaa E-Retail,UPI716324,NETBANKING
SYNTH-BANK-001907,2026-05-17 14:56:00,2352.23,CREDIT,DOMINO'S PIZZA,UPI576375,WALLET
SYNTH-BANK-001908,2026-06-05 15:47:00,713.2,DEBIT,DOMINO'S PIZZA,UPI497400,NETBANKING
SYNTH-BANK-001910,2026-07-02 22:02:00,1324.08,CREDIT,Nykaa E-Retail,UPI359243,CARD
SYNTH-BANK-001911,2026-05-14 00:28:00,4053.2,CREDIT,UBER,UPI109153,UPI
SYNTH-BANK-001912,2026-07-05 13:51:00,1959.77,DEBIT,ZOMATO,UPI899622,WALLET
SYNTH-BANK-001913,2026-07-10 23:59:00,370.07,CREDIT,SWIGGY,UPI113182,WALLET
SYNTH-BANK-001914,2026-06-10 12:06:00,773.02,DEBIT,APOLLO PHARMACY,UPI695088,NETBANKING
SYNTH-BANK-001915,2026-05-22 04:54:00,1035.75,CREDIT,FLIPKART,UPI999603,WALLET
SYNTH-BANK-001916,2026-06-27 11:33:00,1697.38,DEBIT,BOOKMYSHOW.COM,UPI649398,WALLET
SYNTH-BANK-001917,2026-05-14 12:25:00,2104.42,DEBIT,METRO CASH & CARRY,UPI790833,NETBANKING
SYNTH-BANK-001918,2026-05-04 00:12:00,502.75,CREDIT,IRCTC,UPI550595,UPI
SYNTH-BANK-001919,2026-07-16 20:23:00,879.53,CREDIT,Flipkart Internet,UPI118529,WALLET
SYNTH-BANK-001920,2026-05-08 09:24:00,667.03,DEBIT,DOMINO'S PIZZA,UPI483068,WALLET
SYNTH-BANK-001921,2026-06-06 00:06:00,1409.84,CREDIT,ZOMATO,UPI466695,NETBANKING
SYNTH-BANK-001922,2026-05-08 05:16:00,460.02,DEBIT,OLA CABS,UPI956657,WALLET
SYNTH-BANK-001923,2026-07-12 22:48:00,785.88,DEBIT,Reliance Retail Ltd,UPI883685,WALLET
SYNTH-BANK-001924,2026-07-23 21:15:00,967.22,CREDIT,FLIPKART PAY,UPI245826,WALLET
SYNTH-BANK-001925,2026-05-23 16:58:00,1985.44,CREDIT,IRCTC RAIL,UPI730490,WALLET
SYNTH-BANK-001926,2026-05-25 16:36:00,4075.64,CREDIT,IRCTC,UPI125005,UPI
SYNTH-BANK-001927,2026-05-14 01:19:00,4426.11,DEBIT,Myntra Designs,UPI546733,WALLET
SYNTH-BANK-DUP-001928,2026-05-06 13:17:00,682.61,DEBIT,URBANCLAP,UPI503111,NETBANKING
SYNTH-BANK-001928,2026-05-06 13:17:00,682.61,DEBIT,URBANCLAP,UPI503111,NETBANKING
SYNTH-BANK-001929,2026-05-06 14:21:00,550.79,CREDIT,SWIGGY*BLR,UPI863575,UPI
SYNTH-BANK-001930,2026-05-07 12:48:00,451.49,CREDIT,URBANCLAP,UPI237843,UPI
SYNTH-BANK-001931,2026-05-11 18:01:00,983.9,CREDIT,Apollo Pharmacy Ltd,UPI388476,UPI
SYNTH-BANK-001932,2026-06-23 06:53:00,1785.8,CREDIT,URBANCLAP,UPI931727,WALLET
SYNTH-BANK-001933,2026-06-15 11:21:00,499.49,DEBIT,ZOMATO*BANGALORE,UPI463806,CARD
SYNTH-BANK-DUP-001935,2026-05-09 04:35:00,4809.7,DEBIT,Amazon India,UPI107154,UPI
SYNTH-BANK-001935,2026-05-09 04:35:00,4809.7,DEBIT,Amazon India,UPI107154,UPI
SYNTH-BANK-001936,2026-06-13 18:09:00,263.62,CREDIT,Flipkart Internet,UPI918096,CARD
SYNTH-BANK-001937,2026-05-26 02:46:00,2416.66,DEBIT,IRCTC E-TICKETING,UPI325631,UPI
SYNTH-BANK-001938,2026-05-28 05:37:00,2751.72,CREDIT,Decathlon Sports,UPI104457,WALLET
SYNTH-BANK-001939,2026-06-28 06:34:00,852.72,CREDIT,SWIGGY*BLR,UPI121840,WALLET
SYNTH-BANK-001940,2026-06-29 17:32:00,1293.39,CREDIT,Swiggy India,UPI991083,WALLET
SYNTH-BANK-001941,2026-05-04 19:31:00,1938.01,DEBIT,DOMINO'S PIZZA,UPI813474,UPI
SYNTH-BANK-001942,2026-07-15 19:08:00,822.14,DEBIT,FLIPKART PAY,UPI445787,CARD
SYNTH-BANK-001943,2026-07-21 03:33:00,555.17,DEBIT,NYKAA.COM,UPI643577,NETBANKING
SYNTH-BANK-001944,2026-06-17 14:08:00,4013.03,DEBIT,RELIANCE DIGITAL,UPI543098,WALLET
SYNTH-BANK-001945,2026-07-24 03:46:00,675.98,CREDIT,NYKAA.COM,UPI362748,UPI
SYNTH-BANK-001946,2026-05-23 21:10:00,789.59,CREDIT,BOOKMYSHOW.COM,UPI883685,NETBANKING
SYNTH-BANK-001947,2026-05-08 20:04:00,847.32,DEBIT,Reliance Retail Ltd,UPI749473,WALLET
SYNTH-BANK-001948,2026-05-11 01:30:00,846.26,CREDIT,Amazon India,UPI385948,UPI
SYNTH-BANK-001949,2026-07-08 10:29:00,879.01,CREDIT,Apollo Pharmacy Ltd,UPI565093,UPI
SYNTH-BANK-DUP-001950,2026-06-16 21:33:00,3113.49,CREDIT,METRO CASH & CARRY,UPI449576,WALLET
SYNTH-BANK-001950,2026-06-16 21:33:00,3113.49,CREDIT,METRO CASH & CARRY,UPI449576,WALLET
SYNTH-BANK-001951,2026-07-01 05:20:00,250.08,CREDIT,URBAN COMPANY,UPI912647,NETBANKING
SYNTH-BANK-001952,2026-05-04 12:56:00,2396.96,CREDIT,RELIANCE DIGITAL,UPI823397,NETBANKING
SYNTH-BANK-001953,2026-07-25 07:04:00,1987.53,CREDIT,DECATHLON INDIA,UPI152350,NETBANKING
SYNTH-BANK-001954,2026-06-25 01:17:00,3266.22,CREDIT,METRO CASH & CARRY,UPI276751,CARD
SYNTH-BANK-001955,2026-05-19 17:32:00,1843.92,DEBIT,METRO RETAIL,UPI150985,WALLET
SYNTH-BANK-001956,2026-06-09 09:29:00,1251.52,CREDIT,CROMA RETAIL,UPI443402,WALLET
SYNTH-BANK-001957,2026-07-27 09:34:00,1712.82,CREDIT,ZOMATO*BANGALORE,UPI636511,CARD
SYNTH-BANK-001958,2026-07-07 03:38:00,860.76,CREDIT,CROMA,UPI837785,CARD
SYNTH-BANK-001960,2026-07-16 01:29:00,1301.46,DEBIT,Amazon India,UPI509560,CARD
SYNTH-BANK-001961,2026-05-21 13:51:00,2510.67,DEBIT,Myntra Designs,UPI472525,CARD
SYNTH-BANK-001962,2026-06-07 19:30:00,2154.88,DEBIT,Big Basket,UPI523941,CARD
SYNTH-BANK-001963,2026-06-23 21:54:00,1910.21,CREDIT,UBER,UPI566881,UPI
SYNTH-BANK-001964,2026-07-28 21:51:00,1406.29,CREDIT,RELIANCE DIGITAL,UPI851329,WALLET
SYNTH-BANK-001965,2026-05-04 15:03:00,2419.56,CREDIT,DECATHLON INDIA,UPI777180,UPI
SYNTH-BANK-001966,2026-06-18 05:17:00,2077.76,CREDIT,OLA CABS,UPI185547,CARD
SYNTH-BANK-001967,2026-06-17 01:00:00,1784.94,CREDIT,Myntra Designs,UPI364227,CARD
SYNTH-BANK-001968,2026-07-04 02:25:00,1783.55,CREDIT,ZOMATO*BANGALORE,UPI152224,WALLET
SYNTH-BANK-001969,2026-07-11 03:05:00,788.75,CREDIT,ZOMATO,UPI932700,NETBANKING
SYNTH-BANK-001970,2026-05-24 14:10:00,388.71,CREDIT,RELIANCE RETAIL,UPI324761,WALLET
SYNTH-BANK-001971,2026-07-14 22:21:00,1809.29,CREDIT,AMAZON PAY,UPI947764,CARD
SYNTH-BANK-001972,2026-07-26 09:54:00,2087.0,CREDIT,FLIPKART PAY,UPI681803,UPI
SYNTH-BANK-001973,2026-05-23 02:00:00,847.11,CREDIT,METRO CASH & CARRY,UPI773485,WALLET
SYNTH-BANK-001974,2026-07-22 17:40:00,1165.1,CREDIT,BIGBASKET INDIA,UPI702593,UPI
SYNTH-BANK-001975,2026-07-24 09:56:00,1470.64,DEBIT,APOLLO,UPI842637,WALLET
SYNTH-BANK-001976,2026-07-02 17:43:00,2737.06,CREDIT,Big Basket,UPI635551,CARD
SYNTH-BANK-001977,2026-06-15 12:00:00,10553.12,CREDIT,FLIPKART,UPI120930,CARD
SYNTH-BANK-001978,2026-06-15 22:59:00,430.0,CREDIT,CROMA RETAIL,UPI386980,NETBANKING
SYNTH-BANK-001979,2026-06-27 10:26:00,1221.6,CREDIT,Zomato Ltd,UPI512550,NETBANKING
SYNTH-BANK-001980,2026-06-05 18:36:00,1528.88,CREDIT,Flipkart Internet,UPI607836,WALLET
SYNTH-BANK-001981,2026-07-20 14:10:00,1852.7,CREDIT,Big Basket,UPI746106,CARD
SYNTH-BANK-001982,2026-05-09 23:44:00,771.93,CREDIT,NYKAA.COM,UPI728967,NETBANKING
SYNTH-BANK-001983,2026-06-12 00:34:00,4355.57,CREDIT,SWIGGY*BLR,UPI557688,UPI
SYNTH-BANK-001984,2026-05-08 01:21:00,1171.14,CREDIT,ZOMATO*BANGALORE,UPI284427,CARD
SYNTH-BANK-001985,2026-05-26 23:38:00,1027.54,CREDIT,IRCTC E-TICKETING,UPI656818,NETBANKING
SYNTH-BANK-DUP-001986,2026-06-23 08:26:00,475.18,CREDIT,Urban Company India,UPI807727,UPI
SYNTH-BANK-001986,2026-06-23 08:26:00,475.18,CREDIT,Urban Company India,UPI807727,UPI
SYNTH-BANK-001987,2026-05-04 13:34:00,2252.11,CREDIT,Big Basket,UPI116940,WALLET
SYNTH-BANK-001988,2026-07-27 16:41:00,3288.32,DEBIT,DOMINO'S PIZZA,UPI104004,NETBANKING
SYNTH-BANK-001989,2026-06-14 03:46:00,802.12,DEBIT,Big Basket,UPI290249,CARD
SYNTH-BANK-001990,2026-05-12 04:24:00,6919.33,CREDIT,Croma Electronics,UPI401983,NETBANKING
SYNTH-BANK-001991,2026-05-14 06:04:00,1238.04,CREDIT,DECATHLON,UPI169461,NETBANKING
SYNTH-BANK-001992,2026-07-11 13:31:00,828.18,DEBIT,Nykaa E-Retail,UPI261687,WALLET
SYNTH-BANK-001993,2026-05-09 20:10:00,487.45,CREDIT,DECATHLON,UPI936189,CARD
SYNTH-BANK-001994,2026-07-04 05:29:00,352.02,CREDIT,MYNTRA PAY,UPI811750,UPI
SYNTH-BANK-001995,2026-07-02 07:22:00,3749.54,CREDIT,Decathlon Sports,UPI110742,NETBANKING
SYNTH-BANK-001996,2026-06-25 01:23:00,4292.41,DEBIT,SWIGGY,UPI677778,CARD
SYNTH-BANK-001997,2026-05-31 12:18:00,1762.64,CREDIT,Croma Electronics,UPI663423,CARD
SYNTH-BANK-001998,2026-05-13 23:24:00,2742.71,CREDIT,DOMINOS,UPI119379,NETBANKING
SYNTH-BANK-001999,2026-05-16 06:08:00,179.07,CREDIT,AMAZON,UPI130743,CARD
SYNTH-BANK-002000,2026-06-21 04:29:00,840.76,CREDIT,METRO INDIA,UPI282425,CARD
SYNTH-SETTLE-BANK-00001,2026-05-01 11:08:00,10154.26,CREDIT,RAZORPAY SETTLEMENT,SYNTHUTR000000000001,SETTLEMENT
SYNTH-SETTLE-BANK-00002,2026-05-02 14:27:00,20321.07,CREDIT,RAZORPAY SETTLEMENT,SYNTHUTR000000000002,SETTLEMENT
SYNTH-SETTLE-BANK-00003,2026-05-03 14:52:00,28427.03,CREDIT,RAZORPAY SETTLEMENT,SYNTHUTR000000000003,SETTLEMENT
SYNTH-SETTLE-BANK-00004,2026-05-04 14:50:00,23948.82,CREDIT,RAZORPAY SETTLEMENT,SYNTHUTR000000000004,SETTLEMENT
SYNTH-SETTLE-BANK-00005,2026-05-05 11:33:00,28284.33,CREDIT,RAZORPAY SETTLEMENT,SYNTHUTR000000000005,SETTLEMENT
SYNTH-SETTLE-BANK-00006,2026-05-06 12:34:00,14801.77,CREDIT,RAZORPAY SETTLEMENT,SYNTHUTR000000000006,SETTLEMENT
SYNTH-SETTLE-BANK-00007,2026-05-07 11:55:00,31470.16,CREDIT,RAZORPAY SETTLEMENT,SYNTHUTR000000000007,SETTLEMENT
SYNTH-SETTLE-BANK-00008,2026-05-08 12:48:00,30458.38,CREDIT,RAZORPAY SETTLEMENT,SYNTHUTR000000000008,SETTLEMENT
SYNTH-SETTLE-BANK-00009,2026-05-09 14:53:00,29546.17,CREDIT,RAZORPAY SETTLEMENT,SYNTHUTR000000000009,SETTLEMENT
SYNTH-SETTLE-BANK-00010,2026-05-10 14:03:00,21683.01,CREDIT,RAZORPAY SETTLEMENT,SYNTHUTR000000000010,SETTLEMENT
SYNTH-SETTLE-BANK-00011,2026-05-11 14:05:00,20170.61,CREDIT,RAZORPAY SETTLEMENT,SYNTHUTR000000000011,SETTLEMENT
SYNTH-SETTLE-BANK-00012,2026-05-12 12:41:00,23945.53,CREDIT,RAZORPAY SETTLEMENT,SYNTHUTR000000000012,SETTLEMENT
SYNTH-SETTLE-BANK-00013,2026-05-13 14:44:00,29234.82,CREDIT,RAZORPAY SETTLEMENT,SYNTHUTR000000000013,SETTLEMENT
SYNTH-SETTLE-BANK-00014,2026-05-14 14:40:00,30049.06,CREDIT,RAZORPAY SETTLEMENT,SYNTHUTR000000000014,SETTLEMENT
SYNTH-SETTLE-BANK-00015,2026-05-15 14:13:00,17724.79,CREDIT,RAZORPAY SETTLEMENT,SYNTHUTR000000000015,SETTLEMENT
SYNTH-SETTLE-BANK-00016,2026-05-16 14:15:00,24701.57,CREDIT,RAZORPAY SETTLEMENT,SYNTHUTR000000000016,SETTLEMENT
SYNTH-SETTLE-BANK-00017,2026-05-17 13:36:00,45293.13,CREDIT,RAZORPAY SETTLEMENT,SYNTHUTR000000000017,SETTLEMENT
SYNTH-SETTLE-BANK-00018,2026-05-18 11:22:00,32602.4,CREDIT,RAZORPAY SETTLEMENT,SYNTHUTR000000000018,SETTLEMENT
SYNTH-SETTLE-BANK-00019,2026-05-19 12:08:00,44057.78,CREDIT,RAZORPAY SETTLEMENT,SYNTHUTR000000000019,SETTLEMENT
SYNTH-SETTLE-BANK-00020,2026-05-20 14:04:00,32718.13,CREDIT,RAZORPAY SETTLEMENT,SYNTHUTR000000000020,SETTLEMENT
SYNTH-SETTLE-BANK-00021,2026-05-21 12:18:00,12360.92,CREDIT,RAZORPAY SETTLEMENT,SYNTHUTR000000000021,SETTLEMENT
SYNTH-SETTLE-BANK-00022,2026-05-22 11:41:00,22826.33,CREDIT,RAZORPAY SETTLEMENT,SYNTHUTR000000000022,SETTLEMENT
SYNTH-SETTLE-BANK-00023,2026-05-23 14:47:00,15173.13,CREDIT,RAZORPAY SETTLEMENT,SYNTHUTR000000000023,SETTLEMENT
SYNTH-SETTLE-BANK-00024,2026-05-24 12:57:00,23554.33,CREDIT,RAZORPAY SETTLEMENT,SYNTHUTR000000000024,SETTLEMENT
SYNTH-SETTLE-BANK-00025,2026-05-25 14:26:00,19140.15,CREDIT,RAZORPAY SETTLEMENT,SYNTHUTR000000000025,SETTLEMENT
SYNTH-SETTLE-BANK-00026,2026-05-26 12:08:00,28644.19,CREDIT,RAZORPAY SETTLEMENT,SYNTHUTR000000000026,SETTLEMENT
SYNTH-SETTLE-BANK-00027,2026-05-27 12:26:00,12467.35,CREDIT,RAZORPAY SETTLEMENT,SYNTHUTR000000000027,SETTLEMENT
SYNTH-SETTLE-BANK-00028,2026-05-28 12:22:00,16250.12,CREDIT,RAZORPAY SETTLEMENT,SYNTHUTR000000000028,SETTLEMENT
SYNTH-SETTLE-BANK-00029,2026-05-29 12:29:00,13044.35,CREDIT,RAZORPAY SETTLEMENT,SYNTHUTR000000000029,SETTLEMENT
SYNTH-SETTLE-BANK-00030,2026-05-30 12:45:00,13317.78,CREDIT,RAZORPAY SETTLEMENT,SYNTHUTR000000000030,SETTLEMENT
SYNTH-SETTLE-BANK-00031,2026-05-31 12:11:00,33653.3,CREDIT,RAZORPAY SETTLEMENT,SYNTHUTR000000000031,SETTLEMENT
SYNTH-SETTLE-BANK-00032,2026-06-01 14:15:00,29268.67,CREDIT,RAZORPAY SETTLEMENT,SYNTHUTR000000000032,SETTLEMENT
SYNTH-SETTLE-BANK-00033,2026-06-02 12:18:00,31862.38,CREDIT,RAZORPAY SETTLEMENT,SYNTHUTR000000000033,SETTLEMENT
SYNTH-SETTLE-BANK-00034,2026-06-03 12:45:00,22566.41,CREDIT,RAZORPAY SETTLEMENT,SYNTHUTR000000000034,SETTLEMENT
SYNTH-SETTLE-BANK-00035,2026-06-04 14:26:00,27323.72,CREDIT,RAZORPAY SETTLEMENT,SYNTHUTR000000000035,SETTLEMENT
SYNTH-SETTLE-BANK-00036,2026-06-05 12:44:00,34374.43,CREDIT,RAZORPAY SETTLEMENT,SYNTHUTR000000000036,SETTLEMENT
SYNTH-SETTLE-BANK-00037,2026-06-06 11:02:00,20956.98,CREDIT,RAZORPAY SETTLEMENT,SYNTHUTR000000000037,SETTLEMENT
SYNTH-SETTLE-BANK-00038,2026-06-07 11:00:00,37414.89,CREDIT,RAZORPAY SETTLEMENT,SYNTHUTR000000000038,SETTLEMENT
SYNTH-SETTLE-BANK-00039,2026-06-08 12:44:00,38060.62,CREDIT,RAZORPAY SETTLEMENT,SYNTHUTR000000000039,SETTLEMENT
SYNTH-SETTLE-BANK-00040,2026-06-09 13:35:00,16500.73,CREDIT,RAZORPAY SETTLEMENT,SYNTHUTR000000000040,SETTLEMENT
SYNTH-SETTLE-BANK-00041,2026-06-10 14:46:00,23539.85,CREDIT,RAZORPAY SETTLEMENT,SYNTHUTR000000000041,SETTLEMENT
SYNTH-SETTLE-BANK-00042,2026-06-11 11:31:00,24367.47,CREDIT,RAZORPAY SETTLEMENT,SYNTHUTR000000000042,SETTLEMENT
SYNTH-SETTLE-BANK-00043,2026-06-12 13:10:00,24666.48,CREDIT,RAZORPAY SETTLEMENT,SYNTHUTR000000000043,SETTLEMENT
SYNTH-SETTLE-BANK-00044,2026-06-13 12:09:00,28289.19,CREDIT,RAZORPAY SETTLEMENT,SYNTHUTR000000000044,SETTLEMENT
SYNTH-SETTLE-BANK-00045,2026-06-14 12:48:00,8416.9,CREDIT,RAZORPAY SETTLEMENT,SYNTHUTR000000000045,SETTLEMENT
SYNTH-SETTLE-BANK-00046,2026-06-15 12:46:00,22698.67,CREDIT,RAZORPAY SETTLEMENT,SYNTHUTR000000000046,SETTLEMENT
SYNTH-SETTLE-BANK-00047,2026-06-16 12:14:00,22447.49,CREDIT,RAZORPAY SETTLEMENT,SYNTHUTR000000000047,SETTLEMENT
SYNTH-SETTLE-BANK-00048,2026-06-17 11:04:00,27151.36,CREDIT,RAZORPAY SETTLEMENT,SYNTHUTR000000000048,SETTLEMENT
SYNTH-SETTLE-BANK-00049,2026-06-18 11:17:00,38612.14,CREDIT,RAZORPAY SETTLEMENT,SYNTHUTR000000000049,SETTLEMENT
SYNTH-SETTLE-BANK-00050,2026-06-19 13:05:00,19574.29,CREDIT,RAZORPAY SETTLEMENT,SYNTHUTR000000000050,SETTLEMENT
SYNTH-SETTLE-BANK-00051,2026-06-20 11:53:00,12447.14,CREDIT,RAZORPAY SETTLEMENT,SYNTHUTR000000000051,SETTLEMENT
SYNTH-SETTLE-BANK-00052,2026-06-21 12:18:00,35470.79,CREDIT,RAZORPAY SETTLEMENT,SYNTHUTR000000000052,SETTLEMENT
SYNTH-SETTLE-BANK-00053,2026-06-22 11:21:00,26464.19,CREDIT,RAZORPAY SETTLEMENT,SYNTHUTR000000000053,SETTLEMENT
SYNTH-SETTLE-BANK-00054,2026-06-23 11:11:00,17059.3,CREDIT,RAZORPAY SETTLEMENT,SYNTHUTR000000000054,SETTLEMENT
SYNTH-SETTLE-BANK-00055,2026-06-24 11:30:00,39432.23,CREDIT,RAZORPAY SETTLEMENT,SYNTHUTR000000000055,SETTLEMENT
SYNTH-SETTLE-BANK-00056,2026-06-25 12:30:00,20083.82,CREDIT,RAZORPAY SETTLEMENT,SYNTHUTR000000000056,SETTLEMENT
SYNTH-SETTLE-BANK-00057,2026-06-26 11:39:00,32813.42,CREDIT,RAZORPAY SETTLEMENT,SYNTHUTR000000000057,SETTLEMENT
SYNTH-SETTLE-BANK-00058,2026-06-27 11:55:00,23714.27,CREDIT,RAZORPAY SETTLEMENT,SYNTHUTR000000000058,SETTLEMENT
SYNTH-SETTLE-BANK-00059,2026-06-28 12:12:00,13875.97,CREDIT,RAZORPAY SETTLEMENT,SYNTHUTR000000000059,SETTLEMENT
SYNTH-SETTLE-BANK-00060,2026-06-29 12:09:00,22984.75,CREDIT,RAZORPAY SETTLEMENT,SYNTHUTR000000000060,SETTLEMENT
SYNTH-SETTLE-BANK-00061,2026-06-30 11:02:00,23258.72,CREDIT,RAZORPAY SETTLEMENT,SYNTHUTR000000000061,SETTLEMENT
SYNTH-SETTLE-BANK-00062,2026-07-01 11:28:00,34900.57,CREDIT,RAZORPAY SETTLEMENT,SYNTHUTR000000000062,SETTLEMENT
SYNTH-SETTLE-BANK-00063,2026-07-02 14:48:00,20699.03,CREDIT,RAZORPAY SETTLEMENT,SYNTHUTR000000000063,SETTLEMENT
SYNTH-SETTLE-BANK-00064,2026-07-03 13:40:00,27575.13,CREDIT,RAZORPAY SETTLEMENT,SYNTHUTR000000000064,SETTLEMENT
SYNTH-SETTLE-BANK-00065,2026-07-04 11:29:00,20468.24,CREDIT,RAZORPAY SETTLEMENT,SYNTHUTR000000000065,SETTLEMENT
SYNTH-SETTLE-BANK-00066,2026-07-05 12:08:00,21948.09,CREDIT,RAZORPAY SETTLEMENT,SYNTHUTR000000000066,SETTLEMENT
SYNTH-SETTLE-BANK-00067,2026-07-06 12:31:00,18441.3,CREDIT,RAZORPAY SETTLEMENT,SYNTHUTR000000000067,SETTLEMENT
SYNTH-SETTLE-BANK-00068,2026-07-07 14:37:00,26647.67,CREDIT,RAZORPAY SETTLEMENT,SYNTHUTR000000000068,SETTLEMENT
SYNTH-SETTLE-BANK-00069,2026-07-08 14:31:00,30650.36,CREDIT,RAZORPAY SETTLEMENT,SYNTHUTR000000000069,SETTLEMENT
SYNTH-SETTLE-BANK-00070,2026-07-09 14:04:00,13048.61,CREDIT,RAZORPAY SETTLEMENT,SYNTHUTR000000000070,SETTLEMENT
SYNTH-SETTLE-BANK-00071,2026-07-10 11:25:00,23942.61,CREDIT,RAZORPAY SETTLEMENT,SYNTHUTR000000000071,SETTLEMENT
SYNTH-SETTLE-BANK-00072,2026-07-11 12:57:00,28078.16,CREDIT,RAZORPAY SETTLEMENT,SYNTHUTR000000000072,SETTLEMENT
SYNTH-SETTLE-BANK-00073,2026-07-12 12:56:00,25353.66,CREDIT,RAZORPAY SETTLEMENT,SYNTHUTR000000000073,SETTLEMENT
SYNTH-SETTLE-BANK-00074,2026-07-13 13:33:00,19051.62,CREDIT,RAZORPAY SETTLEMENT,SYNTHUTR000000000074,SETTLEMENT
SYNTH-SETTLE-BANK-00075,2026-07-14 14:22:00,16984.74,CREDIT,RAZORPAY SETTLEMENT,SYNTHUTR000000000075,SETTLEMENT
SYNTH-SETTLE-BANK-00076,2026-07-15 12:17:00,21352.19,CREDIT,RAZORPAY SETTLEMENT,SYNTHUTR000000000076,SETTLEMENT
SYNTH-SETTLE-BANK-00077,2026-07-16 13:13:00,22970.48,CREDIT,RAZORPAY SETTLEMENT,SYNTHUTR000000000077,SETTLEMENT
SYNTH-SETTLE-BANK-00078,2026-07-17 12:03:00,18352.98,CREDIT,RAZORPAY SETTLEMENT,SYNTHUTR000000000078,SETTLEMENT
SYNTH-SETTLE-BANK-00079,2026-07-18 11:50:00,26565.65,CREDIT,RAZORPAY SETTLEMENT,SYNTHUTR000000000079,SETTLEMENT
SYNTH-SETTLE-BANK-00080,2026-07-19 12:15:00,46412.78,CREDIT,RAZORPAY SETTLEMENT,SYNTHUTR000000000080,SETTLEMENT
SYNTH-SETTLE-BANK-00081,2026-07-20 13:56:00,18384.35,CREDIT,RAZORPAY SETTLEMENT,SYNTHUTR000000000081,SETTLEMENT
SYNTH-SETTLE-BANK-00082,2026-07-21 12:45:00,27938.64,CREDIT,RAZORPAY SETTLEMENT,SYNTHUTR000000000082,SETTLEMENT
SYNTH-SETTLE-BANK-00083,2026-07-22 13:43:00,27746.52,CREDIT,RAZORPAY SETTLEMENT,SYNTHUTR000000000083,SETTLEMENT
SYNTH-SETTLE-BANK-00084,2026-07-23 13:45:00,21367.24,CREDIT,RAZORPAY SETTLEMENT,SYNTHUTR000000000084,SETTLEMENT
SYNTH-SETTLE-BANK-00085,2026-07-24 12:26:00,19162.03,CREDIT,RAZORPAY SETTLEMENT,SYNTHUTR000000000085,SETTLEMENT
SYNTH-SETTLE-BANK-00086,2026-07-25 14:49:00,13696.92,CREDIT,RAZORPAY SETTLEMENT,SYNTHUTR000000000086,SETTLEMENT
SYNTH-SETTLE-BANK-00087,2026-07-26 11:11:00,28511.93,CREDIT,RAZORPAY SETTLEMENT,SYNTHUTR000000000087,SETTLEMENT
SYNTH-SETTLE-BANK-00088,2026-07-27 14:35:00,23217.54,CREDIT,RAZORPAY SETTLEMENT,SYNTHUTR000000000088,SETTLEMENT
SYNTH-SETTLE-BANK-00089,2026-07-28 11:01:00,49781.39,CREDIT,RAZORPAY SETTLEMENT,SYNTHUTR000000000089,SETTLEMENT
SYNTH-SETTLE-BANK-00090,2026-07-29 12:31:00,25374.21,CREDIT,RAZORPAY SETTLEMENT,SYNTHUTR000000000090,SETTLEMENT
SYNTH-SETTLE-BANK-00091,2026-07-30 14:18:00,6977.75,CREDIT,RAZORPAY SETTLEMENT,SYNTHUTR000000000091,SETTLEMENT
