ledger_id,timestamp,amount,direction,merchant,reference,invoice_id
SYNTH-LEDGER-000001,2026-06-18 11:40:00,508.97,DEBIT,FLIPKART,UPI694639,SYNTH-INV-000001
SYNTH-LEDGER-000002,2026-07-03 21:27:00,2385.17,DEBIT,BIGBASKET INDIA,UPI449836,SYNTH-INV-000002
SYNTH-LEDGER-000003,2026-07-08 22:40:00,1563.29,DEBIT,IRCTC,UPI853727,SYNTH-INV-000003
SYNTH-LEDGER-000004,2026-05-15 09:29:00,820.36,CREDIT,SWIGGY,UPI737098,SYNTH-INV-000004
SYNTH-LEDGER-000005,2026-07-29 09:48:00,327.07,CREDIT,METRO INDIA,UPI-156805,SYNTH-INV-000005
SYNTH-LEDGER-000006,2026-05-18 10:14:00,515.34,CREDIT,BOOKMYSHOW,UPI706543,SYNTH-INV-000006
SYNTH-LEDGER-000007,2026-06-19 01:09:00,2234.82,DEBIT,CROMA,UPI-847016,SYNTH-INV-000007
SYNTH-LEDGER-000008,2026-07-25 06:48:00,1577.31,CREDIT,OLA CABS,UPI449253,SYNTH-INV-000008
SYNTH-LEDGER-000009,2026-05-20 18:38:00,3009.72,CREDIT,Myntra Designs,UPI974622,SYNTH-INV-000009
SYNTH-LEDGER-000010,2026-06-11 10:52:00,1060.6,CREDIT,FLIPKART,UPI-275394,SYNTH-INV-000010
SYNTH-LEDGER-000011,2026-07-05 12:29:00,1544.38,CREDIT,URBAN COMPANY,UPI169692,SYNTH-INV-000011
SYNTH-LEDGER-000012,2026-07-24 03:16:00,758.9,CREDIT,CROMA RETAIL,UPI874320,SYNTH-INV-000012
SYNTH-LEDGER-000013,2026-07-28 04:49:00,1885.72,CREDIT,Amazon India,UPI697842,SYNTH-INV-000013
SYNTH-LEDGER-000014,2026-07-18 18:40:00,2680.06,CREDIT,Urban Company India,UPI979472,SYNTH-INV-000014
SYNTH-LEDGER-000015,2026-07-24 08:09:00,776.34,CREDIT,AMAZON PAY,UPI156995,SYNTH-INV-000015
SYNTH-LEDGER-000016,2026-07-22 12:05:00,1192.11,CREDIT,AMAZON PAY,UPI556710,SYNTH-INV-000016
SYNTH-LEDGER-000017,2026-06-29 01:03:00,2842.39,CREDIT,MYNTRA,UPI877722,SYNTH-INV-000017
SYNTH-LEDGER-000018,2026-06-12 20:35:00,2531.82,DEBIT,Urban Company India,UPI303335,SYNTH-INV-000018
SYNTH-LEDGER-000019,2026-06-04 10:10:00,1025.59,CREDIT,MYNTRA PAY,UPI654803,SYNTH-INV-000019
SYNTH-LEDGER-000020,2026-05-17 01:27:00,2226.97,CREDIT,OLA,UPI-705567,SYNTH-INV-000020
SYNTH-LEDGER-000021,2026-07-05 08:17:00,1028.31,CREDIT,Croma Electronics,UPI839944,SYNTH-INV-000021
SYNTH-LEDGER-000022,2026-06-15 03:59:00,1433.38,CREDIT,IRCTC,UPI943069,SYNTH-INV-000022
SYNTH-LEDGER-000024,2026-05-07 09:28:00,422.87,CREDIT,MYNTRA PAY,UPI-747711,SYNTH-INV-000024
SYNTH-LEDGER-000025,2026-06-24 04:26:00,3742.12,DEBIT,Apollo Pharmacy Ltd,UPI-983247,SYNTH-INV-000025
SYNTH-LEDGER-000026,2026-06-13 04:23:00,1899.72,CREDIT,CROMA,UPI772849,SYNTH-INV-000026
SYNTH-LEDGER-000027,2026-06-08 21:58:00,1101.49,DEBIT,BIGBASKET INDIA,UPI-793461,SYNTH-INV-000027
SYNTH-LEDGER-000028,2026-06-09 12:42:00,2470.8,DEBIT,DECATHLON INDIA,UPI696275,SYNTH-INV-000028
SYNTH-LEDGER-000029,2026-06-03 18:16:00,1694.01,DEBIT,BIGBASKET,UPI432398,SYNTH-INV-000029
SYNTH-LEDGER-000030,2026-06-14 11:06:00,411.47,DEBIT,ZOMATO*BANGALORE,UPI-513738,SYNTH-INV-000030
SYNTH-LEDGER-000031,2026-05-13 04:30:00,1187.99,DEBIT,Ola Mobility,UPI-302152,SYNTH-INV-000031
SYNTH-LEDGER-000033,2026-05-19 04:10:00,1681.7,CREDIT,Croma Electronics,UPI270148,SYNTH-INV-000033
SYNTH-LEDGER-000034,2026-05-16 15:15:00,653.91,CREDIT,SWIGGY*BLR,UPI-737341,SYNTH-INV-000034
SYNTH-LEDGER-000035,2026-06-13 10:19:00,1440.76,CREDIT,IRCTC,UPI444189,SYNTH-INV-000035
SYNTH-LEDGER-000036,2026-06-19 21:36:00,537.16,CREDIT,RELIANCE DIGITAL,UPI480527,SYNTH-INV-000036
SYNTH-LEDGER-000037,2026-06-22 17:17:00,2046.85,CREDIT,SWIGGY*BLR,UPI-773190,SYNTH-INV-000037
SYNTH-LEDGER-000038,2026-07-14 05:29:00,3241.97,CREDIT,Ola Mobility,UPI308204,SYNTH-INV-000038
SYNTH-LEDGER-000039,2026-07-05 02:08:00,1161.8,CREDIT,RELIANCE RETAIL,UPI-316834,SYNTH-INV-000039
SYNTH-LEDGER-000040,2026-05-25 22:18:00,1810.16,CREDIT,Urban Company India,UPI-874410,SYNTH-INV-000040
SYNTH-LEDGER-000041,2026-06-18 22:05:00,701.99,CREDIT,APOLLO PHARMACY,UPI786839,SYNTH-INV-000041
SYNTH-LEDGER-000042,2026-06-28 06:05:00,463.62,CREDIT,URBAN COMPANY,UPI496956,SYNTH-INV-000042
SYNTH-LEDGER-000043,2026-06-15 18:24:00,2479.6,CREDIT,BIGBASKET,UPI812305,SYNTH-INV-000043
SYNTH-LEDGER-000044,2026-06-22 15:17:00,1906.53,CREDIT,NYKAA,UPI529480,SYNTH-INV-000044
SYNTH-LEDGER-000045,2026-06-21 12:14:00,500.92,CREDIT,Nykaa E-Retail,UPI741632,SYNTH-INV-000045
SYNTH-LEDGER-000046,2026-05-07 13:20:00,597.28,DEBIT,METRO RETAIL,UPI-863052,SYNTH-INV-000046
SYNTH-LEDGER-000047,2026-07-20 11:18:00,1433.38,CREDIT,IRCTC RAIL,UPI839974,SYNTH-INV-000047
SYNTH-LEDGER-000048,2026-06-09 05:47:00,656.98,CREDIT,RELIANCE DIGITAL,UPI-410176,SYNTH-INV-000048
SYNTH-LEDGER-000049,2026-05-16 15:50:00,697.02,DEBIT,METRO RETAIL,UPI788996,SYNTH-INV-000049
SYNTH-LEDGER-000050,2026-05-01 15:48:00,694.8,CREDIT,BIGBASKET,UPI-713195,SYNTH-INV-000050
SYNTH-LEDGER-000051,2026-07-13 11:02:00,965.85,CREDIT,IRCTC,UPI369477,SYNTH-INV-000051
SYNTH-LEDGER-000052,2026-07-13 16:30:00,592.83,CREDIT,AMAZON,UPI-407996,SYNTH-INV-000052
SYNTH-LEDGER-000053,2026-05-01 20:43:00,364.95,CREDIT,AMAZON,UPI486960,SYNTH-INV-000053
SYNTH-LEDGER-000054,2026-07-10 04:42:00,1247.83,DEBIT,METRO INDIA,UPI856953,SYNTH-INV-000054
SYNTH-LEDGER-000055,2026-05-01 18:14:00,2595.83,DEBIT,NYKAA.COM,UPI-894663,SYNTH-INV-000055
SYNTH-LEDGER-000056,2026-07-21 03:41:00,1812.98,CREDIT,Nykaa E-Retail,UPI567022,SYNTH-INV-000056
SYNTH-LEDGER-000057,2026-06-05 22:41:00,217.15,CREDIT,BMS,UPI255523,SYNTH-INV-000057
SYNTH-LEDGER-000058,2026-06-07 06:50:00,424.22,DEBIT,DECATHLON INDIA,UPI573791,SYNTH-INV-000058
SYNTH-LEDGER-000059,2026-05-13 11:00:00,1819.72,CREDIT,Croma Electronics,UPI984687,SYNTH-INV-000059
SYNTH-LEDGER-000060,2026-05-07 19:45:00,538.82,DEBIT,FLIPKART PAY,UPI321287,SYNTH-INV-000060
SYNTH-LEDGER-000061,2026-05-10 04:18:00,380.08,CREDIT,APOLLO PHARMACY,UPI463175,SYNTH-INV-000061
SYNTH-LEDGER-000062,2026-05-27 10:22:00,1389.26,DEBIT,BOOKMYSHOW,UPI584969,SYNTH-INV-000062
SYNTH-LEDGER-000063,2026-06-27 15:37:00,993.07,CREDIT,DECATHLON INDIA,UPI339427,SYNTH-INV-000063
SYNTH-LEDGER-000064,2026-05-13 12:52:00,1788.57,CREDIT,BIGBASKET INDIA,UPI462583,SYNTH-INV-000064
SYNTH-LEDGER-000065,2026-05-24 09:39:00,1850.35,CREDIT,FLIPKART,UPI-131605,SYNTH-INV-000065
SYNTH-LEDGER-000066,2026-07-10 20:16:00,1386.3,DEBIT,Big Basket,UPI-323345,SYNTH-INV-000066
SYNTH-LEDGER-000067,2026-06-17 10:41:00,2693.13,CREDIT,NYKAA,UPI145482,SYNTH-INV-000067
SYNTH-LEDGER-000068,2026-06-26 02:05:00,1184.76,DEBIT,OLA CABS,UPI243121,SYNTH-INV-000068
SYNTH-LEDGER-000069,2026-07-28 03:44:00,1207.48,CREDIT,Myntra Designs,UPI497100,SYNTH-INV-000069
SYNTH-LEDGER-000070,2026-07-07 09:42:00,196.27,CREDIT,IRCTC,UPI988104,SYNTH-INV-000070
SYNTH-LEDGER-000071,2026-06-30 21:32:00,2884.86,CREDIT,BOOKMYSHOW,UPI554748,SYNTH-INV-000071
SYNTH-LEDGER-000072,2026-07-11 04:50:00,3117.35,DEBIT,IRCTC,UPI360551,SYNTH-INV-000072
SYNTH-LEDGER-000073,2026-07-12 01:54:00,1686.18,DEBIT,ZOMATO*BANGALORE,UPI269677,SYNTH-INV-000073
SYNTH-LEDGER-000074,2026-07-13 15:43:00,7188.88,CREDIT,METRO INDIA,UPI926073,SYNTH-INV-000074
SYNTH-LEDGER-000075,2026-06-27 19:37:00,3079.15,CREDIT,Amazon India,UPI637643,SYNTH-INV-000075
SYNTH-LEDGER-000076,2026-07-19 04:12:00,1482.59,DEBIT,AMAZON PAY,UPI640578,SYNTH-INV-000076
SYNTH-LEDGER-000077,2026-06-13 13:54:00,1681.75,DEBIT,FLIPKART PAY,UPI895175,SYNTH-INV-000077
SYNTH-LEDGER-000078,2026-05-31 16:48:00,2518.64,CREDIT,Zomato Ltd,UPI-941358,SYNTH-INV-000078
SYNTH-LEDGER-000079,2026-06-11 08:55:00,556.14,CREDIT,METRO RETAIL,UPI-298141,SYNTH-INV-000079
SYNTH-LEDGER-000080,2026-06-14 23:26:00,1939.6,DEBIT,Apollo Pharmacy Ltd,UPI775373,SYNTH-INV-000080
SYNTH-LEDGER-000081,2026-06-07 20:27:00,803.49,DEBIT,UBER INDIA,UPI950632,SYNTH-INV-000081
SYNTH-LEDGER-000082,2026-05-24 13:32:00,765.0,CREDIT,Apollo Pharmacy Ltd,UPI592888,SYNTH-INV-000082
SYNTH-LEDGER-000083,2026-07-10 12:09:00,7122.63,CREDIT,FLIPKART PAY,UPI466870,SYNTH-INV-000083
SYNTH-LEDGER-000084,2026-06-10 05:10:00,1400.98,DEBIT,MYNTRA,UPI739014,SYNTH-INV-000084
SYNTH-LEDGER-000087,2026-07-27 19:05:00,1102.35,DEBIT,METRO INDIA,UPI620747,SYNTH-INV-000087
SYNTH-LEDGER-000088,2026-07-21 15:14:00,807.35,CREDIT,FLIPKART,UPI-361872,SYNTH-INV-000088
SYNTH-LEDGER-000089,2026-05-18 05:43:00,730.0,DEBIT,Flipkart Internet,UPI-208099,SYNTH-INV-000089
SYNTH-LEDGER-000090,2026-05-08 01:08:00,592.69,CREDIT,Reliance Retail Ltd,UPI176522,SYNTH-INV-000090
SYNTH-LEDGER-000091,2026-06-07 05:23:00,1172.57,CREDIT,APOLLO,UPI893956,SYNTH-INV-000091
SYNTH-LEDGER-000092,2026-07-04 12:31:00,2263.69,CREDIT,NYKAA,UPI161402,SYNTH-INV-000092
SYNTH-LEDGER-000093,2026-07-12 01:35:00,1408.88,CREDIT,DECATHLON,UPI779718,SYNTH-INV-000093
SYNTH-LEDGER-000094,2026-07-16 04:05:00,448.64,CREDIT,APOLLO PHARMACY,UPI-681254,SYNTH-INV-000094
SYNTH-LEDGER-000095,2026-07-19 17:13:00,871.36,CREDIT,Croma Electronics,UPI788521,SYNTH-INV-000095
SYNTH-LEDGER-000096,2026-06-28 22:03:00,733.48,CREDIT,SWIGGY*BLR,UPI918816,SYNTH-INV-000096
SYNTH-LEDGER-000097,2026-05-27 11:10:00,4326.59,CREDIT,UBER INDIA,UPI-239608,SYNTH-INV-000097
SYNTH-LEDGER-000098,2026-05-30 20:24:00,656.34,CREDIT,IRCTC,UPI724186,SYNTH-INV-000098
SYNTH-LEDGER-000099,2026-07-08 00:01:00,990.77,CREDIT,ZOMATO,UPI502154,SYNTH-INV-000099
SYNTH-LEDGER-000100,2026-05-31 03:25:00,9869.98,CREDIT,Urban Company India,UPI496865,SYNTH-INV-000100
SYNTH-LEDGER-000101,2026-07-15 01:20:00,1165.27,CREDIT,FLIPKART PAY,UPI586450,SYNTH-INV-000101
SYNTH-LEDGER-000102,2026-06-26 03:41:00,1499.32,CREDIT,UBER,UPI963084,SYNTH-INV-000102
SYNTH-LEDGER-000103,2026-07-30 06:18:00,2201.67,CREDIT,Decathlon Sports,UPI763762,SYNTH-INV-000103
SYNTH-LEDGER-000104,2026-06-13 17:29:00,2010.02,CREDIT,Apollo Pharmacy Ltd,UPI971307,SYNTH-INV-000104
SYNTH-LEDGER-000105,2026-06-23 09:17:00,2570.13,CREDIT,OLA CABS,UPI262795,SYNTH-INV-000105
SYNTH-LEDGER-000106,2026-05-01 10:09:00,957.67,DEBIT,ZOMATO,UPI738526,SYNTH-INV-000106
SYNTH-LEDGER-000107,2026-07-28 04:14:00,786.41,CREDIT,CROMA,UPI-238854,SYNTH-INV-000107
SYNTH-LEDGER-000108,2026-06-26 18:43:00,955.04,CREDIT,Big Basket,UPI-360624,SYNTH-INV-000108
SYNTH-LEDGER-000109,2026-05-23 21:03:00,1223.48,DEBIT,Apollo Pharmacy Ltd,UPI915212,SYNTH-INV-000109
SYNTH-LEDGER-000110,2026-06-02 18:37:00,273.06,CREDIT,Urban Company India,UPI-998944,SYNTH-INV-000110
SYNTH-LEDGER-000111,2026-05-23 22:11:00,848.51,DEBIT,IRCTC,UPI107938,SYNTH-INV-000111
SYNTH-LEDGER-000112,2026-06-01 01:21:00,246.98,DEBIT,MYNTRA,UPI675123,SYNTH-INV-000112
SYNTH-LEDGER-000113,2026-05-19 17:24:00,570.76,CREDIT,Flipkart Internet,UPI944810,SYNTH-INV-000113
SYNTH-LEDGER-000114,2026-07-29 02:07:00,622.03,DEBIT,Apollo Pharmacy Ltd,UPI-623654,SYNTH-INV-000114
SYNTH-LEDGER-000115,2026-05-04 18:31:00,1719.57,CREDIT,BMS,UPI388764,SYNTH-INV-000115
SYNTH-LEDGER-000116,2026-06-22 04:42:00,988.36,DEBIT,DECATHLON INDIA,UPI-673002,SYNTH-INV-000116
SYNTH-LEDGER-000117,2026-05-31 09:41:00,1306.72,CREDIT,Decathlon Sports,UPI579165,SYNTH-INV-000117
SYNTH-LEDGER-000118,2026-06-10 13:05:00,260.29,DEBIT,APOLLO,UPI-986204,SYNTH-INV-000118
SYNTH-LEDGER-000120,2026-05-26 03:11:00,1986.57,CREDIT,Decathlon Sports,UPI-930814,SYNTH-INV-000120
SYNTH-LEDGER-000121,2026-05-03 09:01:00,1611.8,CREDIT,RELIANCE RETAIL,UPI863912,SYNTH-INV-000121
SYNTH-LEDGER-000122,2026-06-10 09:43:00,542.63,CREDIT,Decathlon Sports,UPI506688,SYNTH-INV-000122
SYNTH-LEDGER-000123,2026-07-20 18:13:00,1350.19,CREDIT,OLA CABS,UPI634591,SYNTH-INV-000123
SYNTH-LEDGER-000124,2026-07-01 17:25:00,2307.75,CREDIT,IRCTC E-TICKETING,UPI235035,SYNTH-INV-000124
SYNTH-LEDGER-000125,2026-07-05 14:41:00,489.95,DEBIT,BOOKMYSHOW.COM,UPI-884113,SYNTH-INV-000125
SYNTH-LEDGER-000126,2026-07-23 06:26:00,3494.95,CREDIT,Croma Electronics,UPI529509,SYNTH-INV-000126
SYNTH-LEDGER-000127,2026-05-05 12:20:00,851.9,CREDIT,NYKAA.COM,UPI392854,SYNTH-INV-000127
SYNTH-LEDGER-000128,2026-05-23 15:57:00,1393.82,DEBIT,AMAZON,UPI-649363,SYNTH-INV-000128
SYNTH-LEDGER-000129,2026-07-04 10:17:00,666.93,CREDIT,BIGBASKET,UPI-725374,SYNTH-INV-000129
SYNTH-LEDGER-000130,2026-07-18 04:50:00,374.96,CREDIT,BOOKMYSHOW,UPI301231,SYNTH-INV-000130
SYNTH-LEDGER-000131,2026-05-17 06:50:00,791.67,CREDIT,Big Basket,UPI647727,SYNTH-INV-000131
SYNTH-LEDGER-000132,2026-06-18 07:30:00,1909.14,DEBIT,Decathlon Sports,UPI116074,SYNTH-INV-000132
SYNTH-LEDGER-000133,2026-05-02 11:16:00,843.62,DEBIT,DOMINOS,UPI309360,SYNTH-INV-000133
SYNTH-LEDGER-000134,2026-07-11 10:12:00,134.59,CREDIT,UBER,UPI170340,SYNTH-INV-000134
SYNTH-LEDGER-000135,2026-06-25 16:59:00,2589.16,CREDIT,Decathlon Sports,UPI-696399,SYNTH-INV-000135
SYNTH-LEDGER-000136,2026-07-03 15:23:00,283.99,CREDIT,METRO INDIA,UPI756801,SYNTH-INV-000136
SYNTH-LEDGER-000137,2026-06-16 06:24:00,490.67,DEBIT,BIGBASKET,UPI217387,SYNTH-INV-000137
SYNTH-LEDGER-000138,2026-07-27 16:18:00,330.53,CREDIT,CROMA RETAIL,UPI257326,SYNTH-INV-000138
SYNTH-LEDGER-000139,2026-07-25 04:59:00,435.94,DEBIT,METRO RETAIL,UPI691007,SYNTH-INV-000139
SYNTH-LEDGER-000140,2026-07-11 01:13:00,657.77,DEBIT,NYKAA,UPI317529,SYNTH-INV-000140
SYNTH-LEDGER-000141,2026-05-24 14:00:00,233.88,CREDIT,MYNTRA PAY,UPI505792,SYNTH-INV-000141
SYNTH-LEDGER-000142,2026-07-17 13:42:00,624.32,CREDIT,BIGBASKET,UPI-405762,SYNTH-INV-000142
SYNTH-LEDGER-000143,2026-07-08 05:14:00,300.81,DEBIT,RELIANCE DIGITAL,UPI758144,SYNTH-INV-000143
SYNTH-LEDGER-000144,2026-07-16 05:27:00,2371.13,DEBIT,APOLLO PHARMACY,UPI-326275,SYNTH-INV-000144
SYNTH-LEDGER-000145,2026-06-02 03:32:00,742.27,CREDIT,Uber Technologies,UPI896582,SYNTH-INV-000145
SYNTH-LEDGER-000146,2026-05-15 02:46:00,1726.58,CREDIT,UBER,UPI509252,SYNTH-INV-000146
SYNTH-LEDGER-000147,2026-07-02 11:30:00,1005.46,CREDIT,Decathlon Sports,UPI472917,SYNTH-INV-000147
SYNTH-LEDGER-000148,2026-05-04 06:10:00,439.14,CREDIT,CROMA,UPI-783747,SYNTH-INV-000148
SYNTH-LEDGER-000149,2026-06-11 02:02:00,1869.71,CREDIT,Decathlon Sports,UPI323464,SYNTH-INV-000149
SYNTH-LEDGER-000150,2026-05-01 21:37:00,993.3,CREDIT,DOMINO'S PIZZA,UPI440053,SYNTH-INV-000150
SYNTH-LEDGER-000151,2026-05-03 08:07:00,661.47,CREDIT,Reliance Retail Ltd,UPI764217,SYNTH-INV-000151
SYNTH-LEDGER-000152,2026-07-10 20:01:00,1806.36,CREDIT,IRCTC E-TICKETING,UPI981913,SYNTH-INV-000152
SYNTH-LEDGER-000153,2026-07-21 17:25:00,1507.12,CREDIT,Big Basket,UPI356326,SYNTH-INV-000153
SYNTH-LEDGER-000154,2026-07-24 00:05:00,855.01,CREDIT,SWIGGY*BLR,UPI-963857,SYNTH-INV-000154
SYNTH-LEDGER-000155,2026-07-11 19:23:00,2785.23,CREDIT,DOMINO'S PIZZA,UPI402656,SYNTH-INV-000155
SYNTH-LEDGER-000156,2026-06-11 02:40:00,1918.57,CREDIT,UBER INDIA,UPI236173,SYNTH-INV-000156
SYNTH-LEDGER-000157,2026-05-03 01:09:00,1352.28,CREDIT,SWIGGY,UPI217829,SYNTH-INV-000157
SYNTH-LEDGER-000158,2026-05-09 13:09:00,1715.62,CREDIT,CROMA RETAIL,UPI988293,SYNTH-INV-000158
SYNTH-LEDGER-000160,2026-06-10 17:16:00,1833.43,DEBIT,Apollo Pharmacy Ltd,UPI876398,SYNTH-INV-000160
SYNTH-LEDGER-000161,2026-07-22 10:37:00,828.8,CREDIT,DECATHLON INDIA,UPI978873,SYNTH-INV-000161
SYNTH-LEDGER-000162,2026-05-04 04:05:00,2085.38,CREDIT,Swiggy India,UPI516113,SYNTH-INV-000162
SYNTH-LEDGER-000163,2026-06-03 22:05:00,2397.2,CREDIT,BIGBASKET INDIA,UPI337127,SYNTH-INV-000163
SYNTH-LEDGER-000164,2026-07-04 21:18:00,418.01,DEBIT,ZOMATO,UPI150135,SYNTH-INV-000164
SYNTH-LEDGER-000165,2026-05-20 14:48:00,1295.65,CREDIT,SWIGGY,UPI767104,SYNTH-INV-000165
SYNTH-LEDGER-000166,2026-06-21 04:34:00,2919.28,CREDIT,Uber Technologies,UPI545140,SYNTH-INV-000166
SYNTH-LEDGER-000167,2026-06-01 08:00:00,1858.28,DEBIT,BOOKMYSHOW.COM,UPI217676,SYNTH-INV-000167
SYNTH-LEDGER-000168,2026-06-24 23:21:00,763.59,CREDIT,OLA,UPI-716613,SYNTH-INV-000168
SYNTH-LEDGER-000169,2026-06-17 18:58:00,1595.34,CREDIT,RELIANCE DIGITAL,UPI246570,SYNTH-INV-000169
SYNTH-LEDGER-000170,2026-05-17 09:18:00,1171.25,DEBIT,DOMINOS,UPI644622,SYNTH-INV-000170
SYNTH-LEDGER-000171,2026-05-24 16:04:00,417.75,CREDIT,BIGBASKET INDIA,UPI-135604,SYNTH-INV-000171
SYNTH-LEDGER-000172,2026-05-26 00:41:00,780.43,CREDIT,Flipkart Internet,UPI921201,SYNTH-INV-000172
SYNTH-LEDGER-000173,2026-07-28 14:24:00,555.77,CREDIT,IRCTC,UPI405106,SYNTH-INV-000173
SYNTH-LEDGER-000174,2026-05-21 17:06:00,1351.42,DEBIT,METRO RETAIL,UPI281902,SYNTH-INV-000174
SYNTH-LEDGER-000175,2026-07-23 22:47:00,844.8,CREDIT,DECATHLON INDIA,UPI129999,SYNTH-INV-000175
SYNTH-LEDGER-000176,2026-07-06 09:08:00,1324.75,CREDIT,Urban Company India,UPI859844,SYNTH-INV-000176
SYNTH-LEDGER-000177,2026-07-09 09:41:00,2161.58,CREDIT,Uber Technologies,UPI-161259,SYNTH-INV-000177
SYNTH-LEDGER-000178,2026-07-23 19:28:00,1454.72,CREDIT,METRO INDIA,UPI-994841,SYNTH-INV-000178
SYNTH-LEDGER-000179,2026-06-29 10:35:00,972.94,DEBIT,IRCTC E-TICKETING,UPI822565,SYNTH-INV-000179
SYNTH-LEDGER-000180,2026-06-01 16:57:00,1406.16,CREDIT,MYNTRA,UPI188094,SYNTH-INV-000180
SYNTH-LEDGER-000181,2026-05-05 04:46:00,1392.72,CREDIT,Myntra Designs,UPI865430,SYNTH-INV-000181
SYNTH-LEDGER-000182,2026-05-05 17:30:00,1235.75,DEBIT,DOMINO'S PIZZA,UPI891469,SYNTH-INV-000182
SYNTH-LEDGER-000183,2026-07-08 12:08:00,1240.46,CREDIT,APOLLO PHARMACY,UPI395026,SYNTH-INV-000183
SYNTH-LEDGER-000184,2026-05-24 13:02:00,1387.09,CREDIT,URBANCLAP,UPI647545,SYNTH-INV-000184
SYNTH-LEDGER-000185,2026-06-13 20:53:00,1291.52,DEBIT,MYNTRA PAY,UPI841520,SYNTH-INV-000185
SYNTH-LEDGER-000186,2026-07-11 00:05:00,659.16,CREDIT,BMS,UPI-933921,SYNTH-INV-000186
SYNTH-LEDGER-000187,2026-05-21 18:43:00,3085.33,CREDIT,Decathlon Sports,UPI-836403,SYNTH-INV-000187
SYNTH-LEDGER-000188,2026-07-24 00:53:00,1612.85,DEBIT,Nykaa E-Retail,UPI334206,SYNTH-INV-000188
SYNTH-LEDGER-000189,2026-05-17 15:11:00,913.05,CREDIT,SWIGGY,UPI834310,SYNTH-INV-000189
SYNTH-LEDGER-000190,2026-05-24 15:42:00,604.1,DEBIT,DOMINO'S PIZZA,UPI335112,SYNTH-INV-000190
SYNTH-LEDGER-000191,2026-05-18 02:52:00,1539.91,CREDIT,URBANCLAP,UPI400103,SYNTH-INV-000191
SYNTH-LEDGER-000192,2026-06-12 18:31:00,561.61,DEBIT,IRCTC RAIL,UPI240662,SYNTH-INV-000192
SYNTH-LEDGER-000193,2026-05-29 16:30:00,1929.74,DEBIT,CROMA RETAIL,UPI-885277,SYNTH-INV-000193
SYNTH-LEDGER-000194,2026-05-09 06:35:00,333.0,DEBIT,Big Basket,UPI409900,SYNTH-INV-000194
SYNTH-LEDGER-000195,2026-07-01 19:58:00,958.47,CREDIT,FLIPKART,UPI-507204,SYNTH-INV-000195
SYNTH-LEDGER-000196,2026-07-21 05:25:00,1721.32,CREDIT,BOOKMYSHOW.COM,UPI631951,SYNTH-INV-000196
SYNTH-LEDGER-000197,2026-05-11 20:42:00,5889.55,CREDIT,METRO RETAIL,UPI688356,SYNTH-INV-000197
SYNTH-LEDGER-000198,2026-05-09 20:03:00,325.28,DEBIT,BOOKMYSHOW.COM,UPI-539357,SYNTH-INV-000198
SYNTH-LEDGER-000199,2026-07-24 20:47:00,1811.33,CREDIT,Ola Mobility,UPI431509,SYNTH-INV-000199
SYNTH-LEDGER-000200,2026-05-06 19:56:00,1233.59,CREDIT,IRCTC,UPI-269317,SYNTH-INV-000200
SYNTH-LEDGER-000201,2026-05-29 00:48:00,1021.18,CREDIT,ZOMATO*BANGALORE,UPI664256,SYNTH-INV-000201
SYNTH-LEDGER-000202,2026-06-18 10:29:00,1284.57,CREDIT,UBER,UPI339091,SYNTH-INV-000202
SYNTH-LEDGER-000203,2026-05-12 10:39:00,1666.23,CREDIT,Swiggy India,UPI918816,SYNTH-INV-000203
SYNTH-LEDGER-000204,2026-06-08 23:48:00,2501.8,CREDIT,NYKAA,UPI116968,SYNTH-INV-000204
SYNTH-LEDGER-000205,2026-06-10 07:21:00,1212.57,DEBIT,ZOMATO,UPI605807,SYNTH-INV-000205
SYNTH-LEDGER-000206,2026-06-16 01:42:00,393.82,CREDIT,AMAZON,UPI933930,SYNTH-INV-000206
SYNTH-LEDGER-000207,2026-06-23 13:09:00,536.54,CREDIT,ZOMATO*BANGALORE,UPI858209,SYNTH-INV-000207
SYNTH-LEDGER-000208,2026-07-04 04:28:00,6058.83,CREDIT,RELIANCE RETAIL,UPI294643,SYNTH-INV-000208
SYNTH-LEDGER-000209,2026-05-03 05:22:00,457.1,CREDIT,IRCTC RAIL,UPI-269293,SYNTH-INV-000209
SYNTH-LEDGER-000210,2026-05-19 18:23:00,1165.32,DEBIT,DOMINO'S PIZZA,UPI-174940,SYNTH-INV-000210
SYNTH-LEDGER-000211,2026-05-18 20:12:00,655.62,CREDIT,Decathlon Sports,UPI-974862,SYNTH-INV-000211
SYNTH-LEDGER-000212,2026-05-29 01:24:00,768.54,DEBIT,Flipkart Internet,UPI655083,SYNTH-INV-000212
SYNTH-LEDGER-000213,2026-05-01 19:40:00,2876.5,DEBIT,AMAZON,UPI381812,SYNTH-INV-000213
SYNTH-LEDGER-000214,2026-05-22 23:49:00,2605.6,CREDIT,IRCTC,UPI537440,SYNTH-INV-000214
SYNTH-LEDGER-000215,2026-06-17 08:09:00,2706.78,DEBIT,DECATHLON INDIA,UPI-656002,SYNTH-INV-000215
SYNTH-LEDGER-000216,2026-06-05 16:03:00,1036.75,CREDIT,ZOMATO*BANGALORE,UPI446214,SYNTH-INV-000216
SYNTH-LEDGER-000217,2026-05-27 06:01:00,1893.94,DEBIT,RELIANCE RETAIL,UPI842069,SYNTH-INV-000217
SYNTH-LEDGER-000218,2026-07-16 05:19:00,529.66,CREDIT,Big Basket,UPI-129333,SYNTH-INV-000218
SYNTH-LEDGER-000219,2026-05-08 14:22:00,120.57,CREDIT,FLIPKART PAY,UPI210083,SYNTH-INV-000219
SYNTH-LEDGER-000220,2026-06-08 05:19:00,3030.59,CREDIT,UBER,UPI-548197,SYNTH-INV-000220
SYNTH-LEDGER-000221,2026-07-14 19:01:00,1692.56,CREDIT,ZOMATO*BANGALORE,UPI289460,SYNTH-INV-000221
SYNTH-LEDGER-000222,2026-07-15 07:08:00,2485.75,CREDIT,RELIANCE DIGITAL,UPI-432614,SYNTH-INV-000222
SYNTH-LEDGER-000223,2026-05-16 17:03:00,2957.51,CREDIT,RELIANCE DIGITAL,UPI-107175,SYNTH-INV-000223
SYNTH-LEDGER-000224,2026-07-29 12:29:00,683.74,CREDIT,METRO CASH & CARRY,UPI876292,SYNTH-INV-000224
SYNTH-LEDGER-000225,2026-05-03 12:18:00,830.82,DEBIT,AMAZON PAY,UPI761487,SYNTH-INV-000225
SYNTH-LEDGER-000226,2026-06-12 17:08:00,1583.03,DEBIT,APOLLO PHARMACY,UPI593445,SYNTH-INV-000226
SYNTH-LEDGER-000227,2026-06-14 09:13:00,3223.27,CREDIT,Amazon India,UPI614947,SYNTH-INV-000227
SYNTH-LEDGER-000228,2026-05-06 00:55:00,3416.83,DEBIT,MYNTRA,UPI200953,SYNTH-INV-000228
SYNTH-LEDGER-000229,2026-07-02 01:06:00,918.35,CREDIT,Nykaa E-Retail,UPI155189,SYNTH-INV-000229
SYNTH-LEDGER-000230,2026-06-17 07:21:00,1643.65,CREDIT,Ola Mobility,UPI-726605,SYNTH-INV-000230
SYNTH-LEDGER-000231,2026-07-18 05:07:00,1768.0,DEBIT,Nykaa E-Retail,UPI-428542,SYNTH-INV-000231
SYNTH-LEDGER-000232,2026-06-24 13:34:00,2539.78,DEBIT,Decathlon Sports,UPI-188050,SYNTH-INV-000232
SYNTH-LEDGER-000233,2026-06-21 17:40:00,830.0,DEBIT,Flipkart Internet,UPI-107755,SYNTH-INV-000233
SYNTH-LEDGER-000234,2026-07-29 05:26:00,2504.66,CREDIT,NYKAA.COM,UPI864408,SYNTH-INV-000234
SYNTH-LEDGER-000235,2026-07-08 10:14:00,256.98,CREDIT,Zomato Ltd,UPI375518,SYNTH-INV-000235
SYNTH-LEDGER-000236,2026-07-27 18:43:00,714.26,CREDIT,Myntra Designs,UPI331855,SYNTH-INV-000236
SYNTH-LEDGER-000237,2026-06-20 08:34:00,1912.71,DEBIT,METRO CASH & CARRY,UPI521067,SYNTH-INV-000237
SYNTH-LEDGER-000238,2026-06-05 11:15:00,232.82,CREDIT,ZOMATO*BANGALORE,UPI-825194,SYNTH-INV-000238
SYNTH-LEDGER-000239,2026-05-28 03:39:00,3899.4,CREDIT,NYKAA,UPI917761,SYNTH-INV-000239
SYNTH-LEDGER-000240,2026-05-19 02:25:00,8014.48,CREDIT,BOOKMYSHOW.COM,UPI583693,SYNTH-INV-000240
SYNTH-LEDGER-000241,2026-05-22 16:14:00,618.74,DEBIT,CROMA,UPI-786702,SYNTH-INV-000241
SYNTH-LEDGER-000242,2026-07-07 23:41:00,3963.02,DEBIT,SWIGGY*BLR,UPI-788788,SYNTH-INV-000242
SYNTH-LEDGER-000243,2026-07-05 16:41:00,710.39,CREDIT,Ola Mobility,UPI335891,SYNTH-INV-000243
SYNTH-LEDGER-000244,2026-07-20 15:42:00,380.1,CREDIT,DECATHLON,UPI746514,SYNTH-INV-000244
SYNTH-LEDGER-000245,2026-07-03 03:10:00,359.05,CREDIT,CROMA RETAIL,UPI471386,SYNTH-INV-000245
SYNTH-LEDGER-000246,2026-06-04 14:02:00,2139.53,CREDIT,RELIANCE DIGITAL,UPI997899,SYNTH-INV-000246
SYNTH-LEDGER-000247,2026-05-31 18:47:00,492.74,CREDIT,Nykaa E-Retail,UPI533238,SYNTH-INV-000247
SYNTH-LEDGER-000248,2026-07-16 22:12:00,1866.1,CREDIT,IRCTC,UPI624679,SYNTH-INV-000248
SYNTH-LEDGER-000249,2026-07-05 04:45:00,654.28,CREDIT,METRO RETAIL,UPI952027,SYNTH-INV-000249
SYNTH-LEDGER-000250,2026-06-24 22:29:00,348.78,CREDIT,MYNTRA PAY,UPI859821,SYNTH-INV-000250
SYNTH-LEDGER-000252,2026-05-21 08:04:00,407.1,DEBIT,RELIANCE RETAIL,UPI441996,SYNTH-INV-000252
SYNTH-LEDGER-000253,2026-07-26 20:32:00,806.72,CREDIT,CROMA RETAIL,UPI632225,SYNTH-INV-000253
SYNTH-LEDGER-000254,2026-05-04 14:26:00,972.17,CREDIT,Apollo Pharmacy Ltd,UPI-750987,SYNTH-INV-000254
SYNTH-LEDGER-000255,2026-05-05 22:03:00,2808.54,CREDIT,APOLLO,UPI926888,SYNTH-INV-000255
SYNTH-LEDGER-000256,2026-07-29 02:02:00,383.15,CREDIT,DOMINOS,UPI311355,SYNTH-INV-000256
SYNTH-LEDGER-000257,2026-07-13 18:56:00,1000.36,DEBIT,APOLLO,UPI616133,SYNTH-INV-000257
SYNTH-LEDGER-000258,2026-07-21 11:58:00,1594.56,CREDIT,DOMINO'S PIZZA,UPI963185,SYNTH-INV-000258
SYNTH-LEDGER-000259,2026-07-24 05:41:00,1841.72,CREDIT,ZOMATO,UPI895298,SYNTH-INV-000259
SYNTH-LEDGER-000260,2026-05-20 10:30:00,8457.4,CREDIT,CROMA,UPI664578,SYNTH-INV-000260
SYNTH-LEDGER-000261,2026-06-15 03:25:00,803.33,CREDIT,UBER,UPI846234,SYNTH-INV-000261
SYNTH-LEDGER-000262,2026-07-25 00:17:00,696.7,CREDIT,NYKAA.COM,UPI802550,SYNTH-INV-000262
SYNTH-LEDGER-000263,2026-06-12 00:09:00,762.52,CREDIT,DOMINO'S PIZZA,UPI-328707,SYNTH-INV-000263
SYNTH-LEDGER-000264,2026-05-29 22:15:00,1068.62,CREDIT,IRCTC RAIL,UPI-852975,SYNTH-INV-000264
SYNTH-LEDGER-000265,2026-06-19 18:03:00,862.38,CREDIT,NYKAA.COM,UPI827315,SYNTH-INV-000265
SYNTH-LEDGER-000266,2026-05-27 15:14:00,867.1,DEBIT,AMAZON,UPI920983,SYNTH-INV-000266
SYNTH-LEDGER-000267,2026-07-21 14:30:00,1233.29,CREDIT,Amazon India,UPI654798,SYNTH-INV-000267
SYNTH-LEDGER-000268,2026-06-17 18:27:00,4686.64,CREDIT,FLIPKART PAY,UPI114833,SYNTH-INV-000268
SYNTH-LEDGER-000269,2026-07-10 17:03:00,1113.04,CREDIT,RELIANCE DIGITAL,UPI384627,SYNTH-INV-000269
SYNTH-LEDGER-000270,2026-06-17 03:21:00,1197.98,DEBIT,Zomato Ltd,UPI-405745,SYNTH-INV-000270
SYNTH-LEDGER-000271,2026-05-16 22:36:00,677.62,CREDIT,Decathlon Sports,UPI318196,SYNTH-INV-000271
SYNTH-LEDGER-000272,2026-07-08 15:13:00,731.9,CREDIT,DECATHLON,UPI955000,SYNTH-INV-000272
SYNTH-LEDGER-000273,2026-05-22 19:56:00,2556.97,CREDIT,Ola Mobility,UPI336149,SYNTH-INV-000273
SYNTH-LEDGER-000274,2026-06-25 23:17:00,3756.91,CREDIT,BIGBASKET,UPI709189,SYNTH-INV-000274
SYNTH-LEDGER-000275,2026-06-13 06:12:00,4316.29,CREDIT,CROMA RETAIL,UPI-137127,SYNTH-INV-000275
SYNTH-LEDGER-000276,2026-07-29 23:35:00,772.93,DEBIT,Myntra Designs,UPI528069,SYNTH-INV-000276
SYNTH-LEDGER-000277,2026-05-15 15:37:00,1021.11,DEBIT,RELIANCE RETAIL,UPI657923,SYNTH-INV-000277
SYNTH-LEDGER-000278,2026-05-12 09:05:00,1022.22,DEBIT,Croma Electronics,UPI-419490,SYNTH-INV-000278
SYNTH-LEDGER-000279,2026-06-02 03:03:00,908.24,CREDIT,DECATHLON INDIA,UPI103504,SYNTH-INV-000279
SYNTH-LEDGER-000280,2026-05-16 07:43:00,2839.18,CREDIT,RELIANCE DIGITAL,UPI869212,SYNTH-INV-000280
SYNTH-LEDGER-000281,2026-07-10 14:20:00,2628.86,DEBIT,FLIPKART PAY,UPI687309,SYNTH-INV-000281
SYNTH-LEDGER-000282,2026-05-09 08:43:00,1926.59,DEBIT,Urban Company India,UPI492661,SYNTH-INV-000282
SYNTH-LEDGER-000283,2026-06-17 09:18:00,1159.69,CREDIT,RELIANCE DIGITAL,UPI511070,SYNTH-INV-000283
SYNTH-LEDGER-000284,2026-05-14 08:31:00,5352.69,CREDIT,SWIGGY*BLR,UPI807938,SYNTH-INV-000284
SYNTH-LEDGER-000285,2026-06-01 23:43:00,1106.44,DEBIT,NYKAA.COM,UPI575205,SYNTH-INV-000285
SYNTH-LEDGER-000286,2026-05-09 03:25:00,248.56,CREDIT,Urban Company India,UPI344023,SYNTH-INV-000286
SYNTH-LEDGER-000288,2026-07-22 05:29:00,4238.08,DEBIT,Flipkart Internet,UPI963635,SYNTH-INV-000288
SYNTH-LEDGER-000289,2026-06-21 18:50:00,1668.56,CREDIT,Croma Electronics,UPI-153774,SYNTH-INV-000289
SYNTH-LEDGER-000290,2026-07-29 18:49:00,3623.29,DEBIT,UBER INDIA,UPI174185,SYNTH-INV-000290
SYNTH-LEDGER-000291,2026-06-27 02:07:00,650.8,CREDIT,DECATHLON,UPI653638,SYNTH-INV-000291
SYNTH-LEDGER-000292,2026-06-04 09:09:00,2604.16,DEBIT,IRCTC,UPI278544,SYNTH-INV-000292
SYNTH-LEDGER-000293,2026-05-27 04:34:00,2656.14,DEBIT,MYNTRA PAY,UPI876632,SYNTH-INV-000293
SYNTH-LEDGER-000294,2026-07-23 09:19:00,1916.42,DEBIT,APOLLO PHARMACY,UPI818874,SYNTH-INV-000294
SYNTH-LEDGER-000295,2026-07-29 18:10:00,2048.42,DEBIT,Uber Technologies,UPI160496,SYNTH-INV-000295
SYNTH-LEDGER-000296,2026-05-20 03:57:00,285.64,CREDIT,URBAN COMPANY,UPI454982,SYNTH-INV-000296
SYNTH-LEDGER-000297,2026-05-21 16:40:00,1033.62,CREDIT,Myntra Designs,UPI608945,SYNTH-INV-000297
SYNTH-LEDGER-000298,2026-06-14 14:49:00,569.89,DEBIT,Urban Company India,UPI646645,SYNTH-INV-000298
SYNTH-LEDGER-000299,2026-06-05 10:01:00,2225.79,CREDIT,DOMINOS,UPI520545,SYNTH-INV-000299
SYNTH-LEDGER-000300,2026-06-06 06:09:00,721.15,CREDIT,BIGBASKET INDIA,UPI209394,SYNTH-INV-000300
SYNTH-LEDGER-000301,2026-07-02 21:39:00,775.59,DEBIT,IRCTC RAIL,UPI771082,SYNTH-INV-000301
SYNTH-LEDGER-000302,2026-05-25 23:00:00,832.85,CREDIT,Amazon India,UPI238142,SYNTH-INV-000302
SYNTH-LEDGER-000303,2026-06-02 18:58:00,650.33,CREDIT,RELIANCE RETAIL,UPI314906,SYNTH-INV-000303
SYNTH-LEDGER-000304,2026-06-16 09:17:00,572.72,CREDIT,UBER INDIA,UPI154479,SYNTH-INV-000304
SYNTH-LEDGER-000305,2026-06-15 00:29:00,2009.9,DEBIT,NYKAA,UPI887364,SYNTH-INV-000305
SYNTH-LEDGER-000306,2026-05-04 06:35:00,1022.1,DEBIT,IRCTC E-TICKETING,UPI866340,SYNTH-INV-000306
SYNTH-LEDGER-000307,2026-05-03 14:27:00,580.0,CREDIT,Urban Company India,UPI449077,SYNTH-INV-000307
SYNTH-LEDGER-000308,2026-06-12 12:53:00,4106.57,CREDIT,UBER INDIA,UPI602581,SYNTH-INV-000308
SYNTH-LEDGER-000309,2026-05-08 00:14:00,289.08,DEBIT,Decathlon Sports,UPI322530,SYNTH-INV-000309
SYNTH-LEDGER-000310,2026-05-21 18:08:00,811.94,CREDIT,URBANCLAP,UPI480480,SYNTH-INV-000310
SYNTH-LEDGER-000311,2026-06-16 11:36:00,1681.49,CREDIT,BIGBASKET INDIA,UPI-700823,SYNTH-INV-000311
SYNTH-LEDGER-000312,2026-05-24 06:25:00,874.07,CREDIT,URBAN COMPANY,UPI766732,SYNTH-INV-000312
SYNTH-LEDGER-000313,2026-06-05 18:59:00,1182.22,CREDIT,DOMINOS,UPI-278021,SYNTH-INV-000313
SYNTH-LEDGER-000314,2026-06-20 01:45:00,1726.71,CREDIT,Croma Electronics,UPI344840,SYNTH-INV-000314
SYNTH-LEDGER-000315,2026-06-18 01:11:00,1757.37,CREDIT,SWIGGY,UPI-371637,SYNTH-INV-000315
SYNTH-LEDGER-000316,2026-05-20 13:20:00,2329.53,DEBIT,UBER,UPI788330,SYNTH-INV-000316
SYNTH-LEDGER-000317,2026-07-10 02:00:00,321.41,CREDIT,IRCTC,UPI267995,SYNTH-INV-000317
SYNTH-LEDGER-000318,2026-05-21 15:51:00,459.64,CREDIT,Apollo Pharmacy Ltd,UPI610523,SYNTH-INV-000318
SYNTH-LEDGER-000319,2026-07-21 22:31:00,2454.89,CREDIT,UBER,UPI882714,SYNTH-INV-000319
SYNTH-LEDGER-000320,2026-06-17 15:14:00,628.66,CREDIT,FLIPKART,UPI-628730,SYNTH-INV-000320
SYNTH-LEDGER-000321,2026-06-23 14:09:00,1405.61,CREDIT,SWIGGY*BLR,UPI950323,SYNTH-INV-000321
SYNTH-LEDGER-000322,2026-07-16 02:02:00,1505.33,DEBIT,Apollo Pharmacy Ltd,UPI-296939,SYNTH-INV-000322
SYNTH-LEDGER-000323,2026-05-21 02:55:00,510.26,CREDIT,ZOMATO*BANGALORE,UPI-778680,SYNTH-INV-000323
SYNTH-LEDGER-000324,2026-06-16 15:18:00,1327.85,CREDIT,Flipkart Internet,UPI808510,SYNTH-INV-000324
SYNTH-LEDGER-000325,2026-06-27 18:46:00,3157.46,CREDIT,CROMA RETAIL,UPI785602,SYNTH-INV-000325
SYNTH-LEDGER-000326,2026-07-04 14:11:00,608.79,CREDIT,METRO INDIA,UPI-585250,SYNTH-INV-000326
SYNTH-LEDGER-000327,2026-07-15 14:39:00,459.2,DEBIT,METRO INDIA,UPI827296,SYNTH-INV-000327
SYNTH-LEDGER-000328,2026-06-22 13:13:00,1177.15,CREDIT,Swiggy India,UPI580580,SYNTH-INV-000328
SYNTH-LEDGER-000329,2026-05-31 16:51:00,3408.85,CREDIT,DECATHLON INDIA,UPI-998404,SYNTH-INV-000329
SYNTH-LEDGER-000330,2026-06-24 00:13:00,316.65,CREDIT,CROMA RETAIL,UPI-614306,SYNTH-INV-000330
SYNTH-LEDGER-000332,2026-07-02 19:05:00,1609.53,CREDIT,IRCTC E-TICKETING,UPI-528556,SYNTH-INV-000332
SYNTH-LEDGER-000333,2026-07-09 08:58:00,488.77,DEBIT,METRO INDIA,UPI637053,SYNTH-INV-000333
SYNTH-LEDGER-000334,2026-05-27 06:55:00,2492.45,DEBIT,Decathlon Sports,UPI976727,SYNTH-INV-000334
SYNTH-LEDGER-000335,2026-07-06 21:36:00,2337.7,CREDIT,IRCTC E-TICKETING,UPI847554,SYNTH-INV-000335
SYNTH-LEDGER-000336,2026-05-13 00:25:00,2229.12,CREDIT,CROMA RETAIL,UPI299758,SYNTH-INV-000336
SYNTH-LEDGER-000337,2026-07-14 18:03:00,999.08,CREDIT,Croma Electronics,UPI544843,SYNTH-INV-000337
SYNTH-LEDGER-000338,2026-06-25 09:26:00,847.45,CREDIT,Flipkart Internet,UPI-141096,SYNTH-INV-000338
SYNTH-LEDGER-000339,2026-06-09 19:35:00,745.52,CREDIT,MYNTRA PAY,UPI897380,SYNTH-INV-000339
SYNTH-LEDGER-000340,2026-05-07 03:44:00,1288.11,CREDIT,NYKAA,UPI660678,SYNTH-INV-000340
SYNTH-LEDGER-000341,2026-05-29 10:37:00,3640.11,DEBIT,Amazon India,UPI833539,SYNTH-INV-000341
SYNTH-LEDGER-000342,2026-07-24 22:30:00,2739.02,DEBIT,Urban Company India,UPI105958,SYNTH-INV-000342
SYNTH-LEDGER-000343,2026-07-01 22:42:00,1844.75,CREDIT,IRCTC RAIL,UPI-572754,SYNTH-INV-000343
SYNTH-LEDGER-000344,2026-06-07 17:18:00,2311.81,CREDIT,FLIPKART PAY,UPI-369804,SYNTH-INV-000344
SYNTH-LEDGER-000345,2026-07-07 21:20:00,285.26,CREDIT,DECATHLON INDIA,UPI-659311,SYNTH-INV-000345
SYNTH-LEDGER-000346,2026-05-23 20:05:00,745.7,CREDIT,Reliance Retail Ltd,UPI229726,SYNTH-INV-000346
SYNTH-LEDGER-000347,2026-06-18 17:05:00,803.23,CREDIT,METRO INDIA,UPI-100890,SYNTH-INV-000347
SYNTH-LEDGER-000348,2026-06-19 20:13:00,2145.57,CREDIT,Nykaa E-Retail,UPI468442,SYNTH-INV-000348
SYNTH-LEDGER-000349,2026-07-25 02:19:00,553.73,CREDIT,IRCTC E-TICKETING,UPI274275,SYNTH-INV-000349
SYNTH-LEDGER-000350,2026-06-21 15:35:00,344.4,DEBIT,BIGBASKET INDIA,UPI655893,SYNTH-INV-000350
SYNTH-LEDGER-000351,2026-05-09 08:05:00,2484.81,CREDIT,Myntra Designs,UPI606313,SYNTH-INV-000351
SYNTH-LEDGER-000352,2026-06-09 18:02:00,1355.32,DEBIT,RELIANCE RETAIL,UPI938118,SYNTH-INV-000352
SYNTH-LEDGER-000353,2026-06-30 09:32:00,2948.61,CREDIT,OLA,UPI683896,SYNTH-INV-000353
SYNTH-LEDGER-000354,2026-06-05 18:45:00,547.92,CREDIT,UBER,UPI611029,SYNTH-INV-000354
SYNTH-LEDGER-000355,2026-06-18 09:07:00,2495.05,CREDIT,METRO CASH & CARRY,UPI840087,SYNTH-INV-000355
SYNTH-LEDGER-000356,2026-07-19 08:13:00,647.85,DEBIT,CROMA RETAIL,UPI-131023,SYNTH-INV-000356
SYNTH-LEDGER-000357,2026-05-02 01:16:00,930.18,CREDIT,Reliance Retail Ltd,UPI252354,SYNTH-INV-000357
SYNTH-LEDGER-000358,2026-06-07 10:30:00,11905.14,CREDIT,AMAZON,UPI-629331,SYNTH-INV-000358
SYNTH-LEDGER-000359,2026-06-23 20:49:00,3778.42,DEBIT,Zomato Ltd,UPI932235,SYNTH-INV-000359
SYNTH-LEDGER-000360,2026-07-06 18:46:00,536.39,CREDIT,CROMA RETAIL,UPI389425,SYNTH-INV-000360
SYNTH-LEDGER-000361,2026-05-02 09:21:00,223.17,CREDIT,CROMA,UPI217761,SYNTH-INV-000361
SYNTH-LEDGER-000362,2026-07-29 11:43:00,1583.16,CREDIT,METRO CASH & CARRY,UPI251781,SYNTH-INV-000362
SYNTH-LEDGER-000363,2026-06-18 20:39:00,2823.37,DEBIT,FLIPKART PAY,UPI818514,SYNTH-INV-000363
SYNTH-LEDGER-000364,2026-05-15 04:49:00,1334.51,DEBIT,RELIANCE DIGITAL,UPI-816044,SYNTH-INV-000364
SYNTH-LEDGER-000365,2026-07-02 08:17:00,1118.3,CREDIT,Zomato Ltd,UPI241322,SYNTH-INV-000365
SYNTH-LEDGER-000366,2026-07-22 15:24:00,730.25,CREDIT,BOOKMYSHOW.COM,UPI768900,SYNTH-INV-000366
SYNTH-LEDGER-000367,2026-05-11 13:27:00,628.27,CREDIT,Apollo Pharmacy Ltd,UPI331435,SYNTH-INV-000367
SYNTH-LEDGER-000368,2026-05-26 21:22:00,384.45,CREDIT,DECATHLON INDIA,UPI329787,SYNTH-INV-000368
SYNTH-LEDGER-000369,2026-06-28 22:51:00,1237.64,DEBIT,IRCTC RAIL,UPI941404,SYNTH-INV-000369
SYNTH-LEDGER-000370,2026-05-18 20:44:00,850.76,CREDIT,IRCTC,UPI688515,SYNTH-INV-000370
SYNTH-LEDGER-000371,2026-05-17 01:51:00,1568.85,CREDIT,DOMINO'S PIZZA,UPI-652244,SYNTH-INV-000371
SYNTH-LEDGER-000372,2026-06-24 22:36:00,558.5,CREDIT,Swiggy India,UPI-967144,SYNTH-INV-000372
SYNTH-LEDGER-000373,2026-05-19 21:28:00,703.06,DEBIT,Decathlon Sports,UPI649365,SYNTH-INV-000373
SYNTH-LEDGER-000374,2026-07-22 15:03:00,1476.89,CREDIT,DECATHLON INDIA,UPI-594058,SYNTH-INV-000374
SYNTH-LEDGER-000375,2026-06-29 08:14:00,2303.84,CREDIT,SWIGGY*BLR,UPI657275,SYNTH-INV-000375
SYNTH-LEDGER-000376,2026-06-27 23:46:00,153.77,DEBIT,CROMA,UPI634685,SYNTH-INV-000376
SYNTH-LEDGER-000377,2026-05-08 23:25:00,683.37,CREDIT,DECATHLON INDIA,UPI398614,SYNTH-INV-000377
SYNTH-LEDGER-000378,2026-05-24 14:33:00,1086.81,DEBIT,DOMINO'S PIZZA,UPI-363642,SYNTH-INV-000378
SYNTH-LEDGER-000379,2026-07-03 05:02:00,2068.54,DEBIT,RELIANCE RETAIL,UPI-323893,SYNTH-INV-000379
SYNTH-LEDGER-000380,2026-06-09 14:23:00,938.22,DEBIT,APOLLO,UPI311204,SYNTH-INV-000380
SYNTH-LEDGER-000381,2026-06-13 01:22:00,1787.36,CREDIT,Flipkart Internet,UPI450540,SYNTH-INV-000381
SYNTH-LEDGER-000382,2026-07-16 20:34:00,500.31,CREDIT,URBAN COMPANY,UPI873711,SYNTH-INV-000382
SYNTH-LEDGER-000383,2026-06-04 09:21:00,1225.77,CREDIT,FLIPKART,UPI158011,SYNTH-INV-000383
SYNTH-LEDGER-000384,2026-07-29 01:22:00,5506.18,CREDIT,Ola Mobility,UPI371465,SYNTH-INV-000384
SYNTH-LEDGER-000385,2026-07-21 04:32:00,735.65,DEBIT,AMAZON PAY,UPI441747,SYNTH-INV-000385
SYNTH-LEDGER-000386,2026-06-05 09:22:00,437.75,CREDIT,Croma Electronics,UPI774562,SYNTH-INV-000386
SYNTH-LEDGER-000387,2026-06-28 05:04:00,721.41,CREDIT,APOLLO PHARMACY,UPI285991,SYNTH-INV-000387
SYNTH-LEDGER-000388,2026-05-10 03:49:00,1036.25,DEBIT,Nykaa E-Retail,UPI646637,SYNTH-INV-000388
SYNTH-LEDGER-000389,2026-06-11 21:26:00,1405.26,CREDIT,Zomato Ltd,UPI655611,SYNTH-INV-000389
SYNTH-LEDGER-000391,2026-05-30 03:20:00,833.83,CREDIT,Urban Company India,UPI436529,SYNTH-INV-000391
SYNTH-LEDGER-000392,2026-05-17 18:14:00,2218.67,CREDIT,AMAZON PAY,UPI578085,SYNTH-INV-000392
SYNTH-LEDGER-000393,2026-05-07 14:17:00,5243.12,DEBIT,IRCTC E-TICKETING,UPI-834186,SYNTH-INV-000393
SYNTH-LEDGER-000394,2026-07-21 23:43:00,273.09,CREDIT,BMS,UPI-795830,SYNTH-INV-000394
SYNTH-LEDGER-000395,2026-05-21 14:51:00,920.71,DEBIT,UBER,UPI-202516,SYNTH-INV-000395
SYNTH-LEDGER-000397,2026-07-12 07:55:00,258.92,DEBIT,Ola Mobility,UPI-927177,SYNTH-INV-000397
SYNTH-LEDGER-000398,2026-06-12 06:29:00,677.51,CREDIT,CROMA RETAIL,UPI-657000,SYNTH-INV-000398
SYNTH-LEDGER-000399,2026-07-24 20:07:00,433.28,DEBIT,URBANCLAP,UPI957882,SYNTH-INV-000399
SYNTH-LEDGER-000400,2026-07-08 20:32:00,1842.67,CREDIT,APOLLO,UPI739421,SYNTH-INV-000400
SYNTH-LEDGER-000402,2026-05-24 08:17:00,641.58,CREDIT,IRCTC E-TICKETING,UPI104203,SYNTH-INV-000402
SYNTH-LEDGER-000403,2026-05-15 00:24:00,829.56,CREDIT,Myntra Designs,UPI-243543,SYNTH-INV-000403
SYNTH-LEDGER-000404,2026-05-25 22:24:00,1776.16,CREDIT,AMAZON PAY,UPI-811762,SYNTH-INV-000404
SYNTH-LEDGER-000405,2026-07-01 21:21:00,609.37,CREDIT,RELIANCE RETAIL,UPI273706,SYNTH-INV-000405
SYNTH-LEDGER-000406,2026-07-02 08:58:00,861.61,DEBIT,Amazon India,UPI-585812,SYNTH-INV-000406
SYNTH-LEDGER-000407,2026-05-26 01:19:00,1281.93,DEBIT,APOLLO,UPI749231,SYNTH-INV-000407
SYNTH-LEDGER-000408,2026-05-07 19:02:00,1203.73,CREDIT,DECATHLON,UPI799215,SYNTH-INV-000408
SYNTH-LEDGER-000409,2026-05-16 22:51:00,636.56,DEBIT,URBAN COMPANY,UPI465217,SYNTH-INV-000409
SYNTH-LEDGER-000410,2026-05-07 10:40:00,3105.08,CREDIT,APOLLO PHARMACY,UPI740544,SYNTH-INV-000410
SYNTH-LEDGER-000411,2026-05-01 10:45:00,466.83,CREDIT,UBER INDIA,UPI-456302,SYNTH-INV-000411
SYNTH-LEDGER-000412,2026-05-05 12:56:00,811.0,DEBIT,FLIPKART PAY,UPI163209,SYNTH-INV-000412
SYNTH-LEDGER-000413,2026-05-29 11:18:00,608.53,CREDIT,APOLLO,UPI149264,SYNTH-INV-000413
SYNTH-LEDGER-000414,2026-05-07 04:58:00,2423.84,CREDIT,DOMINOS,UPI721581,SYNTH-INV-000414
SYNTH-LEDGER-000415,2026-05-08 06:42:00,3250.08,CREDIT,OLA,UPI256551,SYNTH-INV-000415
SYNTH-LEDGER-000416,2026-06-13 09:38:00,811.11,DEBIT,DECATHLON INDIA,UPI-710209,SYNTH-INV-000416
SYNTH-LEDGER-000417,2026-06-03 04:43:00,1240.87,DEBIT,RELIANCE RETAIL,UPI783692,SYNTH-INV-000417
SYNTH-LEDGER-000418,2026-07-14 17:27:00,1460.04,CREDIT,IRCTC E-TICKETING,UPI256400,SYNTH-INV-000418
SYNTH-LEDGER-000419,2026-05-14 12:27:00,1488.53,CREDIT,BOOKMYSHOW.COM,UPI877666,SYNTH-INV-000419
SYNTH-LEDGER-000421,2026-05-20 20:12:00,1268.81,CREDIT,BOOKMYSHOW.COM,UPI683089,SYNTH-INV-000421
SYNTH-LEDGER-000422,2026-06-21 05:40:00,1821.73,DEBIT,Zomato Ltd,UPI238873,SYNTH-INV-000422
SYNTH-LEDGER-000423,2026-07-23 10:10:00,1583.44,DEBIT,IRCTC E-TICKETING,UPI863372,SYNTH-INV-000423
SYNTH-LEDGER-000424,2026-05-09 02:15:00,751.73,CREDIT,AMAZON PAY,UPI103254,SYNTH-INV-000424
SYNTH-LEDGER-000425,2026-05-09 23:04:00,2668.68,DEBIT,METRO RETAIL,UPI-977714,SYNTH-INV-000425
SYNTH-LEDGER-000426,2026-07-17 02:25:00,662.36,CREDIT,BIGBASKET,UPI-773110,SYNTH-INV-000426
SYNTH-LEDGER-000427,2026-05-26 15:15:00,1586.56,DEBIT,Decathlon Sports,UPI130339,SYNTH-INV-000427
SYNTH-LEDGER-000428,2026-05-18 07:21:00,1469.89,CREDIT,URBAN COMPANY,UPI225104,SYNTH-INV-000428
SYNTH-LEDGER-000429,2026-05-18 21:48:00,760.44,CREDIT,URBANCLAP,UPI314174,SYNTH-INV-000429
SYNTH-LEDGER-000430,2026-06-03 08:32:00,710.81,CREDIT,FLIPKART,UPI189938,SYNTH-INV-000430
SYNTH-LEDGER-000431,2026-07-26 05:54:00,1819.24,CREDIT,UBER INDIA,UPI745593,SYNTH-INV-000431
SYNTH-LEDGER-000432,2026-07-25 12:43:00,753.96,CREDIT,UBER INDIA,UPI606668,SYNTH-INV-000432
SYNTH-LEDGER-000433,2026-05-11 17:14:00,2665.73,CREDIT,Swiggy India,UPI353513,SYNTH-INV-000433
SYNTH-LEDGER-000434,2026-05-28 12:53:00,320.25,CREDIT,BOOKMYSHOW,UPI525315,SYNTH-INV-000434
SYNTH-LEDGER-000435,2026-05-25 18:09:00,1627.65,DEBIT,RELIANCE RETAIL,UPI179052,SYNTH-INV-000435
SYNTH-LEDGER-000436,2026-05-29 03:50:00,1796.44,CREDIT,ZOMATO*BANGALORE,UPI104005,SYNTH-INV-000436
SYNTH-LEDGER-000439,2026-07-26 00:26:00,1100.17,DEBIT,UBER,UPI381390,SYNTH-INV-000439
SYNTH-LEDGER-000440,2026-07-02 11:38:00,876.88,DEBIT,URBAN COMPANY,UPI738933,SYNTH-INV-000440
SYNTH-LEDGER-000441,2026-06-13 21:15:00,953.77,CREDIT,AMAZON,UPI958725,SYNTH-INV-000441
SYNTH-LEDGER-000442,2026-06-13 01:56:00,1495.49,CREDIT,METRO CASH & CARRY,UPI130249,SYNTH-INV-000442
SYNTH-LEDGER-000443,2026-07-15 20:02:00,1145.89,CREDIT,Nykaa E-Retail,UPI674857,SYNTH-INV-000443
SYNTH-LEDGER-000444,2026-05-09 11:53:00,1702.45,DEBIT,Myntra Designs,UPI755858,SYNTH-INV-000444
SYNTH-LEDGER-000445,2026-05-22 19:11:00,3499.29,DEBIT,Amazon India,UPI538283,SYNTH-INV-000445
SYNTH-LEDGER-000446,2026-06-15 02:30:00,1453.0,DEBIT,FLIPKART,UPI-527597,SYNTH-INV-000446
SYNTH-LEDGER-000447,2026-07-18 17:37:00,453.31,CREDIT,ZOMATO*BANGALORE,UPI-999467,SYNTH-INV-000447
SYNTH-LEDGER-000448,2026-05-06 22:54:00,4021.63,CREDIT,Ola Mobility,UPI204539,SYNTH-INV-000448
SYNTH-LEDGER-000449,2026-07-24 16:44:00,1807.0,CREDIT,NYKAA,UPI-492796,SYNTH-INV-000449
SYNTH-LEDGER-000450,2026-05-18 16:52:00,2766.45,CREDIT,AMAZON,UPI-763713,SYNTH-INV-000450
SYNTH-LEDGER-000451,2026-05-29 09:26:00,1726.62,CREDIT,RELIANCE RETAIL,UPI227597,SYNTH-INV-000451
SYNTH-LEDGER-000452,2026-05-19 09:53:00,1379.47,DEBIT,ZOMATO*BANGALORE,UPI862185,SYNTH-INV-000452
SYNTH-LEDGER-000453,2026-06-15 22:59:00,418.3,DEBIT,DOMINO'S PIZZA,UPI-534661,SYNTH-INV-000453
SYNTH-LEDGER-000454,2026-05-08 13:42:00,4201.11,CREDIT,Zomato Ltd,UPI318407,SYNTH-INV-000454
SYNTH-LEDGER-000455,2026-06-21 00:30:00,528.97,CREDIT,URBANCLAP,UPI894813,SYNTH-INV-000455
SYNTH-LEDGER-000456,2026-05-31 23:48:00,1613.94,CREDIT,Flipkart Internet,UPI728863,SYNTH-INV-000456
SYNTH-LEDGER-000457,2026-07-14 22:57:00,2700.43,DEBIT,CROMA,UPI-815971,SYNTH-INV-000457
SYNTH-LEDGER-000458,2026-06-05 17:17:00,284.99,CREDIT,Nykaa E-Retail,UPI121052,SYNTH-INV-000458
SYNTH-LEDGER-000459,2026-05-28 08:11:00,889.17,CREDIT,METRO INDIA,UPI420685,SYNTH-INV-000459
SYNTH-LEDGER-000460,2026-07-01 09:28:00,3192.19,CREDIT,Decathlon Sports,UPI347534,SYNTH-INV-000460
SYNTH-LEDGER-000461,2026-05-12 16:08:00,884.9,CREDIT,OLA CABS,UPI-383229,SYNTH-INV-000461
SYNTH-LEDGER-000462,2026-06-28 15:20:00,828.0,DEBIT,FLIPKART PAY,UPI575100,SYNTH-INV-000462
SYNTH-LEDGER-000463,2026-05-02 11:09:00,1054.69,CREDIT,Reliance Retail Ltd,UPI246860,SYNTH-INV-000463
SYNTH-LEDGER-000464,2026-06-29 15:22:00,5633.16,DEBIT,DECATHLON INDIA,UPI923856,SYNTH-INV-000464
SYNTH-LEDGER-000465,2026-05-27 04:22:00,1767.01,CREDIT,Croma Electronics,UPI565724,SYNTH-INV-000465
SYNTH-LEDGER-000466,2026-07-27 06:06:00,820.94,CREDIT,DECATHLON,UPI-594079,SYNTH-INV-000466
SYNTH-LEDGER-000467,2026-05-25 12:55:00,2495.6,DEBIT,DOMINOS,UPI684535,SYNTH-INV-000467
SYNTH-LEDGER-000468,2026-07-07 00:19:00,2811.67,CREDIT,UBER,UPI756717,SYNTH-INV-000468
SYNTH-LEDGER-000469,2026-06-13 09:54:00,2152.1,DEBIT,Uber Technologies,UPI683166,SYNTH-INV-000469
SYNTH-LEDGER-000470,2026-06-17 11:41:00,1259.13,DEBIT,Urban Company India,UPI-471058,SYNTH-INV-000470
SYNTH-LEDGER-000471,2026-07-19 04:11:00,291.75,CREDIT,ZOMATO*BANGALORE,UPI555377,SYNTH-INV-000471
SYNTH-LEDGER-000472,2026-05-13 10:23:00,997.21,CREDIT,CROMA RETAIL,UPI655617,SYNTH-INV-000472
SYNTH-LEDGER-000473,2026-05-07 03:21:00,2128.48,DEBIT,Amazon India,UPI-808107,SYNTH-INV-000473
SYNTH-LEDGER-000474,2026-07-17 20:14:00,1008.08,CREDIT,Urban Company India,UPI411270,SYNTH-INV-000474
SYNTH-LEDGER-000475,2026-07-01 08:36:00,1259.9,DEBIT,MYNTRA,UPI177723,SYNTH-INV-000475
SYNTH-LEDGER-000476,2026-07-14 07:41:00,926.31,DEBIT,Ola Mobility,UPI-503259,SYNTH-INV-000476
SYNTH-LEDGER-000477,2026-05-14 23:25:00,558.57,CREDIT,FLIPKART PAY,UPI605746,SYNTH-INV-000477
SYNTH-LEDGER-000479,2026-07-19 17:31:00,1227.31,CREDIT,NYKAA,UPI427925,SYNTH-INV-000479
SYNTH-LEDGER-000480,2026-07-01 11:57:00,990.99,DEBIT,Amazon India,UPI133441,SYNTH-INV-000480
SYNTH-LEDGER-000481,2026-06-27 23:19:00,775.65,DEBIT,Croma Electronics,UPI100894,SYNTH-INV-000481
SYNTH-LEDGER-000483,2026-07-11 15:19:00,4663.72,DEBIT,IRCTC,UPI413860,SYNTH-INV-000483
SYNTH-LEDGER-000484,2026-05-27 07:38:00,1120.14,DEBIT,OLA,UPI163442,SYNTH-INV-000484
SYNTH-LEDGER-000485,2026-05-28 11:46:00,536.36,DEBIT,BOOKMYSHOW.COM,UPI834218,SYNTH-INV-000485
SYNTH-LEDGER-000486,2026-07-11 19:11:00,1883.52,CREDIT,Swiggy India,UPI597098,SYNTH-INV-000486
SYNTH-LEDGER-000487,2026-06-09 06:57:00,828.26,DEBIT,IRCTC,UPI364689,SYNTH-INV-000487
SYNTH-LEDGER-000489,2026-07-03 09:02:00,4202.43,CREDIT,DECATHLON,UPI655690,SYNTH-INV-000489
SYNTH-LEDGER-000490,2026-07-29 17:12:00,231.29,CREDIT,Apollo Pharmacy Ltd,UPI102230,SYNTH-INV-000490
SYNTH-LEDGER-000491,2026-05-12 23:59:00,523.59,DEBIT,CROMA,UPI405999,SYNTH-INV-000491
SYNTH-LEDGER-000492,2026-07-21 10:06:00,3165.8,CREDIT,IRCTC,UPI472624,SYNTH-INV-000492
SYNTH-LEDGER-000493,2026-07-27 12:46:00,576.08,CREDIT,DECATHLON,UPI746357,SYNTH-INV-000493
SYNTH-LEDGER-000494,2026-07-13 06:37:00,1743.58,DEBIT,METRO RETAIL,UPI642403,SYNTH-INV-000494
SYNTH-LEDGER-000495,2026-07-29 07:07:00,3438.12,DEBIT,OLA CABS,UPI902630,SYNTH-INV-000495
SYNTH-LEDGER-000496,2026-07-16 18:27:00,736.23,DEBIT,METRO CASH & CARRY,UPI254953,SYNTH-INV-000496
SYNTH-LEDGER-000497,2026-06-17 06:09:00,5306.95,CREDIT,BOOKMYSHOW,UPI819470,SYNTH-INV-000497
SYNTH-LEDGER-000498,2026-07-01 12:07:00,937.66,DEBIT,Reliance Retail Ltd,UPI-197727,SYNTH-INV-000498
SYNTH-LEDGER-000499,2026-06-13 23:15:00,1166.5,CREDIT,OLA,UPI103269,SYNTH-INV-000499
SYNTH-LEDGER-000500,2026-06-26 21:02:00,2061.1,CREDIT,APOLLO PHARMACY,UPI-734612,SYNTH-INV-000500
SYNTH-LEDGER-000501,2026-06-23 16:12:00,591.53,DEBIT,Amazon India,UPI759286,SYNTH-INV-000501
SYNTH-LEDGER-000502,2026-06-10 14:08:00,447.56,CREDIT,BMS,UPI302722,SYNTH-INV-000502
SYNTH-LEDGER-000503,2026-06-13 14:11:00,3333.97,DEBIT,SWIGGY*BLR,UPI513563,SYNTH-INV-000503
SYNTH-LEDGER-000504,2026-05-26 17:00:00,955.92,CREDIT,Reliance Retail Ltd,UPI409633,SYNTH-INV-000504
SYNTH-LEDGER-000505,2026-07-12 07:10:00,1897.2,CREDIT,DOMINOS,UPI485285,SYNTH-INV-000505
SYNTH-LEDGER-000507,2026-07-27 23:30:00,3205.45,DEBIT,Nykaa E-Retail,UPI114400,SYNTH-INV-000507
SYNTH-LEDGER-000508,2026-05-21 13:50:00,1283.32,CREDIT,Uber Technologies,UPI376096,SYNTH-INV-000508
SYNTH-LEDGER-000509,2026-05-29 00:16:00,586.16,CREDIT,URBANCLAP,UPI638306,SYNTH-INV-000509
SYNTH-LEDGER-000510,2026-06-08 08:57:00,2547.03,CREDIT,METRO CASH & CARRY,UPI331008,SYNTH-INV-000510
SYNTH-LEDGER-000511,2026-07-09 07:09:00,1780.77,CREDIT,Big Basket,UPI630600,SYNTH-INV-000511
SYNTH-LEDGER-000512,2026-07-22 17:46:00,491.38,CREDIT,CROMA,UPI202695,SYNTH-INV-000512
SYNTH-LEDGER-000514,2026-07-12 22:11:00,421.87,CREDIT,DECATHLON INDIA,UPI527999,SYNTH-INV-000514
SYNTH-LEDGER-000515,2026-07-07 05:08:00,1568.14,CREDIT,Apollo Pharmacy Ltd,UPI894561,SYNTH-INV-000515
SYNTH-LEDGER-000516,2026-05-27 04:33:00,1147.12,CREDIT,METRO CASH & CARRY,UPI988081,SYNTH-INV-000516
SYNTH-LEDGER-000517,2026-07-09 21:19:00,949.44,CREDIT,Nykaa E-Retail,UPI-103602,SYNTH-INV-000517
SYNTH-LEDGER-000518,2026-05-19 06:52:00,1601.38,CREDIT,METRO RETAIL,UPI565841,SYNTH-INV-000518
SYNTH-LEDGER-000519,2026-07-22 20:32:00,1043.16,CREDIT,URBANCLAP,UPI-642300,SYNTH-INV-000519
SYNTH-LEDGER-000520,2026-05-15 18:03:00,440.67,CREDIT,Nykaa E-Retail,UPI320900,SYNTH-INV-000520
SYNTH-LEDGER-000521,2026-05-14 16:18:00,1480.04,CREDIT,IRCTC E-TICKETING,UPI851960,SYNTH-INV-000521
SYNTH-LEDGER-000522,2026-05-20 00:51:00,982.68,CREDIT,UBER INDIA,UPI705194,SYNTH-INV-000522
SYNTH-LEDGER-000525,2026-07-12 18:45:00,992.81,CREDIT,Reliance Retail Ltd,UPI742190,SYNTH-INV-000525
SYNTH-LEDGER-000526,2026-06-29 14:44:00,2055.7,DEBIT,Croma Electronics,UPI258813,SYNTH-INV-000526
SYNTH-LEDGER-000527,2026-06-01 21:06:00,3381.37,DEBIT,Flipkart Internet,UPI-786459,SYNTH-INV-000527
SYNTH-LEDGER-000528,2026-07-22 08:24:00,2271.56,CREDIT,URBAN COMPANY,UPI-378324,SYNTH-INV-000528
SYNTH-LEDGER-000529,2026-05-08 20:08:00,1136.57,CREDIT,BMS,UPI298649,SYNTH-INV-000529
SYNTH-LEDGER-000530,2026-06-13 07:15:00,1823.04,CREDIT,ZOMATO,UPI901012,SYNTH-INV-000530
SYNTH-LEDGER-000531,2026-06-08 03:50:00,5602.6,CREDIT,APOLLO PHARMACY,UPI972702,SYNTH-INV-000531
SYNTH-LEDGER-000532,2026-07-19 20:28:00,556.88,CREDIT,METRO INDIA,UPI423939,SYNTH-INV-000532
SYNTH-LEDGER-000533,2026-06-01 12:09:00,1156.19,CREDIT,APOLLO,UPI-932673,SYNTH-INV-000533
SYNTH-LEDGER-000534,2026-07-19 08:10:00,7393.37,CREDIT,Reliance Retail Ltd,UPI148001,SYNTH-INV-000534
SYNTH-LEDGER-000535,2026-07-05 20:52:00,3419.14,CREDIT,METRO INDIA,UPI538340,SYNTH-INV-000535
SYNTH-LEDGER-000536,2026-06-01 16:38:00,3582.1,CREDIT,RELIANCE DIGITAL,UPI717193,SYNTH-INV-000536
SYNTH-LEDGER-000537,2026-05-22 17:34:00,3608.83,CREDIT,Apollo Pharmacy Ltd,UPI640245,SYNTH-INV-000537
SYNTH-LEDGER-000538,2026-07-08 01:08:00,675.84,CREDIT,Reliance Retail Ltd,UPI535085,SYNTH-INV-000538
SYNTH-LEDGER-000539,2026-07-07 11:33:00,299.03,CREDIT,NYKAA.COM,UPI895009,SYNTH-INV-000539
SYNTH-LEDGER-000541,2026-05-23 01:36:00,749.49,DEBIT,METRO RETAIL,UPI703083,SYNTH-INV-000541
SYNTH-LEDGER-000542,2026-07-18 11:13:00,5577.31,DEBIT,BIGBASKET,UPI899746,SYNTH-INV-000542
SYNTH-LEDGER-000543,2026-07-15 07:08:00,1925.95,DEBIT,Swiggy India,UPI829217,SYNTH-INV-000543
SYNTH-LEDGER-000544,2026-05-16 06:32:00,1055.2,DEBIT,UBER INDIA,UPI674457,SYNTH-INV-000544
SYNTH-LEDGER-000545,2026-06-09 04:44:00,1433.8,DEBIT,METRO INDIA,UPI647258,SYNTH-INV-000545
SYNTH-LEDGER-000546,2026-05-10 10:35:00,738.42,DEBIT,ZOMATO*BANGALORE,UPI781226,SYNTH-INV-000546
SYNTH-LEDGER-000547,2026-06-21 23:49:00,893.63,DEBIT,BMS,UPI298106,SYNTH-INV-000547
SYNTH-LEDGER-000548,2026-07-26 16:28:00,2275.61,CREDIT,Nykaa E-Retail,UPI816214,SYNTH-INV-000548
SYNTH-LEDGER-000549,2026-05-18 09:19:00,1007.71,CREDIT,Ola Mobility,UPI-200592,SYNTH-INV-000549
SYNTH-LEDGER-000550,2026-07-17 21:11:00,1622.8,CREDIT,Urban Company India,UPI888754,SYNTH-INV-000550
SYNTH-LEDGER-000551,2026-05-09 00:22:00,366.36,DEBIT,Nykaa E-Retail,UPI-667971,SYNTH-INV-000551
SYNTH-LEDGER-000552,2026-06-13 16:15:00,1730.19,DEBIT,IRCTC E-TICKETING,UPI335489,SYNTH-INV-000552
SYNTH-LEDGER-000553,2026-05-16 05:34:00,432.38,CREDIT,Reliance Retail Ltd,UPI382299,SYNTH-INV-000553
SYNTH-LEDGER-000554,2026-07-12 15:57:00,716.86,CREDIT,Nykaa E-Retail,UPI152572,SYNTH-INV-000554
SYNTH-LEDGER-000555,2026-05-31 17:08:00,1329.63,DEBIT,IRCTC E-TICKETING,UPI433315,SYNTH-INV-000555
SYNTH-LEDGER-000556,2026-06-29 22:10:00,1653.56,CREDIT,Flipkart Internet,UPI-836033,SYNTH-INV-000556
SYNTH-LEDGER-000557,2026-07-03 18:34:00,1125.37,DEBIT,URBAN COMPANY,UPI694647,SYNTH-INV-000557
SYNTH-LEDGER-000558,2026-05-26 13:34:00,710.26,CREDIT,RELIANCE DIGITAL,UPI939681,SYNTH-INV-000558
SYNTH-LEDGER-000559,2026-07-23 21:19:00,1155.42,CREDIT,Croma Electronics,UPI-658525,SYNTH-INV-000559
SYNTH-LEDGER-000560,2026-07-02 03:42:00,1008.26,CREDIT,NYKAA.COM,UPI392293,SYNTH-INV-000560
SYNTH-LEDGER-000561,2026-06-20 23:41:00,954.5,DEBIT,MYNTRA,UPI680279,SYNTH-INV-000561
SYNTH-LEDGER-000562,2026-05-25 23:46:00,1300.28,CREDIT,FLIPKART,UPI169067,SYNTH-INV-000562
SYNTH-LEDGER-000563,2026-05-17 10:04:00,1809.39,CREDIT,ZOMATO*BANGALORE,UPI507630,SYNTH-INV-000563
SYNTH-LEDGER-000565,2026-07-16 00:45:00,3395.89,CREDIT,APOLLO PHARMACY,UPI223800,SYNTH-INV-000565
SYNTH-LEDGER-000567,2026-07-12 09:49:00,905.95,CREDIT,Nykaa E-Retail,UPI-856849,SYNTH-INV-000567
SYNTH-LEDGER-000568,2026-06-18 19:50:00,3821.56,CREDIT,APOLLO PHARMACY,UPI-357465,SYNTH-INV-000568
SYNTH-LEDGER-000569,2026-07-12 15:58:00,333.21,CREDIT,BIGBASKET,UPI942045,SYNTH-INV-000569
SYNTH-LEDGER-000570,2026-06-26 06:15:00,343.78,CREDIT,DECATHLON INDIA,UPI170893,SYNTH-INV-000570
SYNTH-LEDGER-000571,2026-07-29 02:05:00,762.05,CREDIT,NYKAA,UPI135948,SYNTH-INV-000571
SYNTH-LEDGER-000572,2026-07-17 23:12:00,826.78,CREDIT,Swiggy India,UPI678452,SYNTH-INV-000572
SYNTH-LEDGER-000573,2026-07-26 16:39:00,462.29,CREDIT,RELIANCE RETAIL,UPI-564023,SYNTH-INV-000573
SYNTH-LEDGER-000574,2026-06-17 23:50:00,1506.23,CREDIT,METRO RETAIL,UPI481614,SYNTH-INV-000574
SYNTH-LEDGER-000575,2026-06-05 13:32:00,2400.91,DEBIT,FLIPKART PAY,UPI230140,SYNTH-INV-000575
SYNTH-LEDGER-000576,2026-06-09 11:32:00,437.97,CREDIT,Croma Electronics,UPI-173298,SYNTH-INV-000576
SYNTH-LEDGER-000577,2026-07-01 05:04:00,594.57,CREDIT,OLA CABS,UPI-350243,SYNTH-INV-000577
SYNTH-LEDGER-000578,2026-05-16 06:29:00,1462.68,CREDIT,BOOKMYSHOW.COM,UPI658100,SYNTH-INV-000578
SYNTH-LEDGER-000579,2026-05-16 02:00:00,4716.09,DEBIT,METRO CASH & CARRY,UPI-200369,SYNTH-INV-000579
SYNTH-LEDGER-000580,2026-06-07 11:39:00,4564.19,CREDIT,Flipkart Internet,UPI834464,SYNTH-INV-000580
SYNTH-LEDGER-000581,2026-06-17 10:45:00,2062.61,CREDIT,Apollo Pharmacy Ltd,UPI-923138,SYNTH-INV-000581
SYNTH-LEDGER-000582,2026-07-28 02:01:00,345.63,DEBIT,DOMINO'S PIZZA,UPI-847388,SYNTH-INV-000582
SYNTH-LEDGER-000583,2026-06-16 11:23:00,684.38,CREDIT,Apollo Pharmacy Ltd,UPI228212,SYNTH-INV-000583
SYNTH-LEDGER-000584,2026-06-17 11:06:00,180.94,CREDIT,URBAN COMPANY,UPI134304,SYNTH-INV-000584
SYNTH-LEDGER-000586,2026-07-08 15:08:00,998.2,CREDIT,DOMINOS INDIA,UPI734385,SYNTH-INV-000586
SYNTH-LEDGER-000587,2026-06-30 13:08:00,1121.88,CREDIT,Flipkart Internet,UPI723332,SYNTH-INV-000587
SYNTH-LEDGER-000588,2026-06-16 09:28:00,2463.11,DEBIT,Big Basket,UPI355167,SYNTH-INV-000588
SYNTH-LEDGER-000589,2026-05-17 09:42:00,990.5,CREDIT,UBER INDIA,UPI374419,SYNTH-INV-000589
SYNTH-LEDGER-000590,2026-06-29 19:37:00,516.03,DEBIT,IRCTC,UPI257418,SYNTH-INV-000590
SYNTH-LEDGER-000591,2026-05-07 06:03:00,3510.1,CREDIT,Amazon India,UPI-286617,SYNTH-INV-000591
SYNTH-LEDGER-000592,2026-07-14 22:59:00,944.89,CREDIT,URBAN COMPANY,UPI811820,SYNTH-INV-000592
SYNTH-LEDGER-000593,2026-07-03 16:00:00,4807.46,CREDIT,IRCTC RAIL,UPI132422,SYNTH-INV-000593
SYNTH-LEDGER-000594,2026-06-01 05:09:00,10113.9,CREDIT,IRCTC E-TICKETING,UPI423914,SYNTH-INV-000594
SYNTH-LEDGER-000595,2026-05-18 02:00:00,687.85,CREDIT,METRO INDIA,UPI848236,SYNTH-INV-000595
SYNTH-LEDGER-000596,2026-05-30 08:39:00,506.85,DEBIT,BOOKMYSHOW,UPI288784,SYNTH-INV-000596
SYNTH-LEDGER-000597,2026-05-27 23:04:00,482.55,DEBIT,METRO CASH & CARRY,UPI-775787,SYNTH-INV-000597
SYNTH-LEDGER-000598,2026-05-05 13:34:00,528.83,DEBIT,UBER INDIA,UPI634005,SYNTH-INV-000598
SYNTH-LEDGER-000599,2026-05-10 22:06:00,1830.27,CREDIT,ZOMATO*BANGALORE,UPI216511,SYNTH-INV-000599
SYNTH-LEDGER-000600,2026-07-29 12:08:00,473.88,CREDIT,RELIANCE DIGITAL,UPI346464,SYNTH-INV-000600
SYNTH-LEDGER-000601,2026-06-30 02:52:00,558.17,CREDIT,MYNTRA PAY,UPI242350,SYNTH-INV-000601
SYNTH-LEDGER-000602,2026-06-21 22:42:00,831.78,CREDIT,AMAZON PAY,UPI-230484,SYNTH-INV-000602
SYNTH-LEDGER-000603,2026-05-08 06:01:00,680.85,CREDIT,AMAZON,UPI718408,SYNTH-INV-000603
SYNTH-LEDGER-000604,2026-06-03 20:30:00,696.23,CREDIT,Nykaa E-Retail,UPI178605,SYNTH-INV-000604
SYNTH-LEDGER-000605,2026-05-22 11:00:00,543.38,CREDIT,OLA CABS,UPI220742,SYNTH-INV-000605
SYNTH-LEDGER-000606,2026-05-07 01:41:00,4597.42,DEBIT,DOMINO'S PIZZA,UPI-991396,SYNTH-INV-000606
SYNTH-LEDGER-000607,2026-06-08 10:47:00,2011.78,CREDIT,Amazon India,UPI318088,SYNTH-INV-000607
SYNTH-LEDGER-000608,2026-05-09 22:41:00,7516.19,CREDIT,Urban Company India,UPI218793,SYNTH-INV-000608
SYNTH-LEDGER-000609,2026-05-25 10:53:00,3309.4,CREDIT,DOMINOS INDIA,UPI-421403,SYNTH-INV-000609
SYNTH-LEDGER-000610,2026-06-18 19:54:00,224.17,CREDIT,Big Basket,UPI467519,SYNTH-INV-000610
SYNTH-LEDGER-000611,2026-05-27 03:17:00,1613.98,DEBIT,Croma Electronics,UPI337407,SYNTH-INV-000611
SYNTH-LEDGER-000612,2026-05-05 05:54:00,525.24,CREDIT,DOMINO'S PIZZA,UPI683661,SYNTH-INV-000612
SYNTH-LEDGER-000613,2026-07-27 02:19:00,413.13,CREDIT,URBAN COMPANY,UPI-178963,SYNTH-INV-000613
SYNTH-LEDGER-000614,2026-05-18 18:56:00,2114.38,DEBIT,FLIPKART PAY,UPI328599,SYNTH-INV-000614
SYNTH-LEDGER-000615,2026-07-03 04:07:00,2950.93,DEBIT,SWIGGY,UPI696628,SYNTH-INV-000615
SYNTH-LEDGER-000616,2026-06-16 08:27:00,1203.61,CREDIT,Flipkart Internet,UPI830764,SYNTH-INV-000616
SYNTH-LEDGER-000617,2026-06-05 17:20:00,2033.16,DEBIT,Zomato Ltd,UPI579266,SYNTH-INV-000617
SYNTH-LEDGER-000618,2026-07-20 22:57:00,1151.12,CREDIT,CROMA,UPI498150,SYNTH-INV-000618
SYNTH-LEDGER-000619,2026-07-23 14:15:00,1084.79,CREDIT,UBER,UPI407672,SYNTH-INV-000619
SYNTH-LEDGER-000620,2026-06-03 09:16:00,261.85,DEBIT,APOLLO PHARMACY,UPI262797,SYNTH-INV-000620
SYNTH-LEDGER-000621,2026-06-19 15:04:00,644.46,DEBIT,RELIANCE DIGITAL,UPI-385049,SYNTH-INV-000621
SYNTH-LEDGER-000622,2026-05-29 08:07:00,1002.72,DEBIT,Reliance Retail Ltd,UPI958077,SYNTH-INV-000622
SYNTH-LEDGER-000623,2026-07-27 09:17:00,754.86,CREDIT,Ola Mobility,UPI287627,SYNTH-INV-000623
SYNTH-LEDGER-000624,2026-06-29 12:04:00,4211.06,DEBIT,NYKAA.COM,UPI353184,SYNTH-INV-000624
SYNTH-LEDGER-000626,2026-05-17 02:44:00,1534.0,CREDIT,DECATHLON INDIA,UPI493608,SYNTH-INV-000626
SYNTH-LEDGER-000627,2026-05-06 15:17:00,752.63,CREDIT,DOMINOS,UPI240616,SYNTH-INV-000627
SYNTH-LEDGER-000628,2026-05-26 01:30:00,607.3,CREDIT,Big Basket,UPI892454,SYNTH-INV-000628
SYNTH-LEDGER-000629,2026-05-03 09:22:00,1884.65,CREDIT,Zomato Ltd,UPI655320,SYNTH-INV-000629
SYNTH-LEDGER-000630,2026-05-10 11:03:00,737.21,CREDIT,IRCTC E-TICKETING,UPI236200,SYNTH-INV-000630
SYNTH-LEDGER-000631,2026-05-19 09:41:00,1502.48,CREDIT,Big Basket,UPI390887,SYNTH-INV-000631
SYNTH-LEDGER-000632,2026-06-16 12:58:00,945.35,CREDIT,AMAZON,UPI-914672,SYNTH-INV-000632
SYNTH-LEDGER-000633,2026-06-20 18:10:00,1573.85,CREDIT,IRCTC,UPI965870,SYNTH-INV-000633
SYNTH-LEDGER-000634,2026-05-05 21:23:00,1364.16,CREDIT,MYNTRA,UPI755085,SYNTH-INV-000634
SYNTH-LEDGER-000635,2026-05-30 07:53:00,943.26,CREDIT,BOOKMYSHOW.COM,UPI405645,SYNTH-INV-000635
SYNTH-LEDGER-000636,2026-05-30 00:26:00,433.82,DEBIT,BOOKMYSHOW,UPI341087,SYNTH-INV-000636
SYNTH-LEDGER-000637,2026-05-30 00:03:00,740.41,DEBIT,BMS,UPI636042,SYNTH-INV-000637
SYNTH-LEDGER-000638,2026-06-08 09:37:00,848.82,CREDIT,Nykaa E-Retail,UPI996853,SYNTH-INV-000638
SYNTH-LEDGER-000639,2026-06-13 12:21:00,1354.68,DEBIT,Big Basket,UPI803317,SYNTH-INV-000639
SYNTH-LEDGER-000640,2026-05-14 02:34:00,1285.89,CREDIT,DOMINO'S PIZZA,UPI559292,SYNTH-INV-000640
SYNTH-LEDGER-000641,2026-06-15 15:37:00,582.95,DEBIT,Myntra Designs,UPI671222,SYNTH-INV-000641
SYNTH-LEDGER-000642,2026-07-12 00:13:00,1256.19,CREDIT,Flipkart Internet,UPI-130135,SYNTH-INV-000642
SYNTH-LEDGER-000643,2026-05-24 08:19:00,799.41,CREDIT,BOOKMYSHOW.COM,UPI-169676,SYNTH-INV-000643
SYNTH-LEDGER-000645,2026-06-22 15:37:00,1114.61,DEBIT,Uber Technologies,UPI133204,SYNTH-INV-000645
SYNTH-LEDGER-000646,2026-05-22 03:15:00,1374.92,CREDIT,DECATHLON,UPI286635,SYNTH-INV-000646
SYNTH-LEDGER-000647,2026-07-17 18:32:00,1118.31,CREDIT,APOLLO,UPI741753,SYNTH-INV-000647
SYNTH-LEDGER-000648,2026-06-06 06:11:00,3470.36,DEBIT,Big Basket,UPI582837,SYNTH-INV-000648
SYNTH-LEDGER-000649,2026-07-03 23:53:00,836.64,DEBIT,Nykaa E-Retail,UPI215725,SYNTH-INV-000649
SYNTH-LEDGER-000650,2026-06-20 11:31:00,1272.16,DEBIT,OLA,UPI987266,SYNTH-INV-000650
SYNTH-LEDGER-000651,2026-07-05 16:42:00,1182.35,CREDIT,UBER,UPI412419,SYNTH-INV-000651
SYNTH-LEDGER-000652,2026-07-27 14:33:00,6617.55,CREDIT,IRCTC RAIL,UPI826150,SYNTH-INV-000652
SYNTH-LEDGER-000653,2026-05-07 15:28:00,1815.37,DEBIT,ZOMATO,UPI995103,SYNTH-INV-000653
SYNTH-LEDGER-000654,2026-07-21 12:54:00,1017.73,CREDIT,DECATHLON,UPI-351815,SYNTH-INV-000654
SYNTH-LEDGER-000655,2026-07-19 23:57:00,4807.28,CREDIT,Uber Technologies,UPI-163538,SYNTH-INV-000655
SYNTH-LEDGER-000656,2026-05-09 18:09:00,3610.67,DEBIT,Croma Electronics,UPI-652984,SYNTH-INV-000656
SYNTH-LEDGER-000657,2026-05-18 11:40:00,740.99,CREDIT,NYKAA,UPI786092,SYNTH-INV-000657
SYNTH-LEDGER-000658,2026-05-07 07:32:00,2492.57,CREDIT,SWIGGY,UPI504418,SYNTH-INV-000658
SYNTH-LEDGER-000659,2026-05-18 01:52:00,1974.88,DEBIT,SWIGGY*BLR,UPI330178,SYNTH-INV-000659
SYNTH-LEDGER-000660,2026-05-17 17:31:00,1123.15,CREDIT,RELIANCE RETAIL,UPI-549318,SYNTH-INV-000660
SYNTH-LEDGER-000661,2026-06-21 08:25:00,2702.01,CREDIT,FLIPKART,UPI885474,SYNTH-INV-000661
SYNTH-LEDGER-000662,2026-06-07 06:22:00,555.74,CREDIT,BOOKMYSHOW.COM,UPI330203,SYNTH-INV-000662
SYNTH-LEDGER-000663,2026-06-06 03:32:00,562.96,CREDIT,Myntra Designs,UPI795696,SYNTH-INV-000663
SYNTH-LEDGER-000664,2026-06-04 23:17:00,1024.28,CREDIT,DOMINOS INDIA,UPI671831,SYNTH-INV-000664
SYNTH-LEDGER-000665,2026-07-28 18:10:00,301.66,CREDIT,BIGBASKET INDIA,UPI-845309,SYNTH-INV-000665
SYNTH-LEDGER-000666,2026-07-04 23:52:00,327.05,CREDIT,Zomato Ltd,UPI978659,SYNTH-INV-000666
SYNTH-LEDGER-000667,2026-05-26 01:55:00,717.77,CREDIT,DOMINOS,UPI406232,SYNTH-INV-000667
SYNTH-LEDGER-000668,2026-06-18 03:31:00,2642.27,CREDIT,SWIGGY,UPI604474,SYNTH-INV-000668
SYNTH-LEDGER-000669,2026-07-23 19:31:00,437.45,DEBIT,NYKAA.COM,UPI351108,SYNTH-INV-000669
SYNTH-LEDGER-000670,2026-05-26 20:38:00,545.49,CREDIT,FLIPKART,UPI387645,SYNTH-INV-000670
SYNTH-LEDGER-000671,2026-07-13 18:44:00,1891.96,DEBIT,BOOKMYSHOW.COM,UPI556359,SYNTH-INV-000671
SYNTH-LEDGER-000672,2026-05-12 20:33:00,537.48,CREDIT,ZOMATO*BANGALORE,UPI826229,SYNTH-INV-000672
SYNTH-LEDGER-000673,2026-05-05 04:01:00,248.43,CREDIT,ZOMATO,UPI-628756,SYNTH-INV-000673
SYNTH-LEDGER-000674,2026-07-28 07:18:00,7022.98,CREDIT,BMS,UPI-419827,SYNTH-INV-000674
SYNTH-LEDGER-000675,2026-07-21 01:55:00,983.72,CREDIT,DOMINOS,UPI620905,SYNTH-INV-000675
SYNTH-LEDGER-000676,2026-06-24 19:12:00,2267.28,CREDIT,BIGBASKET INDIA,UPI275738,SYNTH-INV-000676
SYNTH-LEDGER-000677,2026-06-23 11:14:00,637.61,CREDIT,IRCTC RAIL,UPI286232,SYNTH-INV-000677
SYNTH-LEDGER-000678,2026-07-30 03:31:00,654.09,CREDIT,Uber Technologies,UPI579736,SYNTH-INV-000678
SYNTH-LEDGER-000679,2026-07-04 14:54:00,3402.44,CREDIT,URBANCLAP,UPI282580,SYNTH-INV-000679
SYNTH-LEDGER-000680,2026-05-17 12:53:00,927.44,CREDIT,BIGBASKET INDIA,UPI409831,SYNTH-INV-000680
SYNTH-LEDGER-000681,2026-06-17 04:54:00,1086.01,DEBIT,DOMINOS INDIA,UPI352815,SYNTH-INV-000681
SYNTH-LEDGER-000683,2026-06-06 02:33:00,4053.38,CREDIT,URBANCLAP,UPI-137210,SYNTH-INV-000683
SYNTH-LEDGER-000684,2026-07-13 22:19:00,1675.69,CREDIT,OLA,UPI281397,SYNTH-INV-000684
SYNTH-LEDGER-000685,2026-06-04 07:48:00,2365.55,CREDIT,RELIANCE RETAIL,UPI-856050,SYNTH-INV-000685
SYNTH-LEDGER-000686,2026-07-24 22:44:00,3276.73,DEBIT,MYNTRA PAY,UPI710973,SYNTH-INV-000686
SYNTH-LEDGER-000687,2026-05-03 00:34:00,1421.77,CREDIT,UBER INDIA,UPI-624458,SYNTH-INV-000687
SYNTH-LEDGER-000688,2026-05-02 23:42:00,517.59,CREDIT,URBAN COMPANY,UPI212149,SYNTH-INV-000688
SYNTH-LEDGER-000690,2026-06-10 07:42:00,749.63,CREDIT,FLIPKART,UPI-849086,SYNTH-INV-000690
SYNTH-LEDGER-000691,2026-06-29 10:06:00,1723.08,CREDIT,DECATHLON,UPI-872877,SYNTH-INV-000691
SYNTH-LEDGER-000692,2026-07-03 08:21:00,2774.59,CREDIT,SWIGGY*BLR,UPI537541,SYNTH-INV-000692
SYNTH-LEDGER-000693,2026-06-19 03:21:00,2777.74,DEBIT,AMAZON PAY,UPI637565,SYNTH-INV-000693
SYNTH-LEDGER-000694,2026-07-10 14:52:00,838.72,CREDIT,Swiggy India,UPI-629893,SYNTH-INV-000694
SYNTH-LEDGER-000695,2026-05-26 22:34:00,1045.23,CREDIT,Amazon India,UPI946243,SYNTH-INV-000695
SYNTH-LEDGER-000696,2026-05-20 07:30:00,4784.63,CREDIT,METRO RETAIL,UPI-252727,SYNTH-INV-000696
SYNTH-LEDGER-000697,2026-07-21 00:58:00,1002.7,CREDIT,UBER INDIA,UPI369251,SYNTH-INV-000697
SYNTH-LEDGER-000698,2026-05-10 21:35:00,2183.03,CREDIT,NYKAA,UPI857816,SYNTH-INV-000698
SYNTH-LEDGER-000699,2026-05-15 06:20:00,702.38,CREDIT,DECATHLON INDIA,UPI209878,SYNTH-INV-000699
SYNTH-LEDGER-000700,2026-05-23 16:11:00,368.59,CREDIT,Nykaa E-Retail,UPI688055,SYNTH-INV-000700
SYNTH-LEDGER-000701,2026-05-17 14:43:00,1683.1,DEBIT,BIGBASKET INDIA,UPI712369,SYNTH-INV-000701
SYNTH-LEDGER-000702,2026-06-16 05:36:00,860.53,CREDIT,BOOKMYSHOW,UPI117480,SYNTH-INV-000702
SYNTH-LEDGER-000703,2026-06-23 23:35:00,768.19,CREDIT,RELIANCE DIGITAL,UPI434364,SYNTH-INV-000703
SYNTH-LEDGER-000704,2026-07-08 10:43:00,5760.78,CREDIT,DOMINO'S PIZZA,UPI-247086,SYNTH-INV-000704
SYNTH-LEDGER-000705,2026-07-07 04:52:00,1234.58,DEBIT,DECATHLON INDIA,UPI-959510,SYNTH-INV-000705
SYNTH-LEDGER-000706,2026-05-27 11:23:00,1153.57,CREDIT,Apollo Pharmacy Ltd,UPI102011,SYNTH-INV-000706
SYNTH-LEDGER-000707,2026-05-17 14:31:00,11590.17,CREDIT,Apollo Pharmacy Ltd,UPI-328954,SYNTH-INV-000707
SYNTH-LEDGER-000708,2026-06-21 14:08:00,595.95,CREDIT,Reliance Retail Ltd,UPI224294,SYNTH-INV-000708
SYNTH-LEDGER-000709,2026-05-29 02:40:00,1690.88,CREDIT,Big Basket,UPI771566,SYNTH-INV-000709
SYNTH-LEDGER-000710,2026-06-21 10:30:00,3776.29,CREDIT,DOMINOS INDIA,UPI-378599,SYNTH-INV-000710
SYNTH-LEDGER-000711,2026-06-11 12:41:00,842.93,DEBIT,BMS,UPI-136782,SYNTH-INV-000711
SYNTH-LEDGER-000712,2026-07-22 10:58:00,2783.36,CREDIT,IRCTC RAIL,UPI544855,SYNTH-INV-000712
SYNTH-LEDGER-000713,2026-07-06 09:59:00,613.86,DEBIT,BMS,UPI118232,SYNTH-INV-000713
SYNTH-LEDGER-000714,2026-06-29 04:19:00,1033.13,CREDIT,AMAZON,UPI712252,SYNTH-INV-000714
SYNTH-LEDGER-000715,2026-05-29 03:15:00,669.71,CREDIT,Reliance Retail Ltd,UPI140448,SYNTH-INV-000715
SYNTH-LEDGER-000716,2026-06-02 15:03:00,5198.35,CREDIT,UBER INDIA,UPI-394453,SYNTH-INV-000716
SYNTH-LEDGER-000717,2026-05-14 23:49:00,767.24,DEBIT,Amazon India,UPI906006,SYNTH-INV-000717
SYNTH-LEDGER-000718,2026-05-09 18:55:00,1049.12,CREDIT,DOMINOS INDIA,UPI915054,SYNTH-INV-000718
SYNTH-LEDGER-000719,2026-05-05 00:28:00,770.98,CREDIT,ZOMATO,UPI908978,SYNTH-INV-000719
SYNTH-LEDGER-000720,2026-06-08 12:34:00,385.58,CREDIT,BIGBASKET,UPI-973121,SYNTH-INV-000720
SYNTH-LEDGER-000721,2026-07-11 12:28:00,5159.78,CREDIT,Zomato Ltd,UPI394617,SYNTH-INV-000721
SYNTH-LEDGER-000722,2026-05-17 10:07:00,2062.72,CREDIT,DECATHLON,UPI200889,SYNTH-INV-000722
SYNTH-LEDGER-000723,2026-06-17 14:50:00,325.37,CREDIT,Myntra Designs,UPI105434,SYNTH-INV-000723
SYNTH-LEDGER-000724,2026-06-02 13:37:00,535.67,CREDIT,Urban Company India,UPI297193,SYNTH-INV-000724
SYNTH-LEDGER-000725,2026-06-10 12:28:00,847.06,CREDIT,METRO RETAIL,UPI-116966,SYNTH-INV-000725
SYNTH-LEDGER-000726,2026-06-11 19:26:00,846.31,CREDIT,Nykaa E-Retail,UPI874166,SYNTH-INV-000726
SYNTH-LEDGER-000727,2026-05-12 13:15:00,804.43,CREDIT,AMAZON PAY,UPI-389260,SYNTH-INV-000727
SYNTH-LEDGER-000729,2026-07-18 04:59:00,975.6,CREDIT,METRO CASH & CARRY,UPI368687,SYNTH-INV-000729
SYNTH-LEDGER-000730,2026-06-19 06:52:00,1611.91,DEBIT,Flipkart Internet,UPI472420,SYNTH-INV-000730
SYNTH-LEDGER-000731,2026-05-04 03:00:00,380.09,CREDIT,Amazon India,UPI602097,SYNTH-INV-000731
SYNTH-LEDGER-000732,2026-07-29 19:58:00,1363.85,CREDIT,FLIPKART PAY,UPI595682,SYNTH-INV-000732
SYNTH-LEDGER-000733,2026-06-29 05:43:00,1153.1,CREDIT,FLIPKART PAY,UPI118389,SYNTH-INV-000733
SYNTH-LEDGER-000734,2026-06-08 01:58:00,1374.12,CREDIT,BIGBASKET INDIA,UPI-879117,SYNTH-INV-000734
SYNTH-LEDGER-000735,2026-05-05 18:10:00,2216.38,CREDIT,OLA CABS,UPI-229957,SYNTH-INV-000735
SYNTH-LEDGER-000736,2026-07-03 20:00:00,1143.68,DEBIT,BIGBASKET,UPI982011,SYNTH-INV-000736
SYNTH-LEDGER-000737,2026-05-21 02:31:00,1649.56,CREDIT,Decathlon Sports,UPI-163440,SYNTH-INV-000737
SYNTH-LEDGER-000738,2026-07-01 04:47:00,674.25,DEBIT,BOOKMYSHOW.COM,UPI-566368,SYNTH-INV-000738
SYNTH-LEDGER-000739,2026-06-03 10:53:00,7646.27,CREDIT,SWIGGY,UPI733362,SYNTH-INV-000739
SYNTH-LEDGER-000740,2026-05-26 01:32:00,1406.93,CREDIT,MYNTRA PAY,UPI-984100,SYNTH-INV-000740
SYNTH-LEDGER-000741,2026-06-27 09:33:00,2514.19,CREDIT,Flipkart Internet,UPI-598385,SYNTH-INV-000741
SYNTH-LEDGER-000742,2026-07-19 05:53:00,7406.24,DEBIT,APOLLO PHARMACY,UPI857822,SYNTH-INV-000742
SYNTH-LEDGER-000743,2026-07-22 21:51:00,2333.67,CREDIT,MYNTRA PAY,UPI171162,SYNTH-INV-000743
SYNTH-LEDGER-000744,2026-07-01 09:25:00,814.53,DEBIT,APOLLO,UPI707088,SYNTH-INV-000744
SYNTH-LEDGER-000745,2026-06-19 03:47:00,1162.86,DEBIT,DOMINO'S PIZZA,UPI792154,SYNTH-INV-000745
SYNTH-LEDGER-000746,2026-06-28 07:41:00,741.97,CREDIT,Urban Company India,UPI-973938,SYNTH-INV-000746
SYNTH-LEDGER-000747,2026-06-06 16:46:00,4490.58,CREDIT,Reliance Retail Ltd,UPI-290205,SYNTH-INV-000747
SYNTH-LEDGER-000748,2026-05-17 17:57:00,1529.47,CREDIT,UBER,UPI404818,SYNTH-INV-000748
SYNTH-LEDGER-000749,2026-06-03 09:59:00,824.61,CREDIT,RELIANCE DIGITAL,UPI-686528,SYNTH-INV-000749
SYNTH-LEDGER-000750,2026-07-17 12:40:00,2181.54,DEBIT,UBER INDIA,UPI-237609,SYNTH-INV-000750
SYNTH-LEDGER-000751,2026-05-07 23:52:00,573.05,CREDIT,UBER INDIA,UPI707652,SYNTH-INV-000751
SYNTH-LEDGER-000752,2026-06-22 18:44:00,3271.64,CREDIT,Ola Mobility,UPI222424,SYNTH-INV-000752
SYNTH-LEDGER-000753,2026-05-26 21:01:00,2201.55,CREDIT,OLA,UPI-293821,SYNTH-INV-000753
SYNTH-LEDGER-000754,2026-07-21 08:09:00,543.43,CREDIT,Ola Mobility,UPI-260516,SYNTH-INV-000754
SYNTH-LEDGER-000756,2026-06-28 17:56:00,707.66,CREDIT,Uber Technologies,UPI-159441,SYNTH-INV-000756
SYNTH-LEDGER-000757,2026-07-28 12:59:00,370.41,CREDIT,METRO CASH & CARRY,UPI298834,SYNTH-INV-000757
SYNTH-LEDGER-000758,2026-06-09 10:35:00,1503.59,DEBIT,Nykaa E-Retail,UPI-135062,SYNTH-INV-000758
SYNTH-LEDGER-000759,2026-07-23 00:56:00,1471.93,CREDIT,OLA,UPI280738,SYNTH-INV-000759
SYNTH-LEDGER-000760,2026-06-11 01:54:00,159.11,DEBIT,RELIANCE RETAIL,UPI-213617,SYNTH-INV-000760
SYNTH-LEDGER-000761,2026-07-19 18:27:00,2530.81,CREDIT,IRCTC E-TICKETING,UPI360097,SYNTH-INV-000761
SYNTH-LEDGER-000762,2026-06-07 01:40:00,4055.25,CREDIT,NYKAA.COM,UPI509291,SYNTH-INV-000762
SYNTH-LEDGER-000763,2026-06-07 03:24:00,467.47,DEBIT,FLIPKART PAY,UPI-723942,SYNTH-INV-000763
SYNTH-LEDGER-000764,2026-06-10 18:51:00,1554.24,CREDIT,ZOMATO*BANGALORE,UPI375833,SYNTH-INV-000764
SYNTH-LEDGER-000765,2026-07-01 09:43:00,119.74,CREDIT,BMS,UPI228054,SYNTH-INV-000765
SYNTH-LEDGER-000766,2026-05-08 08:41:00,611.77,CREDIT,Big Basket,UPI407765,SYNTH-INV-000766
SYNTH-LEDGER-000768,2026-07-17 11:12:00,1575.02,CREDIT,FLIPKART PAY,UPI756638,SYNTH-INV-000768
SYNTH-LEDGER-000769,2026-07-11 21:16:00,874.77,CREDIT,URBAN COMPANY,UPI869073,SYNTH-INV-000769
SYNTH-LEDGER-000770,2026-05-16 12:33:00,980.89,DEBIT,UBER,UPI530644,SYNTH-INV-000770
SYNTH-LEDGER-000771,2026-07-28 14:18:00,333.65,CREDIT,Urban Company India,UPI-499929,SYNTH-INV-000771
SYNTH-LEDGER-000772,2026-05-13 10:11:00,3825.71,CREDIT,IRCTC RAIL,UPI-494937,SYNTH-INV-000772
SYNTH-LEDGER-000773,2026-06-12 16:46:00,2286.73,CREDIT,Reliance Retail Ltd,UPI814219,SYNTH-INV-000773
SYNTH-LEDGER-000774,2026-06-09 22:58:00,2908.73,CREDIT,FLIPKART,UPI610235,SYNTH-INV-000774
SYNTH-LEDGER-000775,2026-06-23 12:17:00,1152.31,CREDIT,MYNTRA PAY,UPI-267693,SYNTH-INV-000775
SYNTH-LEDGER-000776,2026-07-27 08:52:00,3174.39,CREDIT,Uber Technologies,UPI-651200,SYNTH-INV-000776
SYNTH-LEDGER-000777,2026-07-12 18:16:00,5341.79,CREDIT,Apollo Pharmacy Ltd,UPI244888,SYNTH-INV-000777
SYNTH-LEDGER-000778,2026-05-12 12:55:00,145.59,DEBIT,Uber Technologies,UPI408935,SYNTH-INV-000778
SYNTH-LEDGER-000779,2026-07-07 12:22:00,523.53,CREDIT,DECATHLON,UPI-363092,SYNTH-INV-000779
SYNTH-LEDGER-000780,2026-05-02 23:22:00,1605.98,CREDIT,Amazon India,UPI303073,SYNTH-INV-000780
SYNTH-LEDGER-000781,2026-05-07 19:45:00,696.58,CREDIT,URBANCLAP,UPI624295,SYNTH-INV-000781
SYNTH-LEDGER-000782,2026-07-18 13:53:00,612.62,CREDIT,SWIGGY*BLR,UPI323568,SYNTH-INV-000782
SYNTH-LEDGER-000783,2026-05-18 21:24:00,548.48,CREDIT,CROMA,UPI534283,SYNTH-INV-000783
SYNTH-LEDGER-000785,2026-07-18 00:10:00,641.33,CREDIT,BOOKMYSHOW.COM,UPI-553380,SYNTH-INV-000785
SYNTH-LEDGER-000786,2026-06-09 19:57:00,1005.15,CREDIT,Reliance Retail Ltd,UPI763801,SYNTH-INV-000786
SYNTH-LEDGER-000787,2026-06-19 17:42:00,788.91,CREDIT,NYKAA,UPI738470,SYNTH-INV-000787
SYNTH-LEDGER-000788,2026-05-02 21:21:00,1201.89,CREDIT,FLIPKART,UPI501922,SYNTH-INV-000788
SYNTH-LEDGER-000789,2026-06-12 12:11:00,917.01,CREDIT,Flipkart Internet,UPI173727,SYNTH-INV-000789
SYNTH-LEDGER-000791,2026-07-25 21:14:00,611.83,DEBIT,UBER,UPI881214,SYNTH-INV-000791
SYNTH-LEDGER-000792,2026-05-13 16:54:00,1823.92,CREDIT,Myntra Designs,UPI716095,SYNTH-INV-000792
SYNTH-LEDGER-000793,2026-05-26 01:19:00,1598.18,CREDIT,AMAZON,UPI999284,SYNTH-INV-000793
SYNTH-LEDGER-000794,2026-07-01 12:00:00,1294.34,CREDIT,DOMINOS INDIA,UPI-858383,SYNTH-INV-000794
SYNTH-LEDGER-000795,2026-05-20 04:01:00,705.11,DEBIT,BIGBASKET INDIA,UPI970892,SYNTH-INV-000795
SYNTH-LEDGER-000796,2026-07-06 01:35:00,2808.06,CREDIT,Flipkart Internet,UPI635232,SYNTH-INV-000796
SYNTH-LEDGER-000797,2026-05-19 21:49:00,1095.87,DEBIT,Amazon India,UPI-712869,SYNTH-INV-000797
SYNTH-LEDGER-000798,2026-06-08 21:38:00,2695.72,CREDIT,Croma Electronics,UPI999962,SYNTH-INV-000798
SYNTH-LEDGER-000800,2026-07-03 17:41:00,1647.01,CREDIT,UBER,UPI854434,SYNTH-INV-000800
SYNTH-LEDGER-000801,2026-07-16 02:50:00,748.52,CREDIT,DOMINOS,UPI808133,SYNTH-INV-000801
SYNTH-LEDGER-000802,2026-05-05 00:49:00,4094.48,CREDIT,APOLLO PHARMACY,UPI-714060,SYNTH-INV-000802
SYNTH-LEDGER-000803,2026-07-14 18:19:00,1239.9,CREDIT,DOMINOS,UPI839931,SYNTH-INV-000803
SYNTH-LEDGER-000804,2026-07-19 11:33:00,918.39,CREDIT,METRO INDIA,UPI721715,SYNTH-INV-000804
SYNTH-LEDGER-000805,2026-05-01 22:20:00,1531.06,CREDIT,Ola Mobility,UPI371315,SYNTH-INV-000805
SYNTH-LEDGER-000806,2026-05-13 16:15:00,6447.55,DEBIT,BOOKMYSHOW.COM,UPI-166627,SYNTH-INV-000806
SYNTH-LEDGER-000807,2026-07-18 02:01:00,2403.66,CREDIT,CROMA,UPI178072,SYNTH-INV-000807
SYNTH-LEDGER-000808,2026-06-25 14:15:00,1103.35,CREDIT,UBER INDIA,UPI-120934,SYNTH-INV-000808
SYNTH-LEDGER-000809,2026-07-20 03:11:00,1450.14,CREDIT,DECATHLON,UPI919435,SYNTH-INV-000809
SYNTH-LEDGER-000810,2026-06-24 09:10:00,323.33,CREDIT,MYNTRA,UPI364037,SYNTH-INV-000810
SYNTH-LEDGER-000811,2026-06-27 13:26:00,410.74,CREDIT,IRCTC RAIL,UPI318850,SYNTH-INV-000811
SYNTH-LEDGER-000812,2026-05-27 15:40:00,572.4,CREDIT,SWIGGY,UPI598977,SYNTH-INV-000812
SYNTH-LEDGER-000813,2026-06-05 06:08:00,1504.06,CREDIT,METRO INDIA,UPI-784326,SYNTH-INV-000813
SYNTH-LEDGER-000814,2026-07-03 11:34:00,2656.84,CREDIT,DOMINOS,UPI873864,SYNTH-INV-000814
SYNTH-LEDGER-000815,2026-07-02 22:20:00,164.42,CREDIT,NYKAA,UPI-525332,SYNTH-INV-000815
SYNTH-LEDGER-000816,2026-07-01 11:56:00,634.32,CREDIT,NYKAA.COM,UPI722793,SYNTH-INV-000816
SYNTH-LEDGER-000817,2026-06-15 22:47:00,942.55,CREDIT,SWIGGY,UPI669315,SYNTH-INV-000817
SYNTH-LEDGER-000818,2026-05-17 13:40:00,1237.5,CREDIT,DOMINO'S PIZZA,UPI990701,SYNTH-INV-000818
SYNTH-LEDGER-000819,2026-07-19 12:34:00,5302.73,CREDIT,IRCTC E-TICKETING,UPI-509829,SYNTH-INV-000819
SYNTH-LEDGER-000820,2026-05-21 02:24:00,1060.64,DEBIT,AMAZON,UPI519047,SYNTH-INV-000820
SYNTH-LEDGER-000821,2026-05-07 05:05:00,2263.59,DEBIT,MYNTRA,UPI833411,SYNTH-INV-000821
SYNTH-LEDGER-000822,2026-06-07 02:20:00,1630.42,CREDIT,DOMINOS INDIA,UPI614998,SYNTH-INV-000822
SYNTH-LEDGER-000823,2026-05-18 11:32:00,465.24,CREDIT,METRO INDIA,UPI407217,SYNTH-INV-000823
SYNTH-LEDGER-000825,2026-07-11 06:07:00,1184.41,CREDIT,Amazon India,UPI681395,SYNTH-INV-000825
SYNTH-LEDGER-000826,2026-07-19 07:59:00,1074.5,CREDIT,BOOKMYSHOW.COM,UPI-751923,SYNTH-INV-000826
SYNTH-LEDGER-000827,2026-07-17 15:07:00,739.26,DEBIT,Amazon India,UPI940469,SYNTH-INV-000827
SYNTH-LEDGER-000829,2026-06-29 12:51:00,290.82,DEBIT,Decathlon Sports,UPI722018,SYNTH-INV-000829
SYNTH-LEDGER-000830,2026-05-22 19:06:00,652.87,CREDIT,ZOMATO,UPI-489217,SYNTH-INV-000830
SYNTH-LEDGER-000831,2026-05-08 14:11:00,2952.45,CREDIT,SWIGGY*BLR,UPI424812,SYNTH-INV-000831
SYNTH-LEDGER-000832,2026-05-15 16:31:00,379.18,CREDIT,Swiggy India,UPI408543,SYNTH-INV-000832
SYNTH-LEDGER-000833,2026-05-03 04:06:00,2021.96,CREDIT,METRO RETAIL,UPI386425,SYNTH-INV-000833
SYNTH-LEDGER-000834,2026-07-13 05:11:00,1031.93,DEBIT,Urban Company India,UPI163720,SYNTH-INV-000834
SYNTH-LEDGER-000835,2026-06-22 18:40:00,2977.65,CREDIT,Flipkart Internet,UPI791155,SYNTH-INV-000835
SYNTH-LEDGER-000836,2026-05-11 00:31:00,362.53,CREDIT,Myntra Designs,UPI-919596,SYNTH-INV-000836
SYNTH-LEDGER-000837,2026-05-15 19:55:00,624.72,CREDIT,Amazon India,UPI598539,SYNTH-INV-000837
SYNTH-LEDGER-000838,2026-05-19 14:18:00,6034.07,CREDIT,Urban Company India,UPI927456,SYNTH-INV-000838
SYNTH-LEDGER-000839,2026-07-17 07:40:00,435.38,CREDIT,OLA CABS,UPI-386410,SYNTH-INV-000839
SYNTH-LEDGER-000840,2026-07-26 17:33:00,1851.73,CREDIT,FLIPKART,UPI524033,SYNTH-INV-000840
SYNTH-LEDGER-000841,2026-05-21 00:08:00,1471.56,CREDIT,METRO RETAIL,UPI944782,SYNTH-INV-000841
SYNTH-LEDGER-000842,2026-06-29 05:25:00,1421.72,CREDIT,Big Basket,UPI-796620,SYNTH-INV-000842
SYNTH-LEDGER-000844,2026-07-08 07:56:00,632.04,CREDIT,IRCTC,UPI277269,SYNTH-INV-000844
SYNTH-LEDGER-000845,2026-06-14 04:29:00,1512.03,DEBIT,APOLLO,UPI435075,SYNTH-INV-000845
SYNTH-LEDGER-000846,2026-06-12 11:39:00,1376.46,CREDIT,APOLLO,UPI-666564,SYNTH-INV-000846
SYNTH-LEDGER-000847,2026-06-09 12:16:00,583.19,CREDIT,URBAN COMPANY,UPI199090,SYNTH-INV-000847
SYNTH-LEDGER-000848,2026-05-07 11:43:00,1568.32,CREDIT,Big Basket,UPI141781,SYNTH-INV-000848
SYNTH-LEDGER-000849,2026-05-19 05:13:00,301.84,DEBIT,AMAZON PAY,UPI956455,SYNTH-INV-000849
SYNTH-LEDGER-000850,2026-05-23 01:03:00,913.03,CREDIT,APOLLO PHARMACY,UPI599960,SYNTH-INV-000850
SYNTH-LEDGER-000851,2026-05-23 12:05:00,415.18,CREDIT,Urban Company India,UPI-828989,SYNTH-INV-000851
SYNTH-LEDGER-000852,2026-06-27 23:25:00,2650.58,CREDIT,RELIANCE DIGITAL,UPI-982219,SYNTH-INV-000852
SYNTH-LEDGER-000853,2026-06-20 15:35:00,1794.18,CREDIT,URBAN COMPANY,UPI150655,SYNTH-INV-000853
SYNTH-LEDGER-000854,2026-07-28 12:34:00,2028.05,CREDIT,IRCTC,UPI-642375,SYNTH-INV-000854
SYNTH-LEDGER-000855,2026-05-15 21:16:00,984.13,DEBIT,Decathlon Sports,UPI355318,SYNTH-INV-000855
SYNTH-LEDGER-000856,2026-05-05 02:59:00,1565.46,CREDIT,URBANCLAP,UPI-421739,SYNTH-INV-000856
SYNTH-LEDGER-000857,2026-05-27 20:59:00,644.01,CREDIT,SWIGGY*BLR,UPI-637800,SYNTH-INV-000857
SYNTH-LEDGER-000858,2026-06-06 05:56:00,1274.28,CREDIT,Reliance Retail Ltd,UPI-539178,SYNTH-INV-000858
SYNTH-LEDGER-000859,2026-07-04 22:20:00,729.65,CREDIT,BIGBASKET,UPI423812,SYNTH-INV-000859
SYNTH-LEDGER-000860,2026-05-08 15:47:00,1424.27,CREDIT,UBER,UPI472242,SYNTH-INV-000860
SYNTH-LEDGER-000861,2026-07-15 02:38:00,1548.08,DEBIT,ZOMATO*BANGALORE,UPI361423,SYNTH-INV-000861
SYNTH-LEDGER-000862,2026-06-01 07:28:00,153.85,CREDIT,Urban Company India,UPI113436,SYNTH-INV-000862
SYNTH-LEDGER-000863,2026-06-24 22:31:00,2793.78,CREDIT,FLIPKART PAY,UPI-845130,SYNTH-INV-000863
SYNTH-LEDGER-000864,2026-05-27 21:19:00,332.43,DEBIT,DOMINO'S PIZZA,UPI-296900,SYNTH-INV-000864
SYNTH-LEDGER-000865,2026-07-14 09:33:00,1475.58,DEBIT,UBER INDIA,UPI359273,SYNTH-INV-000865
SYNTH-LEDGER-000866,2026-05-16 19:57:00,1142.19,DEBIT,Apollo Pharmacy Ltd,UPI174851,SYNTH-INV-000866
SYNTH-LEDGER-000867,2026-05-03 14:44:00,2477.0,DEBIT,CROMA,UPI933751,SYNTH-INV-000867
SYNTH-LEDGER-000868,2026-06-07 00:14:00,583.61,CREDIT,BOOKMYSHOW,UPI555532,SYNTH-INV-000868
SYNTH-LEDGER-000869,2026-05-24 17:59:00,1654.81,CREDIT,Flipkart Internet,UPI-598867,SYNTH-INV-000869
SYNTH-LEDGER-000870,2026-06-09 22:17:00,1782.11,DEBIT,APOLLO,UPI262034,SYNTH-INV-000870
SYNTH-LEDGER-000871,2026-05-17 03:37:00,462.6,CREDIT,URBANCLAP,UPI423988,SYNTH-INV-000871
SYNTH-LEDGER-000872,2026-06-17 15:30:00,876.25,CREDIT,CROMA,UPI149852,SYNTH-INV-000872
SYNTH-LEDGER-000873,2026-07-16 05:37:00,2327.7,CREDIT,Ola Mobility,UPI-770434,SYNTH-INV-000873
SYNTH-LEDGER-000874,2026-05-30 09:21:00,871.62,CREDIT,ZOMATO,UPI-851449,SYNTH-INV-000874
SYNTH-LEDGER-000875,2026-07-20 20:44:00,2227.5,CREDIT,AMAZON PAY,UPI-984063,SYNTH-INV-000875
SYNTH-LEDGER-000876,2026-05-10 12:46:00,1153.48,CREDIT,DOMINOS INDIA,UPI156486,SYNTH-INV-000876
SYNTH-LEDGER-000877,2026-06-23 10:37:00,672.97,DEBIT,RELIANCE RETAIL,UPI-537227,SYNTH-INV-000877
SYNTH-LEDGER-000878,2026-07-18 11:46:00,1591.02,DEBIT,DOMINOS,UPI473596,SYNTH-INV-000878
SYNTH-LEDGER-000879,2026-06-03 08:29:00,2363.57,CREDIT,CROMA,UPI854504,SYNTH-INV-000879
SYNTH-LEDGER-000880,2026-07-25 06:39:00,1341.1,CREDIT,SWIGGY,UPI-142171,SYNTH-INV-000880
SYNTH-LEDGER-000881,2026-05-18 16:07:00,1184.04,CREDIT,BMS,UPI501335,SYNTH-INV-000881
SYNTH-LEDGER-000882,2026-06-20 00:56:00,1231.37,CREDIT,AMAZON,UPI446420,SYNTH-INV-000882
SYNTH-LEDGER-000883,2026-05-06 06:29:00,1018.82,CREDIT,SWIGGY*BLR,UPI506247,SYNTH-INV-000883
SYNTH-LEDGER-000884,2026-07-07 09:58:00,722.22,CREDIT,CROMA RETAIL,UPI647574,SYNTH-INV-000884
SYNTH-LEDGER-000885,2026-07-01 02:52:00,5041.29,CREDIT,FLIPKART,UPI341555,SYNTH-INV-000885
SYNTH-LEDGER-000886,2026-05-20 03:54:00,1264.64,CREDIT,Ola Mobility,UPI588586,SYNTH-INV-000886
SYNTH-LEDGER-000887,2026-05-16 16:37:00,573.66,CREDIT,DOMINO'S PIZZA,UPI-676887,SYNTH-INV-000887
SYNTH-LEDGER-000888,2026-05-31 10:21:00,3192.71,CREDIT,DECATHLON,UPI-936895,SYNTH-INV-000888
SYNTH-LEDGER-000889,2026-06-10 23:38:00,5777.04,DEBIT,OLA CABS,UPI387898,SYNTH-INV-000889
SYNTH-LEDGER-000890,2026-06-10 18:16:00,1174.97,CREDIT,Uber Technologies,UPI402349,SYNTH-INV-000890
SYNTH-LEDGER-000891,2026-05-12 09:55:00,6795.05,CREDIT,Reliance Retail Ltd,UPI-886458,SYNTH-INV-000891
SYNTH-LEDGER-000892,2026-06-08 22:40:00,2622.4,CREDIT,Nykaa E-Retail,UPI532461,SYNTH-INV-000892
SYNTH-LEDGER-000893,2026-05-01 18:48:00,650.45,CREDIT,DOMINOS,UPI977487,SYNTH-INV-000893
SYNTH-LEDGER-000894,2026-05-19 20:28:00,1094.3,CREDIT,METRO CASH & CARRY,UPI465349,SYNTH-INV-000894
SYNTH-LEDGER-000895,2026-07-05 20:35:00,4125.52,CREDIT,URBANCLAP,UPI-265725,SYNTH-INV-000895
SYNTH-LEDGER-000896,2026-06-21 05:02:00,705.73,CREDIT,METRO CASH & CARRY,UPI912175,SYNTH-INV-000896
SYNTH-LEDGER-000897,2026-07-29 04:31:00,919.49,CREDIT,Ola Mobility,UPI514685,SYNTH-INV-000897
SYNTH-LEDGER-000898,2026-06-19 21:07:00,1719.79,CREDIT,BIGBASKET,UPI-192645,SYNTH-INV-000898
SYNTH-LEDGER-000899,2026-05-06 23:26:00,642.01,DEBIT,NYKAA.COM,UPI628367,SYNTH-INV-000899
SYNTH-LEDGER-000900,2026-06-24 13:29:00,800.66,CREDIT,BIGBASKET,UPI567764,SYNTH-INV-000900
SYNTH-LEDGER-000901,2026-05-31 02:27:00,1705.7,DEBIT,BIGBASKET,UPI-626561,SYNTH-INV-000901
SYNTH-LEDGER-000902,2026-06-03 13:07:00,2695.44,DEBIT,DOMINOS,UPI215362,SYNTH-INV-000902
SYNTH-LEDGER-000903,2026-06-13 00:54:00,1201.94,DEBIT,BIGBASKET INDIA,UPI960704,SYNTH-INV-000903
SYNTH-LEDGER-000904,2026-07-17 18:08:00,1242.71,CREDIT,Urban Company India,UPI-936121,SYNTH-INV-000904
SYNTH-LEDGER-000905,2026-06-21 09:43:00,1878.51,CREDIT,Urban Company India,UPI758253,SYNTH-INV-000905
SYNTH-LEDGER-000906,2026-05-17 13:31:00,395.41,CREDIT,BOOKMYSHOW,UPI440538,SYNTH-INV-000906
SYNTH-LEDGER-000907,2026-07-11 00:33:00,746.12,CREDIT,NYKAA,UPI765880,SYNTH-INV-000907
SYNTH-LEDGER-000908,2026-06-10 17:38:00,6399.12,CREDIT,BIGBASKET,UPI947791,SYNTH-INV-000908
SYNTH-LEDGER-000909,2026-05-26 18:12:00,5624.58,CREDIT,METRO CASH & CARRY,UPI992257,SYNTH-INV-000909
SYNTH-LEDGER-000910,2026-05-09 16:57:00,325.21,DEBIT,BMS,UPI-575662,SYNTH-INV-000910
SYNTH-LEDGER-000911,2026-06-02 17:53:00,10785.55,CREDIT,OLA,UPI669005,SYNTH-INV-000911
SYNTH-LEDGER-000912,2026-06-04 13:22:00,1174.62,CREDIT,UBER,UPI482874,SYNTH-INV-000912
SYNTH-LEDGER-000913,2026-05-13 10:31:00,1760.98,DEBIT,METRO CASH & CARRY,UPI456452,SYNTH-INV-000913
SYNTH-LEDGER-000914,2026-06-07 00:00:00,3461.76,CREDIT,DOMINO'S PIZZA,UPI814993,SYNTH-INV-000914
SYNTH-LEDGER-000915,2026-06-01 22:58:00,1017.75,CREDIT,RELIANCE RETAIL,UPI137037,SYNTH-INV-000915
SYNTH-LEDGER-000916,2026-06-24 13:56:00,594.83,CREDIT,Decathlon Sports,UPI231856,SYNTH-INV-000916
SYNTH-LEDGER-000917,2026-05-24 22:49:00,566.62,CREDIT,APOLLO PHARMACY,UPI768311,SYNTH-INV-000917
SYNTH-LEDGER-000918,2026-06-02 14:04:00,2090.68,CREDIT,Ola Mobility,UPI-342396,SYNTH-INV-000918
SYNTH-LEDGER-000919,2026-07-19 03:08:00,667.16,DEBIT,Reliance Retail Ltd,UPI405715,SYNTH-INV-000919
SYNTH-LEDGER-000920,2026-06-22 19:12:00,2034.89,CREDIT,SWIGGY*BLR,UPI728535,SYNTH-INV-000920
SYNTH-LEDGER-000921,2026-07-07 18:30:00,1610.22,CREDIT,ZOMATO*BANGALORE,UPI528832,SYNTH-INV-000921
SYNTH-LEDGER-000922,2026-06-18 02:33:00,1580.4,DEBIT,Big Basket,UPI691980,SYNTH-INV-000922
SYNTH-LEDGER-000923,2026-07-23 22:20:00,799.43,CREDIT,UBER,UPI358555,SYNTH-INV-000923
SYNTH-LEDGER-000924,2026-05-04 04:27:00,1543.74,DEBIT,Urban Company India,UPI169539,SYNTH-INV-000924
SYNTH-LEDGER-000925,2026-07-19 23:42:00,710.53,DEBIT,AMAZON PAY,UPI-139346,SYNTH-INV-000925
SYNTH-LEDGER-000926,2026-06-24 00:27:00,13643.54,CREDIT,SWIGGY,UPI230803,SYNTH-INV-000926
SYNTH-LEDGER-000927,2026-06-28 21:27:00,1115.75,DEBIT,AMAZON,UPI245546,SYNTH-INV-000927
SYNTH-LEDGER-000928,2026-05-19 13:07:00,467.94,DEBIT,Swiggy India,UPI-297204,SYNTH-INV-000928
SYNTH-LEDGER-000929,2026-05-18 09:06:00,1435.75,CREDIT,DECATHLON INDIA,UPI278319,SYNTH-INV-000929
SYNTH-LEDGER-000930,2026-05-27 09:25:00,573.4,CREDIT,DOMINOS,UPI937162,SYNTH-INV-000930
SYNTH-LEDGER-000931,2026-07-28 10:18:00,2091.34,CREDIT,NYKAA,UPI-378185,SYNTH-INV-000931
SYNTH-LEDGER-000932,2026-06-04 00:49:00,1718.88,CREDIT,CROMA RETAIL,UPI719052,SYNTH-INV-000932
SYNTH-LEDGER-000933,2026-06-26 14:31:00,842.96,CREDIT,SWIGGY,UPI445786,SYNTH-INV-000933
SYNTH-LEDGER-000934,2026-07-06 00:35:00,1599.15,CREDIT,AMAZON PAY,UPI552201,SYNTH-INV-000934
SYNTH-LEDGER-000935,2026-07-21 04:26:00,1594.93,CREDIT,Ola Mobility,UPI340883,SYNTH-INV-000935
SYNTH-LEDGER-000936,2026-05-18 08:35:00,2405.5,CREDIT,Amazon India,UPI400660,SYNTH-INV-000936
SYNTH-LEDGER-000937,2026-06-11 10:16:00,7410.71,CREDIT,SWIGGY*BLR,UPI232977,SYNTH-INV-000937
SYNTH-LEDGER-000938,2026-06-14 10:18:00,1162.71,DEBIT,DECATHLON,UPI219364,SYNTH-INV-000938
SYNTH-LEDGER-000939,2026-05-28 01:06:00,2518.18,CREDIT,Apollo Pharmacy Ltd,UPI835649,SYNTH-INV-000939
SYNTH-LEDGER-000940,2026-06-02 12:57:00,1261.11,CREDIT,IRCTC RAIL,UPI430699,SYNTH-INV-000940
SYNTH-LEDGER-000941,2026-05-09 15:37:00,574.35,CREDIT,RELIANCE RETAIL,UPI-141455,SYNTH-INV-000941
SYNTH-LEDGER-000942,2026-05-08 00:37:00,2682.43,DEBIT,ZOMATO,UPI216247,SYNTH-INV-000942
SYNTH-LEDGER-000943,2026-07-06 20:46:00,1523.73,DEBIT,Zomato Ltd,UPI462697,SYNTH-INV-000943
SYNTH-LEDGER-000944,2026-06-18 17:53:00,638.88,CREDIT,AMAZON,UPI135194,SYNTH-INV-000944
SYNTH-LEDGER-000945,2026-07-20 21:24:00,1781.11,CREDIT,FLIPKART,UPI257096,SYNTH-INV-000945
SYNTH-LEDGER-000946,2026-05-17 10:09:00,1507.01,CREDIT,RELIANCE RETAIL,UPI-676861,SYNTH-INV-000946
SYNTH-LEDGER-000947,2026-05-05 02:22:00,2343.4,CREDIT,RELIANCE DIGITAL,UPI195595,SYNTH-INV-000947
SYNTH-LEDGER-000949,2026-06-03 19:55:00,726.97,DEBIT,URBAN COMPANY,UPI669313,SYNTH-INV-000949
SYNTH-LEDGER-000950,2026-05-20 01:41:00,1751.51,CREDIT,CROMA RETAIL,UPI929132,SYNTH-INV-000950
SYNTH-LEDGER-000951,2026-06-17 16:21:00,645.39,CREDIT,CROMA RETAIL,UPI615785,SYNTH-INV-000951
SYNTH-LEDGER-000952,2026-06-01 22:00:00,1149.29,DEBIT,ZOMATO,UPI-797002,SYNTH-INV-000952
SYNTH-LEDGER-000953,2026-06-26 17:47:00,5078.63,CREDIT,Urban Company India,UPI-470893,SYNTH-INV-000953
SYNTH-LEDGER-000954,2026-06-30 01:36:00,794.38,DEBIT,Big Basket,UPI419245,SYNTH-INV-000954
SYNTH-LEDGER-000955,2026-05-29 09:07:00,1510.82,CREDIT,METRO INDIA,UPI375633,SYNTH-INV-000955
SYNTH-LEDGER-000956,2026-05-16 19:01:00,2352.18,CREDIT,BIGBASKET,UPI406846,SYNTH-INV-000956
SYNTH-LEDGER-000957,2026-05-04 03:33:00,994.25,DEBIT,DOMINOS INDIA,UPI-251643,SYNTH-INV-000957
SYNTH-LEDGER-000958,2026-06-23 14:38:00,726.79,CREDIT,METRO RETAIL,UPI-758500,SYNTH-INV-000958
SYNTH-LEDGER-000959,2026-05-19 18:26:00,984.39,CREDIT,CROMA,UPI982999,SYNTH-INV-000959
SYNTH-LEDGER-000960,2026-05-14 11:31:00,404.61,CREDIT,BOOKMYSHOW.COM,UPI293631,SYNTH-INV-000960
SYNTH-LEDGER-000961,2026-06-30 23:50:00,1488.55,DEBIT,AMAZON,UPI937814,SYNTH-INV-000961
SYNTH-LEDGER-000962,2026-05-13 17:22:00,1860.81,DEBIT,UBER INDIA,UPI278360,SYNTH-INV-000962
SYNTH-LEDGER-000963,2026-06-01 06:22:00,949.57,CREDIT,Amazon India,UPI472151,SYNTH-INV-000963
SYNTH-LEDGER-000964,2026-06-11 04:15:00,2626.77,CREDIT,DOMINO'S PIZZA,UPI368087,SYNTH-INV-000964
SYNTH-LEDGER-000965,2026-05-09 16:12:00,1753.2,CREDIT,METRO INDIA,UPI965633,SYNTH-INV-000965
SYNTH-LEDGER-000966,2026-06-24 08:53:00,2405.46,DEBIT,METRO CASH & CARRY,UPI738446,SYNTH-INV-000966
SYNTH-LEDGER-000967,2026-05-13 11:19:00,988.35,CREDIT,UBER,UPI-509313,SYNTH-INV-000967
SYNTH-LEDGER-000968,2026-06-01 21:31:00,1102.25,DEBIT,Flipkart Internet,UPI883172,SYNTH-INV-000968
SYNTH-LEDGER-000969,2026-05-31 08:15:00,718.12,CREDIT,MYNTRA PAY,UPI333204,SYNTH-INV-000969
SYNTH-LEDGER-000970,2026-05-24 17:22:00,387.4,CREDIT,Nykaa E-Retail,UPI-427461,SYNTH-INV-000970
SYNTH-LEDGER-000971,2026-07-24 07:42:00,593.58,CREDIT,DOMINOS,UPI762627,SYNTH-INV-000971
SYNTH-LEDGER-000972,2026-05-06 23:06:00,1759.28,CREDIT,DOMINOS,UPI233230,SYNTH-INV-000972
SYNTH-LEDGER-000973,2026-07-16 18:52:00,1153.27,DEBIT,NYKAA,UPI393391,SYNTH-INV-000973
SYNTH-LEDGER-000974,2026-07-01 06:48:00,1193.16,CREDIT,Apollo Pharmacy Ltd,UPI589646,SYNTH-INV-000974
SYNTH-LEDGER-000975,2026-05-30 13:49:00,612.24,CREDIT,NYKAA,UPI503510,SYNTH-INV-000975
SYNTH-LEDGER-000976,2026-06-21 13:26:00,1748.14,CREDIT,UBER INDIA,UPI947044,SYNTH-INV-000976
SYNTH-LEDGER-000977,2026-06-08 18:40:00,2355.48,CREDIT,MYNTRA PAY,UPI617250,SYNTH-INV-000977
SYNTH-LEDGER-000978,2026-05-23 03:52:00,577.47,CREDIT,AMAZON,UPI670242,SYNTH-INV-000978
SYNTH-LEDGER-000979,2026-06-22 02:04:00,1585.89,CREDIT,Decathlon Sports,UPI360647,SYNTH-INV-000979
SYNTH-LEDGER-000980,2026-06-18 07:33:00,898.05,CREDIT,URBAN COMPANY,UPI593253,SYNTH-INV-000980
SYNTH-LEDGER-000981,2026-06-24 04:44:00,2087.23,CREDIT,RELIANCE RETAIL,UPI507144,SYNTH-INV-000981
SYNTH-LEDGER-000982,2026-05-27 04:41:00,804.74,CREDIT,METRO RETAIL,UPI884371,SYNTH-INV-000982
SYNTH-LEDGER-000983,2026-05-08 22:24:00,5022.43,CREDIT,BOOKMYSHOW,UPI-852069,SYNTH-INV-000983
SYNTH-LEDGER-000984,2026-06-10 05:36:00,991.48,CREDIT,Zomato Ltd,UPI933886,SYNTH-INV-000984
SYNTH-LEDGER-000985,2026-06-01 04:19:00,1484.9,CREDIT,BOOKMYSHOW.COM,UPI761363,SYNTH-INV-000985
SYNTH-LEDGER-000986,2026-05-22 19:38:00,674.29,CREDIT,METRO INDIA,UPI-479145,SYNTH-INV-000986
SYNTH-LEDGER-000987,2026-05-07 18:48:00,687.61,CREDIT,Swiggy India,UPI-197135,SYNTH-INV-000987
SYNTH-LEDGER-000988,2026-05-17 16:31:00,1473.47,DEBIT,Croma Electronics,UPI606432,SYNTH-INV-000988
SYNTH-LEDGER-000989,2026-05-06 02:32:00,377.76,CREDIT,IRCTC,UPI-438003,SYNTH-INV-000989
SYNTH-LEDGER-000990,2026-06-09 11:51:00,1269.42,CREDIT,Myntra Designs,UPI760182,SYNTH-INV-000990
SYNTH-LEDGER-000991,2026-06-03 12:21:00,1939.73,DEBIT,SWIGGY,UPI-359866,SYNTH-INV-000991
SYNTH-LEDGER-000992,2026-07-12 07:46:00,416.8,CREDIT,BMS,UPI571098,SYNTH-INV-000992
SYNTH-LEDGER-000993,2026-05-12 16:47:00,699.78,CREDIT,BMS,UPI217041,SYNTH-INV-000993
SYNTH-LEDGER-000994,2026-05-24 12:33:00,1568.59,DEBIT,Swiggy India,UPI972530,SYNTH-INV-000994
SYNTH-LEDGER-000995,2026-07-01 23:42:00,522.12,CREDIT,Uber Technologies,UPI425515,SYNTH-INV-000995
SYNTH-LEDGER-000996,2026-06-22 14:52:00,462.1,DEBIT,SWIGGY*BLR,UPI248423,SYNTH-INV-000996
SYNTH-LEDGER-000997,2026-07-15 22:21:00,2516.36,CREDIT,RELIANCE DIGITAL,UPI880822,SYNTH-INV-000997
SYNTH-LEDGER-000998,2026-06-22 22:31:00,1065.89,CREDIT,DOMINO'S PIZZA,UPI678161,SYNTH-INV-000998
SYNTH-LEDGER-000999,2026-05-10 18:58:00,1443.44,CREDIT,BMS,UPI902834,SYNTH-INV-000999
SYNTH-LEDGER-001000,2026-06-18 11:34:00,4058.89,CREDIT,METRO INDIA,UPI626071,SYNTH-INV-001000
SYNTH-LEDGER-001001,2026-06-23 14:43:00,1757.97,CREDIT,FLIPKART PAY,UPI148343,SYNTH-INV-001001
SYNTH-LEDGER-001002,2026-05-07 01:45:00,1093.16,CREDIT,RELIANCE DIGITAL,UPI180405,SYNTH-INV-001002
SYNTH-LEDGER-001003,2026-06-10 14:34:00,1912.13,CREDIT,Amazon India,UPI855372,SYNTH-INV-001003
SYNTH-LEDGER-001004,2026-07-09 21:03:00,823.87,CREDIT,APOLLO,UPI676573,SYNTH-INV-001004
SYNTH-LEDGER-001005,2026-05-19 05:16:00,1872.09,DEBIT,Reliance Retail Ltd,UPI216576,SYNTH-INV-001005
SYNTH-LEDGER-001006,2026-05-10 09:39:00,1350.9,CREDIT,BIGBASKET INDIA,UPI377635,SYNTH-INV-001006
SYNTH-LEDGER-001007,2026-07-30 02:57:00,1260.68,CREDIT,APOLLO,UPI820404,SYNTH-INV-001007
SYNTH-LEDGER-001008,2026-05-30 09:53:00,1695.85,CREDIT,Swiggy India,UPI634278,SYNTH-INV-001008
SYNTH-LEDGER-001009,2026-07-09 08:31:00,934.71,DEBIT,Myntra Designs,UPI906103,SYNTH-INV-001009
SYNTH-LEDGER-001010,2026-06-25 12:41:00,1466.37,CREDIT,Zomato Ltd,UPI314291,SYNTH-INV-001010
SYNTH-LEDGER-001011,2026-06-28 00:17:00,1294.82,DEBIT,BIGBASKET INDIA,UPI-425836,SYNTH-INV-001011
SYNTH-LEDGER-001012,2026-05-01 15:16:00,718.93,DEBIT,URBAN COMPANY,UPI-264826,SYNTH-INV-001012
SYNTH-LEDGER-001013,2026-07-27 10:47:00,1107.29,DEBIT,IRCTC,UPI399754,SYNTH-INV-001013
SYNTH-LEDGER-001014,2026-05-18 22:53:00,8033.06,CREDIT,NYKAA.COM,UPI-177317,SYNTH-INV-001014
SYNTH-LEDGER-001015,2026-06-14 18:33:00,834.14,CREDIT,IRCTC RAIL,UPI322234,SYNTH-INV-001015
SYNTH-LEDGER-001016,2026-06-01 06:48:00,300.75,CREDIT,AMAZON,UPI938640,SYNTH-INV-001016
SYNTH-LEDGER-001017,2026-07-15 15:56:00,3750.4,DEBIT,RELIANCE DIGITAL,UPI654675,SYNTH-INV-001017
SYNTH-LEDGER-001018,2026-07-12 11:50:00,195.64,CREDIT,Myntra Designs,UPI389721,SYNTH-INV-001018
SYNTH-LEDGER-001019,2026-05-04 18:17:00,1860.68,CREDIT,FLIPKART PAY,UPI-426469,SYNTH-INV-001019
SYNTH-LEDGER-001020,2026-06-04 19:59:00,3023.67,CREDIT,Amazon India,UPI995972,SYNTH-INV-001020
SYNTH-LEDGER-001021,2026-06-17 01:53:00,363.34,DEBIT,FLIPKART PAY,UPI319211,SYNTH-INV-001021
SYNTH-LEDGER-001022,2026-07-13 16:52:00,410.5,CREDIT,RELIANCE RETAIL,UPI782718,SYNTH-INV-001022
SYNTH-LEDGER-001023,2026-05-31 20:50:00,278.03,DEBIT,UBER INDIA,UPI219206,SYNTH-INV-001023
SYNTH-LEDGER-001024,2026-06-26 16:09:00,1361.9,DEBIT,Croma Electronics,UPI566967,SYNTH-INV-001024
SYNTH-LEDGER-001025,2026-07-20 13:24:00,2544.27,DEBIT,OLA CABS,UPI472538,SYNTH-INV-001025
SYNTH-LEDGER-001026,2026-06-21 04:12:00,738.79,CREDIT,OLA,UPI-794951,SYNTH-INV-001026
SYNTH-LEDGER-001027,2026-05-31 18:17:00,955.4,CREDIT,CROMA,UPI779456,SYNTH-INV-001027
SYNTH-LEDGER-001028,2026-07-01 11:41:00,1599.18,DEBIT,OLA,UPI-323834,SYNTH-INV-001028
SYNTH-LEDGER-001029,2026-05-31 10:57:00,902.6,CREDIT,DECATHLON INDIA,UPI415660,SYNTH-INV-001029
SYNTH-LEDGER-001030,2026-07-16 11:22:00,326.89,CREDIT,DECATHLON,UPI-508207,SYNTH-INV-001030
SYNTH-LEDGER-001031,2026-06-13 00:05:00,4668.19,CREDIT,ZOMATO*BANGALORE,UPI718051,SYNTH-INV-001031
SYNTH-LEDGER-001032,2026-07-11 15:30:00,2065.34,CREDIT,Urban Company India,UPI400952,SYNTH-INV-001032
SYNTH-LEDGER-001033,2026-06-19 19:57:00,758.41,DEBIT,BMS,UPI898002,SYNTH-INV-001033
SYNTH-LEDGER-001034,2026-05-08 04:12:00,1218.42,CREDIT,Big Basket,UPI278595,SYNTH-INV-001034
SYNTH-LEDGER-001035,2026-05-25 18:01:00,1657.58,DEBIT,Uber Technologies,UPI-733717,SYNTH-INV-001035
SYNTH-LEDGER-001036,2026-07-04 00:48:00,1599.12,DEBIT,RELIANCE RETAIL,UPI190094,SYNTH-INV-001036
SYNTH-LEDGER-001037,2026-07-18 02:18:00,1001.3,CREDIT,Reliance Retail Ltd,UPI483760,SYNTH-INV-001037
SYNTH-LEDGER-001038,2026-07-16 03:24:00,1345.21,CREDIT,METRO CASH & CARRY,UPI623265,SYNTH-INV-001038
SYNTH-LEDGER-001039,2026-05-24 02:27:00,1344.24,CREDIT,UBER INDIA,UPI724685,SYNTH-INV-001039
SYNTH-LEDGER-001040,2026-06-22 13:02:00,440.75,CREDIT,BOOKMYSHOW,UPI-398905,SYNTH-INV-001040
SYNTH-LEDGER-001041,2026-05-12 22:05:00,1213.98,CREDIT,BIGBASKET,UPI619004,SYNTH-INV-001041
SYNTH-LEDGER-001042,2026-05-15 07:51:00,1970.48,CREDIT,SWIGGY,UPI-591239,SYNTH-INV-001042
SYNTH-LEDGER-001043,2026-05-03 06:07:00,1858.86,CREDIT,URBANCLAP,UPI741246,SYNTH-INV-001043
SYNTH-LEDGER-001044,2026-05-21 11:41:00,306.74,CREDIT,MYNTRA PAY,UPI-442277,SYNTH-INV-001044
SYNTH-LEDGER-001045,2026-06-13 11:00:00,1561.48,CREDIT,ZOMATO*BANGALORE,UPI242246,SYNTH-INV-001045
SYNTH-LEDGER-001046,2026-07-16 17:15:00,1435.13,DEBIT,Swiggy India,UPI629661,SYNTH-INV-001046
SYNTH-LEDGER-001047,2026-05-03 20:36:00,93.09,DEBIT,Croma Electronics,UPI-502788,SYNTH-INV-001047
SYNTH-LEDGER-001048,2026-05-19 22:00:00,998.71,CREDIT,MYNTRA,UPI849919,SYNTH-INV-001048
SYNTH-LEDGER-001049,2026-07-14 13:41:00,1164.6,CREDIT,SWIGGY*BLR,UPI518383,SYNTH-INV-001049
SYNTH-LEDGER-001050,2026-06-22 14:07:00,1152.07,DEBIT,FLIPKART PAY,UPI363011,SYNTH-INV-001050
SYNTH-LEDGER-001051,2026-05-10 19:28:00,1309.82,CREDIT,Uber Technologies,UPI602078,SYNTH-INV-001051
SYNTH-LEDGER-001052,2026-07-19 19:22:00,378.79,CREDIT,FLIPKART,UPI-799460,SYNTH-INV-001052
SYNTH-LEDGER-001054,2026-06-13 07:42:00,3364.85,DEBIT,METRO INDIA,UPI-252370,SYNTH-INV-001054
SYNTH-LEDGER-001055,2026-07-19 08:19:00,2789.94,CREDIT,DECATHLON,UPI868686,SYNTH-INV-001055
SYNTH-LEDGER-001056,2026-06-24 03:03:00,995.45,CREDIT,IRCTC RAIL,UPI324401,SYNTH-INV-001056
SYNTH-LEDGER-001057,2026-05-22 23:11:00,1632.48,CREDIT,NYKAA,UPI968836,SYNTH-INV-001057
SYNTH-LEDGER-001058,2026-06-26 20:02:00,950.41,DEBIT,SWIGGY,UPI-634889,SYNTH-INV-001058
SYNTH-LEDGER-001059,2026-05-04 17:33:00,787.06,CREDIT,NYKAA.COM,UPI578133,SYNTH-INV-001059
SYNTH-LEDGER-001060,2026-07-09 19:07:00,1843.41,CREDIT,AMAZON PAY,UPI686842,SYNTH-INV-001060
SYNTH-LEDGER-001061,2026-06-11 14:19:00,880.28,CREDIT,Big Basket,UPI289777,SYNTH-INV-001061
SYNTH-LEDGER-001062,2026-05-09 00:42:00,900.62,CREDIT,CROMA,UPI167755,SYNTH-INV-001062
SYNTH-LEDGER-001063,2026-05-02 16:12:00,1029.55,CREDIT,ZOMATO*BANGALORE,UPI242459,SYNTH-INV-001063
SYNTH-LEDGER-001064,2026-07-27 14:54:00,7993.18,DEBIT,APOLLO PHARMACY,UPI724944,SYNTH-INV-001064
SYNTH-LEDGER-001065,2026-05-27 03:43:00,1403.27,CREDIT,ZOMATO*BANGALORE,UPI449765,SYNTH-INV-001065
SYNTH-LEDGER-001066,2026-06-13 04:37:00,2403.93,CREDIT,OLA CABS,UPI-995867,SYNTH-INV-001066
SYNTH-LEDGER-001067,2026-07-08 09:24:00,775.35,CREDIT,Myntra Designs,UPI915887,SYNTH-INV-001067
SYNTH-LEDGER-001068,2026-05-13 12:40:00,3531.17,CREDIT,Apollo Pharmacy Ltd,UPI585306,SYNTH-INV-001068
SYNTH-LEDGER-001069,2026-06-30 10:10:00,1839.7,CREDIT,DOMINO'S PIZZA,UPI581206,SYNTH-INV-001069
SYNTH-LEDGER-001070,2026-06-28 12:45:00,403.07,DEBIT,NYKAA,UPI197407,SYNTH-INV-001070
SYNTH-LEDGER-001071,2026-07-22 02:16:00,2153.38,CREDIT,UBER,UPI788244,SYNTH-INV-001071
SYNTH-LEDGER-001072,2026-05-07 01:31:00,2963.81,CREDIT,FLIPKART PAY,UPI875112,SYNTH-INV-001072
SYNTH-LEDGER-001073,2026-05-12 01:48:00,1723.4,CREDIT,CROMA RETAIL,UPI229720,SYNTH-INV-001073
SYNTH-LEDGER-001074,2026-07-28 18:03:00,1830.96,DEBIT,Swiggy India,UPI868731,SYNTH-INV-001074
SYNTH-LEDGER-001075,2026-07-27 17:39:00,1370.89,CREDIT,Nykaa E-Retail,UPI-732914,SYNTH-INV-001075
SYNTH-LEDGER-001076,2026-05-12 05:24:00,823.43,DEBIT,ZOMATO*BANGALORE,UPI562635,SYNTH-INV-001076
SYNTH-LEDGER-001077,2026-06-12 03:15:00,914.55,CREDIT,APOLLO,UPI981077,SYNTH-INV-001077
SYNTH-LEDGER-001078,2026-07-19 10:16:00,3847.77,CREDIT,Apollo Pharmacy Ltd,UPI753816,SYNTH-INV-001078
SYNTH-LEDGER-001079,2026-05-19 21:53:00,2234.14,CREDIT,BIGBASKET INDIA,UPI-256443,SYNTH-INV-001079
SYNTH-LEDGER-001080,2026-05-12 14:01:00,2922.65,DEBIT,DOMINOS,UPI515211,SYNTH-INV-001080
SYNTH-LEDGER-001081,2026-05-16 23:01:00,4211.43,CREDIT,OLA CABS,UPI-356106,SYNTH-INV-001081
SYNTH-LEDGER-001082,2026-06-11 04:16:00,938.38,DEBIT,OLA CABS,UPI804031,SYNTH-INV-001082
SYNTH-LEDGER-001083,2026-06-12 07:50:00,1328.29,CREDIT,BIGBASKET,UPI449432,SYNTH-INV-001083
SYNTH-LEDGER-001084,2026-05-25 08:06:00,627.06,CREDIT,METRO CASH & CARRY,UPI-149219,SYNTH-INV-001084
SYNTH-LEDGER-001085,2026-05-25 01:44:00,1846.12,CREDIT,Big Basket,UPI124897,SYNTH-INV-001085
SYNTH-LEDGER-001086,2026-06-21 17:18:00,1253.6,CREDIT,CROMA RETAIL,UPI-891692,SYNTH-INV-001086
SYNTH-LEDGER-001087,2026-07-23 13:40:00,4102.31,DEBIT,APOLLO,UPI461276,SYNTH-INV-001087
SYNTH-LEDGER-001088,2026-07-11 20:03:00,585.35,CREDIT,Swiggy India,UPI-303576,SYNTH-INV-001088
SYNTH-LEDGER-001089,2026-07-23 01:20:00,1365.26,CREDIT,ZOMATO,UPI192030,SYNTH-INV-001089
SYNTH-LEDGER-001090,2026-07-03 20:23:00,365.74,CREDIT,Reliance Retail Ltd,UPI-663258,SYNTH-INV-001090
SYNTH-LEDGER-001091,2026-07-17 10:15:00,1442.44,CREDIT,CROMA,UPI-695077,SYNTH-INV-001091
SYNTH-LEDGER-001093,2026-06-01 17:59:00,2258.79,CREDIT,NYKAA.COM,UPI145965,SYNTH-INV-001093
SYNTH-LEDGER-001094,2026-05-05 23:07:00,213.79,DEBIT,Croma Electronics,UPI654636,SYNTH-INV-001094
SYNTH-LEDGER-001095,2026-06-08 23:04:00,1619.63,CREDIT,Big Basket,UPI158570,SYNTH-INV-001095
SYNTH-LEDGER-001096,2026-06-18 14:06:00,2154.86,DEBIT,Reliance Retail Ltd,UPI597575,SYNTH-INV-001096
SYNTH-LEDGER-001097,2026-07-15 12:54:00,385.55,DEBIT,Flipkart Internet,UPI102171,SYNTH-INV-001097
SYNTH-LEDGER-001098,2026-06-03 11:18:00,2999.18,CREDIT,UBER,UPI-564509,SYNTH-INV-001098
SYNTH-LEDGER-001099,2026-05-19 12:28:00,1666.06,DEBIT,MYNTRA,UPI-956844,SYNTH-INV-001099
SYNTH-LEDGER-001100,2026-06-05 04:14:00,3192.38,CREDIT,Flipkart Internet,UPI306928,SYNTH-INV-001100
SYNTH-LEDGER-001101,2026-05-13 07:02:00,410.88,CREDIT,BOOKMYSHOW,UPI718208,SYNTH-INV-001101
SYNTH-LEDGER-001102,2026-06-16 03:48:00,1133.74,CREDIT,DECATHLON INDIA,UPI-320482,SYNTH-INV-001102
SYNTH-LEDGER-001103,2026-05-11 20:58:00,1063.23,DEBIT,CROMA RETAIL,UPI-364416,SYNTH-INV-001103
SYNTH-LEDGER-001104,2026-07-15 18:44:00,2396.5,CREDIT,SWIGGY*BLR,UPI322218,SYNTH-INV-001104
SYNTH-LEDGER-001105,2026-05-17 20:37:00,398.49,CREDIT,Decathlon Sports,UPI803584,SYNTH-INV-001105
SYNTH-LEDGER-001106,2026-05-25 06:49:00,1420.71,DEBIT,Ola Mobility,UPI650873,SYNTH-INV-001106
SYNTH-LEDGER-001107,2026-05-30 18:05:00,127.83,DEBIT,Uber Technologies,UPI360206,SYNTH-INV-001107
SYNTH-LEDGER-001108,2026-07-24 11:40:00,1633.21,CREDIT,Apollo Pharmacy Ltd,UPI-354728,SYNTH-INV-001108
SYNTH-LEDGER-001109,2026-06-10 23:54:00,1243.03,DEBIT,Big Basket,UPI237080,SYNTH-INV-001109
SYNTH-LEDGER-001110,2026-07-23 06:25:00,2666.25,DEBIT,RELIANCE RETAIL,UPI406991,SYNTH-INV-001110
SYNTH-LEDGER-001111,2026-06-29 02:23:00,1074.96,CREDIT,Decathlon Sports,UPI696003,SYNTH-INV-001111
SYNTH-LEDGER-001112,2026-06-20 22:55:00,740.45,CREDIT,IRCTC,UPI452984,SYNTH-INV-001112
SYNTH-LEDGER-001113,2026-07-29 12:48:00,4042.64,CREDIT,BMS,UPI-993782,SYNTH-INV-001113
SYNTH-LEDGER-001114,2026-07-28 00:15:00,956.12,CREDIT,Urban Company India,UPI575034,SYNTH-INV-001114
SYNTH-LEDGER-001115,2026-05-19 05:43:00,5942.87,CREDIT,Ola Mobility,UPI736981,SYNTH-INV-001115
SYNTH-LEDGER-001116,2026-07-10 17:20:00,2148.45,CREDIT,FLIPKART PAY,UPI649853,SYNTH-INV-001116
SYNTH-LEDGER-001117,2026-05-18 22:02:00,2237.34,CREDIT,DECATHLON INDIA,UPI-525935,SYNTH-INV-001117
SYNTH-LEDGER-001118,2026-07-28 11:27:00,5335.28,CREDIT,SWIGGY,UPI513953,SYNTH-INV-001118
SYNTH-LEDGER-001119,2026-06-15 05:31:00,1945.87,CREDIT,DOMINOS INDIA,UPI859239,SYNTH-INV-001119
SYNTH-LEDGER-001120,2026-05-08 11:57:00,795.78,DEBIT,ZOMATO,UPI360916,SYNTH-INV-001120
SYNTH-LEDGER-001121,2026-06-14 11:07:00,1283.85,CREDIT,RELIANCE RETAIL,UPI-774984,SYNTH-INV-001121
SYNTH-LEDGER-001122,2026-05-23 15:58:00,1945.11,CREDIT,ZOMATO,UPI439017,SYNTH-INV-001122
SYNTH-LEDGER-001123,2026-06-06 20:35:00,441.85,CREDIT,IRCTC E-TICKETING,UPI500189,SYNTH-INV-001123
SYNTH-LEDGER-001124,2026-05-14 12:15:00,171.66,CREDIT,FLIPKART PAY,UPI239523,SYNTH-INV-001124
SYNTH-LEDGER-001125,2026-06-12 15:06:00,652.48,CREDIT,IRCTC RAIL,UPI-490373,SYNTH-INV-001125
SYNTH-LEDGER-001126,2026-07-14 01:01:00,536.64,CREDIT,RELIANCE DIGITAL,UPI660189,SYNTH-INV-001126
SYNTH-LEDGER-001127,2026-05-09 00:54:00,717.52,CREDIT,DOMINOS INDIA,UPI-854349,SYNTH-INV-001127
SYNTH-LEDGER-001128,2026-05-17 07:50:00,813.17,CREDIT,ZOMATO,UPI554213,SYNTH-INV-001128
SYNTH-LEDGER-001129,2026-06-27 04:57:00,2740.48,CREDIT,Croma Electronics,UPI967168,SYNTH-INV-001129
SYNTH-LEDGER-001130,2026-05-17 22:33:00,788.49,CREDIT,IRCTC RAIL,UPI284247,SYNTH-INV-001130
SYNTH-LEDGER-001131,2026-07-22 12:30:00,985.74,CREDIT,BOOKMYSHOW,UPI954473,SYNTH-INV-001131
SYNTH-LEDGER-001132,2026-07-04 14:10:00,977.37,CREDIT,Amazon India,UPI320795,SYNTH-INV-001132
SYNTH-LEDGER-001133,2026-05-06 06:15:00,1667.68,DEBIT,METRO RETAIL,UPI266262,SYNTH-INV-001133
SYNTH-LEDGER-001134,2026-05-15 11:58:00,835.23,CREDIT,DECATHLON,UPI-820967,SYNTH-INV-001134
SYNTH-LEDGER-001135,2026-06-11 21:22:00,2314.67,CREDIT,OLA,UPI162459,SYNTH-INV-001135
SYNTH-LEDGER-001136,2026-07-05 19:48:00,2156.8,CREDIT,APOLLO PHARMACY,UPI-272249,SYNTH-INV-001136
SYNTH-LEDGER-001137,2026-06-05 12:44:00,1078.95,CREDIT,Uber Technologies,UPI792777,SYNTH-INV-001137
SYNTH-LEDGER-001138,2026-05-09 04:23:00,2084.16,CREDIT,RELIANCE RETAIL,UPI-289719,SYNTH-INV-001138
SYNTH-LEDGER-001139,2026-06-03 19:55:00,3554.12,DEBIT,APOLLO PHARMACY,UPI901700,SYNTH-INV-001139
SYNTH-LEDGER-001140,2026-07-22 02:03:00,1161.97,DEBIT,METRO CASH & CARRY,UPI384527,SYNTH-INV-001140
SYNTH-LEDGER-001141,2026-07-09 04:07:00,255.87,CREDIT,IRCTC,UPI350974,SYNTH-INV-001141
SYNTH-LEDGER-001142,2026-06-15 08:01:00,741.63,DEBIT,Urban Company India,UPI858152,SYNTH-INV-001142
SYNTH-LEDGER-001143,2026-06-10 14:56:00,5769.91,CREDIT,Apollo Pharmacy Ltd,UPI863753,SYNTH-INV-001143
SYNTH-LEDGER-001144,2026-05-15 11:46:00,2467.91,CREDIT,BMS,UPI225038,SYNTH-INV-001144
SYNTH-LEDGER-001145,2026-06-15 21:40:00,838.83,CREDIT,Swiggy India,UPI892636,SYNTH-INV-001145
SYNTH-LEDGER-001146,2026-07-29 00:27:00,1118.54,DEBIT,BIGBASKET,UPI307811,SYNTH-INV-001146
SYNTH-LEDGER-001147,2026-06-25 03:51:00,948.62,DEBIT,Apollo Pharmacy Ltd,UPI637817,SYNTH-INV-001147
SYNTH-LEDGER-001148,2026-06-22 11:49:00,674.67,CREDIT,MYNTRA,UPI518729,SYNTH-INV-001148
SYNTH-LEDGER-001149,2026-07-18 11:10:00,2262.74,CREDIT,METRO CASH & CARRY,UPI441141,SYNTH-INV-001149
SYNTH-LEDGER-001150,2026-05-14 23:12:00,404.03,DEBIT,Zomato Ltd,UPI183680,SYNTH-INV-001150
SYNTH-LEDGER-001151,2026-06-07 10:56:00,1055.08,DEBIT,METRO RETAIL,UPI355659,SYNTH-INV-001151
SYNTH-LEDGER-001152,2026-07-05 19:39:00,1788.86,DEBIT,IRCTC RAIL,UPI659926,SYNTH-INV-001152
SYNTH-LEDGER-001153,2026-06-05 16:21:00,1818.37,CREDIT,Amazon India,UPI489871,SYNTH-INV-001153
SYNTH-LEDGER-001154,2026-05-30 21:53:00,1302.97,CREDIT,Decathlon Sports,UPI609416,SYNTH-INV-001154
SYNTH-LEDGER-001155,2026-06-27 22:20:00,1121.21,CREDIT,Decathlon Sports,UPI950255,SYNTH-INV-001155
SYNTH-LEDGER-001156,2026-06-02 16:35:00,671.36,CREDIT,Uber Technologies,UPI445466,SYNTH-INV-001156
SYNTH-LEDGER-001157,2026-05-12 08:33:00,1094.97,CREDIT,APOLLO PHARMACY,UPI731848,SYNTH-INV-001157
SYNTH-LEDGER-001158,2026-07-27 23:24:00,1403.29,CREDIT,ZOMATO*BANGALORE,UPI425985,SYNTH-INV-001158
SYNTH-LEDGER-001159,2026-06-30 21:27:00,730.59,CREDIT,AMAZON PAY,UPI888152,SYNTH-INV-001159
SYNTH-LEDGER-001160,2026-07-03 21:34:00,3838.11,CREDIT,Decathlon Sports,UPI488963,SYNTH-INV-001160
SYNTH-LEDGER-001161,2026-05-16 23:21:00,1221.67,CREDIT,DOMINOS,UPI228932,SYNTH-INV-001161
SYNTH-LEDGER-001162,2026-06-05 19:12:00,1091.6,CREDIT,DOMINOS INDIA,UPI-281475,SYNTH-INV-001162
SYNTH-LEDGER-001163,2026-05-30 01:55:00,4657.81,DEBIT,SWIGGY*BLR,UPI514096,SYNTH-INV-001163
SYNTH-LEDGER-001164,2026-06-12 02:36:00,411.26,DEBIT,Zomato Ltd,UPI239961,SYNTH-INV-001164
SYNTH-LEDGER-001165,2026-05-29 16:42:00,1170.55,CREDIT,METRO INDIA,UPI286913,SYNTH-INV-001165
SYNTH-LEDGER-001166,2026-05-18 21:38:00,2830.56,CREDIT,RELIANCE DIGITAL,UPI510129,SYNTH-INV-001166
SYNTH-LEDGER-001167,2026-05-20 10:37:00,1437.89,DEBIT,Croma Electronics,UPI573975,SYNTH-INV-001167
SYNTH-LEDGER-001168,2026-06-14 06:50:00,781.71,CREDIT,SWIGGY*BLR,UPI-952107,SYNTH-INV-001168
SYNTH-LEDGER-001169,2026-06-10 20:32:00,1211.16,CREDIT,BIGBASKET INDIA,UPI206275,SYNTH-INV-001169
SYNTH-LEDGER-001170,2026-07-02 22:10:00,942.52,CREDIT,RELIANCE DIGITAL,UPI-702531,SYNTH-INV-001170
SYNTH-LEDGER-001171,2026-05-03 09:36:00,1655.2,CREDIT,URBAN COMPANY,UPI934590,SYNTH-INV-001171
SYNTH-LEDGER-001172,2026-06-23 16:48:00,262.1,DEBIT,ZOMATO*BANGALORE,UPI497460,SYNTH-INV-001172
SYNTH-LEDGER-001173,2026-06-24 07:22:00,1097.44,CREDIT,IRCTC,UPI884320,SYNTH-INV-001173
SYNTH-LEDGER-001174,2026-07-07 15:55:00,1831.02,DEBIT,Urban Company India,UPI-545405,SYNTH-INV-001174
SYNTH-LEDGER-001175,2026-07-13 12:44:00,1482.45,CREDIT,METRO RETAIL,UPI558949,SYNTH-INV-001175
SYNTH-LEDGER-001176,2026-06-03 04:00:00,630.64,CREDIT,BIGBASKET,UPI-784563,SYNTH-INV-001176
SYNTH-LEDGER-001177,2026-06-14 13:16:00,788.93,DEBIT,FLIPKART PAY,UPI763292,SYNTH-INV-001177
SYNTH-LEDGER-001178,2026-07-13 03:49:00,2503.02,CREDIT,CROMA RETAIL,UPI559393,SYNTH-INV-001178
SYNTH-LEDGER-001179,2026-07-06 21:01:00,700.61,CREDIT,AMAZON,UPI138034,SYNTH-INV-001179
SYNTH-LEDGER-001180,2026-06-02 14:25:00,356.57,DEBIT,NYKAA,UPI324570,SYNTH-INV-001180
SYNTH-LEDGER-001181,2026-07-18 08:11:00,3253.38,DEBIT,BIGBASKET INDIA,UPI713447,SYNTH-INV-001181
SYNTH-LEDGER-001182,2026-05-11 17:27:00,1272.51,CREDIT,AMAZON PAY,UPI535253,SYNTH-INV-001182
SYNTH-LEDGER-001183,2026-06-08 10:13:00,1237.15,CREDIT,Croma Electronics,UPI412904,SYNTH-INV-001183
SYNTH-LEDGER-001184,2026-07-11 19:45:00,428.91,DEBIT,UBER INDIA,UPI761432,SYNTH-INV-001184
SYNTH-LEDGER-001185,2026-05-24 06:50:00,1480.21,DEBIT,DECATHLON INDIA,UPI427032,SYNTH-INV-001185
SYNTH-LEDGER-001186,2026-05-31 06:17:00,1436.21,DEBIT,Big Basket,UPI864237,SYNTH-INV-001186
SYNTH-LEDGER-001187,2026-05-02 11:34:00,330.66,CREDIT,URBANCLAP,UPI310513,SYNTH-INV-001187
SYNTH-LEDGER-001188,2026-07-22 17:16:00,431.98,CREDIT,CROMA RETAIL,UPI579816,SYNTH-INV-001188
SYNTH-LEDGER-001189,2026-05-19 06:48:00,1913.66,CREDIT,NYKAA,UPI136659,SYNTH-INV-001189
SYNTH-LEDGER-001190,2026-06-23 08:42:00,1565.63,CREDIT,Amazon India,UPI802009,SYNTH-INV-001190
SYNTH-LEDGER-001191,2026-05-19 18:58:00,650.3,DEBIT,BMS,UPI-234554,SYNTH-INV-001191
SYNTH-LEDGER-001192,2026-06-28 23:44:00,1041.51,DEBIT,Amazon India,UPI-317138,SYNTH-INV-001192
SYNTH-LEDGER-001193,2026-07-21 16:12:00,2554.24,DEBIT,DOMINOS,UPI297626,SYNTH-INV-001193
SYNTH-LEDGER-001194,2026-05-25 18:47:00,1231.65,CREDIT,IRCTC RAIL,UPI123756,SYNTH-INV-001194
SYNTH-LEDGER-001195,2026-05-26 01:03:00,565.04,CREDIT,UBER,UPI551186,SYNTH-INV-001195
SYNTH-LEDGER-001196,2026-06-16 01:33:00,5886.13,CREDIT,Reliance Retail Ltd,UPI254473,SYNTH-INV-001196
SYNTH-LEDGER-001197,2026-06-15 21:27:00,1336.16,CREDIT,METRO CASH & CARRY,UPI239498,SYNTH-INV-001197
SYNTH-LEDGER-001198,2026-07-04 21:46:00,1126.31,DEBIT,METRO INDIA,UPI566193,SYNTH-INV-001198
SYNTH-LEDGER-001199,2026-05-06 00:39:00,498.58,CREDIT,OLA CABS,UPI-603557,SYNTH-INV-001199
SYNTH-LEDGER-001200,2026-07-18 02:07:00,388.09,CREDIT,Ola Mobility,UPI822652,SYNTH-INV-001200
SYNTH-LEDGER-001201,2026-06-09 16:24:00,1602.09,DEBIT,NYKAA,UPI868649,SYNTH-INV-001201
SYNTH-LEDGER-001202,2026-05-22 01:27:00,2881.54,CREDIT,Nykaa E-Retail,UPI576086,SYNTH-INV-001202
SYNTH-LEDGER-001203,2026-07-24 04:42:00,585.25,CREDIT,Urban Company India,UPI721297,SYNTH-INV-001203
SYNTH-LEDGER-001204,2026-06-25 20:56:00,2247.94,CREDIT,BOOKMYSHOW.COM,UPI908838,SYNTH-INV-001204
SYNTH-LEDGER-001205,2026-06-02 13:47:00,4485.75,DEBIT,NYKAA,UPI489808,SYNTH-INV-001205
SYNTH-LEDGER-001206,2026-07-27 14:01:00,333.16,CREDIT,APOLLO,UPI649443,SYNTH-INV-001206
SYNTH-LEDGER-001207,2026-05-17 09:31:00,4954.86,CREDIT,Myntra Designs,UPI608304,SYNTH-INV-001207
SYNTH-LEDGER-001208,2026-07-16 21:47:00,1399.38,CREDIT,DOMINOS INDIA,UPI877462,SYNTH-INV-001208
SYNTH-LEDGER-001209,2026-07-02 17:51:00,512.76,DEBIT,MYNTRA PAY,UPI-794256,SYNTH-INV-001209
SYNTH-LEDGER-001210,2026-07-21 01:42:00,608.95,CREDIT,DOMINO'S PIZZA,UPI-340643,SYNTH-INV-001210
SYNTH-LEDGER-001211,2026-05-02 22:48:00,1549.28,CREDIT,NYKAA.COM,UPI-841981,SYNTH-INV-001211
SYNTH-LEDGER-001213,2026-05-02 06:55:00,3039.52,CREDIT,AMAZON,UPI-481923,SYNTH-INV-001213
SYNTH-LEDGER-001214,2026-05-17 17:42:00,1192.66,CREDIT,UBER INDIA,UPI-986765,SYNTH-INV-001214
SYNTH-LEDGER-001215,2026-07-17 00:34:00,1520.45,DEBIT,Flipkart Internet,UPI-405591,SYNTH-INV-001215
SYNTH-LEDGER-001216,2026-05-02 15:31:00,1321.94,DEBIT,Apollo Pharmacy Ltd,UPI485121,SYNTH-INV-001216
SYNTH-LEDGER-001217,2026-06-28 03:27:00,3154.87,CREDIT,NYKAA.COM,UPI696364,SYNTH-INV-001217
SYNTH-LEDGER-001218,2026-06-25 03:50:00,1272.26,CREDIT,OLA,UPI154417,SYNTH-INV-001218
SYNTH-LEDGER-001219,2026-07-11 16:53:00,1272.05,CREDIT,BIGBASKET INDIA,UPI933757,SYNTH-INV-001219
SYNTH-LEDGER-001220,2026-07-11 19:59:00,1518.91,CREDIT,Ola Mobility,UPI737852,SYNTH-INV-001220
SYNTH-LEDGER-001221,2026-05-19 22:06:00,573.79,CREDIT,UBER INDIA,UPI184067,SYNTH-INV-001221
SYNTH-LEDGER-001222,2026-05-07 20:32:00,996.62,DEBIT,Ola Mobility,UPI255346,SYNTH-INV-001222
SYNTH-LEDGER-001223,2026-06-22 17:18:00,1971.77,CREDIT,SWIGGY,UPI990310,SYNTH-INV-001223
SYNTH-LEDGER-001224,2026-06-17 06:22:00,674.59,DEBIT,BOOKMYSHOW.COM,UPI587947,SYNTH-INV-001224
SYNTH-LEDGER-001225,2026-06-08 02:19:00,1161.8,CREDIT,Ola Mobility,UPI399200,SYNTH-INV-001225
SYNTH-LEDGER-001226,2026-07-16 20:18:00,1163.88,CREDIT,Uber Technologies,UPI811018,SYNTH-INV-001226
SYNTH-LEDGER-001227,2026-05-08 04:58:00,3557.37,CREDIT,METRO INDIA,UPI273055,SYNTH-INV-001227
SYNTH-LEDGER-001228,2026-05-30 05:38:00,2490.86,CREDIT,APOLLO PHARMACY,UPI139125,SYNTH-INV-001228
SYNTH-LEDGER-001229,2026-07-30 00:56:00,735.94,CREDIT,DOMINOS,UPI902530,SYNTH-INV-001229
SYNTH-LEDGER-001230,2026-06-29 19:44:00,282.71,DEBIT,SWIGGY,UPI588745,SYNTH-INV-001230
SYNTH-LEDGER-001231,2026-05-03 19:31:00,1414.15,CREDIT,FLIPKART PAY,UPI947918,SYNTH-INV-001231
SYNTH-LEDGER-001232,2026-06-13 04:15:00,1893.86,DEBIT,ZOMATO,UPI894108,SYNTH-INV-001232
SYNTH-LEDGER-001233,2026-05-03 15:40:00,3175.38,CREDIT,NYKAA.COM,UPI351496,SYNTH-INV-001233
SYNTH-LEDGER-001234,2026-06-21 20:52:00,2848.62,CREDIT,IRCTC RAIL,UPI-601002,SYNTH-INV-001234
SYNTH-LEDGER-001235,2026-07-28 12:07:00,498.44,CREDIT,Decathlon Sports,UPI493435,SYNTH-INV-001235
SYNTH-LEDGER-001236,2026-06-22 22:06:00,1953.71,CREDIT,METRO CASH & CARRY,UPI-645378,SYNTH-INV-001236
SYNTH-LEDGER-001237,2026-07-17 10:54:00,1164.9,CREDIT,DOMINO'S PIZZA,UPI444791,SYNTH-INV-001237
SYNTH-LEDGER-001238,2026-06-06 21:33:00,1205.0,CREDIT,UBER,UPI856517,SYNTH-INV-001238
SYNTH-LEDGER-001239,2026-06-05 19:10:00,732.76,CREDIT,AMAZON PAY,UPI391633,SYNTH-INV-001239
SYNTH-LEDGER-001240,2026-05-30 04:25:00,1059.71,DEBIT,BMS,UPI131114,SYNTH-INV-001240
SYNTH-LEDGER-001241,2026-06-22 09:32:00,855.62,DEBIT,METRO CASH & CARRY,UPI-289853,SYNTH-INV-001241
SYNTH-LEDGER-001242,2026-06-25 11:50:00,980.93,CREDIT,BOOKMYSHOW.COM,UPI979304,SYNTH-INV-001242
SYNTH-LEDGER-001243,2026-06-05 19:23:00,3661.74,CREDIT,URBANCLAP,UPI-398704,SYNTH-INV-001243
SYNTH-LEDGER-001244,2026-05-06 20:03:00,1824.53,CREDIT,MYNTRA PAY,UPI430189,SYNTH-INV-001244
SYNTH-LEDGER-001245,2026-06-17 16:48:00,278.19,CREDIT,Urban Company India,UPI-267832,SYNTH-INV-001245
SYNTH-LEDGER-001246,2026-05-03 22:42:00,893.87,CREDIT,DOMINOS INDIA,UPI799653,SYNTH-INV-001246
SYNTH-LEDGER-001247,2026-06-02 22:25:00,1234.44,CREDIT,IRCTC E-TICKETING,UPI-818855,SYNTH-INV-001247
SYNTH-LEDGER-001248,2026-05-23 06:47:00,2983.92,DEBIT,IRCTC E-TICKETING,UPI-963830,SYNTH-INV-001248
SYNTH-LEDGER-001249,2026-07-12 21:17:00,563.44,CREDIT,Reliance Retail Ltd,UPI678598,SYNTH-INV-001249
SYNTH-LEDGER-001250,2026-07-14 03:44:00,1941.78,CREDIT,DOMINOS INDIA,UPI903872,SYNTH-INV-001250
SYNTH-LEDGER-001251,2026-07-22 11:20:00,1075.81,CREDIT,Flipkart Internet,UPI979399,SYNTH-INV-001251
SYNTH-LEDGER-001252,2026-06-05 22:06:00,184.04,DEBIT,Ola Mobility,UPI350344,SYNTH-INV-001252
SYNTH-LEDGER-001253,2026-06-22 14:14:00,1857.78,CREDIT,DOMINOS,UPI655275,SYNTH-INV-001253
SYNTH-LEDGER-001254,2026-06-15 19:56:00,770.85,DEBIT,DOMINOS,UPI317112,SYNTH-INV-001254
SYNTH-LEDGER-001255,2026-07-11 06:08:00,1610.74,CREDIT,UBER,UPI394333,SYNTH-INV-001255
SYNTH-LEDGER-001256,2026-06-27 05:48:00,994.3,CREDIT,AMAZON PAY,UPI203238,SYNTH-INV-001256
SYNTH-LEDGER-001257,2026-07-26 01:18:00,917.39,CREDIT,Amazon India,UPI242291,SYNTH-INV-001257
SYNTH-LEDGER-001258,2026-06-14 18:13:00,1271.95,DEBIT,DOMINOS INDIA,UPI347052,SYNTH-INV-001258
SYNTH-LEDGER-001259,2026-05-09 06:52:00,2030.93,DEBIT,Zomato Ltd,UPI-955046,SYNTH-INV-001259
SYNTH-LEDGER-001260,2026-05-16 11:50:00,548.47,CREDIT,SWIGGY,UPI-754334,SYNTH-INV-001260
SYNTH-LEDGER-001261,2026-07-09 18:11:00,581.72,CREDIT,ZOMATO*BANGALORE,UPI670766,SYNTH-INV-001261
SYNTH-LEDGER-001262,2026-07-27 14:09:00,640.53,CREDIT,OLA CABS,UPI516736,SYNTH-INV-001262
SYNTH-LEDGER-001263,2026-06-03 19:30:00,1020.86,DEBIT,BIGBASKET,UPI602495,SYNTH-INV-001263
SYNTH-LEDGER-001264,2026-06-26 04:09:00,7503.7,CREDIT,AMAZON PAY,UPI209011,SYNTH-INV-001264
SYNTH-LEDGER-001265,2026-05-25 16:24:00,876.81,CREDIT,DOMINOS INDIA,UPI460647,SYNTH-INV-001265
SYNTH-LEDGER-001266,2026-06-27 15:17:00,606.01,DEBIT,SWIGGY,UPI753733,SYNTH-INV-001266
SYNTH-LEDGER-001267,2026-05-09 23:10:00,5348.83,CREDIT,IRCTC E-TICKETING,UPI-750544,SYNTH-INV-001267
SYNTH-LEDGER-001268,2026-05-08 13:32:00,890.45,CREDIT,Myntra Designs,UPI450823,SYNTH-INV-001268
SYNTH-LEDGER-001269,2026-07-15 10:57:00,424.96,CREDIT,DOMINO'S PIZZA,UPI-433841,SYNTH-INV-001269
SYNTH-LEDGER-001270,2026-05-13 22:20:00,2218.49,CREDIT,Ola Mobility,UPI639005,SYNTH-INV-001270
SYNTH-LEDGER-001271,2026-05-21 05:06:00,996.14,DEBIT,AMAZON PAY,UPI-201110,SYNTH-INV-001271
SYNTH-LEDGER-001272,2026-05-09 01:10:00,825.87,CREDIT,FLIPKART PAY,UPI-355316,SYNTH-INV-001272
SYNTH-LEDGER-001273,2026-06-13 11:04:00,2446.31,CREDIT,Myntra Designs,UPI683712,SYNTH-INV-001273
SYNTH-LEDGER-001274,2026-06-21 10:22:00,4030.52,CREDIT,Nykaa E-Retail,UPI-477517,SYNTH-INV-001274
SYNTH-LEDGER-001275,2026-07-21 06:08:00,2188.77,CREDIT,CROMA RETAIL,UPI395416,SYNTH-INV-001275
SYNTH-LEDGER-001276,2026-05-07 01:04:00,1446.72,DEBIT,Flipkart Internet,UPI755155,SYNTH-INV-001276
SYNTH-LEDGER-001277,2026-07-26 12:20:00,864.28,CREDIT,Big Basket,UPI815707,SYNTH-INV-001277
SYNTH-LEDGER-001278,2026-05-26 07:54:00,2783.63,CREDIT,Decathlon Sports,UPI-660109,SYNTH-INV-001278
SYNTH-LEDGER-001279,2026-05-20 06:32:00,211.03,DEBIT,MYNTRA,UPI626300,SYNTH-INV-001279
SYNTH-LEDGER-001281,2026-07-03 00:05:00,429.53,CREDIT,IRCTC E-TICKETING,UPI682796,SYNTH-INV-001281
SYNTH-LEDGER-001282,2026-07-15 06:36:00,807.1,CREDIT,URBAN COMPANY,UPI827603,SYNTH-INV-001282
SYNTH-LEDGER-001283,2026-05-22 15:51:00,669.44,DEBIT,BOOKMYSHOW,UPI642505,SYNTH-INV-001283
SYNTH-LEDGER-001284,2026-07-07 20:26:00,1868.09,CREDIT,BIGBASKET,UPI181199,SYNTH-INV-001284
SYNTH-LEDGER-001285,2026-06-23 21:20:00,1186.16,DEBIT,BOOKMYSHOW,UPI627882,SYNTH-INV-001285
SYNTH-LEDGER-001286,2026-06-19 21:52:00,2032.27,CREDIT,FLIPKART PAY,UPI400464,SYNTH-INV-001286
SYNTH-LEDGER-001287,2026-05-11 02:33:00,484.56,CREDIT,NYKAA.COM,UPI378072,SYNTH-INV-001287
SYNTH-LEDGER-001288,2026-07-05 11:00:00,897.15,CREDIT,ZOMATO*BANGALORE,UPI141371,SYNTH-INV-001288
SYNTH-LEDGER-001289,2026-07-19 18:02:00,4886.6,CREDIT,Apollo Pharmacy Ltd,UPI607121,SYNTH-INV-001289
SYNTH-LEDGER-001290,2026-07-04 02:48:00,1805.37,CREDIT,OLA CABS,UPI964886,SYNTH-INV-001290
SYNTH-LEDGER-001291,2026-07-10 00:46:00,499.83,CREDIT,BIGBASKET,UPI978539,SYNTH-INV-001291
SYNTH-LEDGER-001292,2026-07-28 21:22:00,3857.4,CREDIT,METRO INDIA,UPI635852,SYNTH-INV-001292
SYNTH-LEDGER-001293,2026-06-27 06:02:00,504.95,CREDIT,Zomato Ltd,UPI338924,SYNTH-INV-001293
SYNTH-LEDGER-001294,2026-05-14 00:22:00,739.23,CREDIT,Ola Mobility,UPI428272,SYNTH-INV-001294
SYNTH-LEDGER-001295,2026-05-17 04:38:00,833.1,CREDIT,METRO INDIA,UPI938591,SYNTH-INV-001295
SYNTH-LEDGER-001296,2026-06-18 18:51:00,823.89,CREDIT,Swiggy India,UPI829030,SYNTH-INV-001296
SYNTH-LEDGER-001297,2026-07-06 15:50:00,370.9,CREDIT,FLIPKART PAY,UPI796250,SYNTH-INV-001297
SYNTH-LEDGER-001298,2026-07-25 23:37:00,1094.1,DEBIT,MYNTRA,UPI884102,SYNTH-INV-001298
SYNTH-LEDGER-001299,2026-05-01 15:16:00,679.15,DEBIT,Myntra Designs,UPI734645,SYNTH-INV-001299
SYNTH-LEDGER-001300,2026-05-26 01:50:00,848.6,CREDIT,OLA,UPI-272813,SYNTH-INV-001300
SYNTH-LEDGER-001301,2026-05-08 11:24:00,800.28,CREDIT,DECATHLON INDIA,UPI104663,SYNTH-INV-001301
SYNTH-LEDGER-001302,2026-05-24 13:43:00,1089.54,DEBIT,DOMINOS,UPI237626,SYNTH-INV-001302
SYNTH-LEDGER-001304,2026-07-07 06:18:00,889.45,CREDIT,Myntra Designs,UPI270452,SYNTH-INV-001304
SYNTH-LEDGER-001305,2026-07-07 18:34:00,511.0,CREDIT,BOOKMYSHOW.COM,UPI509015,SYNTH-INV-001305
SYNTH-LEDGER-001306,2026-05-01 11:43:00,812.61,DEBIT,Swiggy India,UPI631485,SYNTH-INV-001306
SYNTH-LEDGER-001307,2026-06-06 00:24:00,663.34,DEBIT,UBER INDIA,UPI-746333,SYNTH-INV-001307
SYNTH-LEDGER-001308,2026-06-04 17:22:00,2024.55,CREDIT,RELIANCE DIGITAL,UPI559711,SYNTH-INV-001308
SYNTH-LEDGER-001309,2026-07-28 13:16:00,3116.27,CREDIT,FLIPKART,UPI635452,SYNTH-INV-001309
SYNTH-LEDGER-001310,2026-05-25 19:07:00,1184.33,CREDIT,BMS,UPI-639730,SYNTH-INV-001310
SYNTH-LEDGER-001311,2026-07-21 08:18:00,563.86,CREDIT,Flipkart Internet,UPI510312,SYNTH-INV-001311
SYNTH-LEDGER-001312,2026-06-18 05:52:00,1190.26,CREDIT,URBANCLAP,UPI249490,SYNTH-INV-001312
SYNTH-LEDGER-001313,2026-07-06 20:12:00,966.04,CREDIT,Swiggy India,UPI117251,SYNTH-INV-001313
SYNTH-LEDGER-001314,2026-06-06 19:23:00,1955.53,DEBIT,BOOKMYSHOW.COM,UPI176766,SYNTH-INV-001314
SYNTH-LEDGER-001316,2026-07-28 13:40:00,2121.53,CREDIT,Croma Electronics,UPI-981695,SYNTH-INV-001316
SYNTH-LEDGER-001317,2026-06-09 00:24:00,1340.5,DEBIT,RELIANCE RETAIL,UPI901527,SYNTH-INV-001317
SYNTH-LEDGER-001318,2026-06-22 22:25:00,903.54,CREDIT,APOLLO PHARMACY,UPI-880674,SYNTH-INV-001318
SYNTH-LEDGER-001319,2026-05-14 07:22:00,1167.73,DEBIT,AMAZON,UPI155646,SYNTH-INV-001319
SYNTH-LEDGER-001320,2026-07-05 03:40:00,425.75,CREDIT,APOLLO,UPI-183247,SYNTH-INV-001320
SYNTH-LEDGER-001321,2026-06-25 11:00:00,903.92,DEBIT,Myntra Designs,UPI-373223,SYNTH-INV-001321
SYNTH-LEDGER-001322,2026-06-11 22:45:00,539.15,CREDIT,CROMA RETAIL,UPI355980,SYNTH-INV-001322
SYNTH-LEDGER-001323,2026-05-24 04:56:00,2121.18,CREDIT,OLA,UPI855003,SYNTH-INV-001323
SYNTH-LEDGER-001324,2026-06-27 07:23:00,1248.52,DEBIT,BIGBASKET INDIA,UPI-291641,SYNTH-INV-001324
SYNTH-LEDGER-001325,2026-07-28 11:34:00,5965.26,CREDIT,AMAZON PAY,UPI395310,SYNTH-INV-001325
SYNTH-LEDGER-001326,2026-07-15 16:53:00,877.66,CREDIT,Flipkart Internet,UPI-655969,SYNTH-INV-001326
SYNTH-LEDGER-001327,2026-05-08 10:27:00,1032.68,CREDIT,IRCTC E-TICKETING,UPI311435,SYNTH-INV-001327
SYNTH-LEDGER-001328,2026-05-24 10:08:00,471.31,CREDIT,METRO CASH & CARRY,UPI422958,SYNTH-INV-001328
SYNTH-LEDGER-001330,2026-07-24 05:00:00,3536.47,CREDIT,Big Basket,UPI962126,SYNTH-INV-001330
SYNTH-LEDGER-001331,2026-06-18 04:51:00,1059.43,CREDIT,UBER,UPI498395,SYNTH-INV-001331
SYNTH-LEDGER-001332,2026-05-22 01:29:00,772.15,CREDIT,Zomato Ltd,UPI678860,SYNTH-INV-001332
SYNTH-LEDGER-001333,2026-07-26 09:11:00,5201.44,CREDIT,NYKAA.COM,UPI-977437,SYNTH-INV-001333
SYNTH-LEDGER-001334,2026-07-12 12:23:00,4808.87,CREDIT,Croma Electronics,UPI512959,SYNTH-INV-001334
SYNTH-LEDGER-001335,2026-06-10 22:12:00,1105.2,CREDIT,Croma Electronics,UPI123035,SYNTH-INV-001335
SYNTH-LEDGER-001336,2026-07-01 06:59:00,1039.76,CREDIT,IRCTC E-TICKETING,UPI-342591,SYNTH-INV-001336
SYNTH-LEDGER-001337,2026-06-24 14:11:00,3581.07,DEBIT,IRCTC E-TICKETING,UPI479816,SYNTH-INV-001337
SYNTH-LEDGER-001338,2026-05-09 21:58:00,472.85,DEBIT,RELIANCE DIGITAL,UPI232798,SYNTH-INV-001338
SYNTH-LEDGER-001339,2026-06-02 01:21:00,499.5,CREDIT,UBER,UPI755468,SYNTH-INV-001339
SYNTH-LEDGER-001340,2026-07-06 12:07:00,1826.98,DEBIT,METRO CASH & CARRY,UPI228499,SYNTH-INV-001340
SYNTH-LEDGER-001341,2026-06-04 07:56:00,3932.76,CREDIT,NYKAA.COM,UPI870227,SYNTH-INV-001341
SYNTH-LEDGER-001342,2026-07-29 15:21:00,530.7,CREDIT,NYKAA,UPI627716,SYNTH-INV-001342
SYNTH-LEDGER-001343,2026-07-12 04:56:00,2090.77,CREDIT,DECATHLON,UPI-406564,SYNTH-INV-001343
SYNTH-LEDGER-001344,2026-06-14 12:59:00,974.63,CREDIT,IRCTC E-TICKETING,UPI581096,SYNTH-INV-001344
SYNTH-LEDGER-001345,2026-06-19 10:51:00,950.99,CREDIT,IRCTC,UPI-225531,SYNTH-INV-001345
SYNTH-LEDGER-001346,2026-07-19 17:51:00,615.31,CREDIT,OLA CABS,UPI975753,SYNTH-INV-001346
SYNTH-LEDGER-001347,2026-05-24 16:04:00,2039.29,CREDIT,Big Basket,UPI304585,SYNTH-INV-001347
SYNTH-LEDGER-001348,2026-07-29 22:54:00,403.06,CREDIT,Big Basket,UPI334529,SYNTH-INV-001348
SYNTH-LEDGER-001349,2026-06-29 16:10:00,1344.78,CREDIT,IRCTC,UPI159268,SYNTH-INV-001349
SYNTH-LEDGER-001350,2026-05-28 23:19:00,1288.15,DEBIT,AMAZON PAY,UPI960384,SYNTH-INV-001350
SYNTH-LEDGER-001351,2026-07-03 19:36:00,2304.32,CREDIT,FLIPKART PAY,UPI585114,SYNTH-INV-001351
SYNTH-LEDGER-001352,2026-06-24 22:59:00,1391.05,CREDIT,CROMA,UPI-142591,SYNTH-INV-001352
SYNTH-LEDGER-001353,2026-06-02 07:39:00,1298.19,DEBIT,APOLLO PHARMACY,UPI661024,SYNTH-INV-001353
SYNTH-LEDGER-001354,2026-07-28 12:08:00,1821.65,CREDIT,IRCTC,UPI641291,SYNTH-INV-001354
SYNTH-LEDGER-001355,2026-07-02 13:18:00,1254.15,CREDIT,Reliance Retail Ltd,UPI326943,SYNTH-INV-001355
SYNTH-LEDGER-001356,2026-05-19 05:08:00,915.89,CREDIT,CROMA,UPI560167,SYNTH-INV-001356
SYNTH-LEDGER-001357,2026-05-10 19:57:00,1473.64,CREDIT,AMAZON PAY,UPI867704,SYNTH-INV-001357
SYNTH-LEDGER-001358,2026-07-26 18:35:00,5237.26,CREDIT,BOOKMYSHOW.COM,UPI372696,SYNTH-INV-001358
SYNTH-LEDGER-001359,2026-06-04 00:39:00,780.02,CREDIT,NYKAA.COM,UPI575963,SYNTH-INV-001359
SYNTH-LEDGER-001361,2026-07-03 16:59:00,1667.5,CREDIT,ZOMATO,UPI730953,SYNTH-INV-001361
SYNTH-LEDGER-001362,2026-05-02 01:54:00,1447.49,CREDIT,IRCTC,UPI277260,SYNTH-INV-001362
SYNTH-LEDGER-001363,2026-06-16 10:26:00,2910.26,CREDIT,MYNTRA,UPI-562544,SYNTH-INV-001363
SYNTH-LEDGER-001364,2026-06-18 18:36:00,605.37,DEBIT,BIGBASKET,UPI-907426,SYNTH-INV-001364
SYNTH-LEDGER-001365,2026-07-08 08:05:00,2314.35,CREDIT,ZOMATO*BANGALORE,UPI895592,SYNTH-INV-001365
SYNTH-LEDGER-001366,2026-05-03 09:31:00,745.2,CREDIT,Flipkart Internet,UPI394377,SYNTH-INV-001366
SYNTH-LEDGER-001367,2026-07-01 15:51:00,2239.37,DEBIT,DOMINO'S PIZZA,UPI-422015,SYNTH-INV-001367
SYNTH-LEDGER-001368,2026-05-03 06:30:00,449.61,DEBIT,Ola Mobility,UPI173419,SYNTH-INV-001368
SYNTH-LEDGER-001369,2026-06-18 11:30:00,407.32,CREDIT,IRCTC E-TICKETING,UPI650942,SYNTH-INV-001369
SYNTH-LEDGER-001370,2026-07-05 12:03:00,1169.06,DEBIT,NYKAA,UPI242425,SYNTH-INV-001370
SYNTH-LEDGER-001371,2026-06-01 17:09:00,1828.11,CREDIT,URBAN COMPANY,UPI817670,SYNTH-INV-001371
SYNTH-LEDGER-001372,2026-05-18 05:23:00,1448.71,DEBIT,Big Basket,UPI817037,SYNTH-INV-001372
SYNTH-LEDGER-001373,2026-06-28 12:41:00,508.58,CREDIT,SWIGGY*BLR,UPI129580,SYNTH-INV-001373
SYNTH-LEDGER-001374,2026-06-06 06:53:00,349.23,CREDIT,FLIPKART,UPI678771,SYNTH-INV-001374
SYNTH-LEDGER-001375,2026-07-19 11:49:00,1767.62,CREDIT,ZOMATO*BANGALORE,UPI-821229,SYNTH-INV-001375
SYNTH-LEDGER-001376,2026-07-13 09:59:00,1217.06,CREDIT,UBER,UPI-808362,SYNTH-INV-001376
SYNTH-LEDGER-001377,2026-06-05 04:34:00,921.98,CREDIT,Ola Mobility,UPI-389317,SYNTH-INV-001377
SYNTH-LEDGER-001378,2026-07-15 09:49:00,1645.56,CREDIT,APOLLO PHARMACY,UPI-882429,SYNTH-INV-001378
SYNTH-LEDGER-001379,2026-05-30 19:35:00,2372.91,CREDIT,Urban Company India,UPI970912,SYNTH-INV-001379
SYNTH-LEDGER-001380,2026-07-13 22:53:00,1835.14,DEBIT,IRCTC E-TICKETING,UPI-757636,SYNTH-INV-001380
SYNTH-LEDGER-001381,2026-06-08 23:20:00,1898.07,CREDIT,Big Basket,UPI173869,SYNTH-INV-001381
SYNTH-LEDGER-001382,2026-05-27 02:56:00,1406.79,DEBIT,BOOKMYSHOW.COM,UPI692171,SYNTH-INV-001382
SYNTH-LEDGER-001383,2026-06-28 04:38:00,1121.61,DEBIT,UBER INDIA,UPI-215556,SYNTH-INV-001383
SYNTH-LEDGER-001384,2026-06-27 05:34:00,2143.82,CREDIT,Croma Electronics,UPI-890133,SYNTH-INV-001384
SYNTH-LEDGER-001385,2026-06-18 16:30:00,4596.81,CREDIT,NYKAA.COM,UPI-387448,SYNTH-INV-001385
SYNTH-LEDGER-001386,2026-06-26 13:39:00,3629.42,CREDIT,URBANCLAP,UPI241881,SYNTH-INV-001386
SYNTH-LEDGER-001387,2026-07-20 13:52:00,1909.15,CREDIT,IRCTC RAIL,UPI445891,SYNTH-INV-001387
SYNTH-LEDGER-001388,2026-05-26 05:39:00,861.96,DEBIT,UBER INDIA,UPI742139,SYNTH-INV-001388
SYNTH-LEDGER-001390,2026-07-10 21:26:00,807.05,DEBIT,METRO RETAIL,UPI547199,SYNTH-INV-001390
SYNTH-LEDGER-001391,2026-07-18 22:45:00,3076.76,CREDIT,URBANCLAP,UPI-582611,SYNTH-INV-001391
SYNTH-LEDGER-001392,2026-05-14 12:10:00,2241.25,CREDIT,AMAZON,UPI466128,SYNTH-INV-001392
SYNTH-LEDGER-001393,2026-06-25 20:00:00,745.03,CREDIT,METRO INDIA,UPI441040,SYNTH-INV-001393
SYNTH-LEDGER-001394,2026-05-22 04:51:00,713.44,CREDIT,UBER INDIA,UPI-810685,SYNTH-INV-001394
SYNTH-LEDGER-001395,2026-05-04 11:26:00,1371.03,CREDIT,DECATHLON,UPI219951,SYNTH-INV-001395
SYNTH-LEDGER-001396,2026-07-20 06:13:00,908.24,CREDIT,FLIPKART,UPI869889,SYNTH-INV-001396
SYNTH-LEDGER-001397,2026-05-30 02:57:00,1317.34,CREDIT,UBER,UPI-420421,SYNTH-INV-001397
SYNTH-LEDGER-001398,2026-07-07 13:29:00,718.17,CREDIT,FLIPKART,UPI563827,SYNTH-INV-001398
SYNTH-LEDGER-001399,2026-07-07 17:25:00,594.2,CREDIT,ZOMATO*BANGALORE,UPI618045,SYNTH-INV-001399
SYNTH-LEDGER-001400,2026-07-09 05:31:00,506.69,CREDIT,NYKAA,UPI661228,SYNTH-INV-001400
SYNTH-LEDGER-001401,2026-07-15 13:54:00,4188.23,DEBIT,URBAN COMPANY,UPI-736438,SYNTH-INV-001401
SYNTH-LEDGER-001403,2026-06-15 01:29:00,517.43,CREDIT,CROMA RETAIL,UPI-722099,SYNTH-INV-001403
SYNTH-LEDGER-001404,2026-05-29 05:46:00,823.93,DEBIT,IRCTC E-TICKETING,UPI639439,SYNTH-INV-001404
SYNTH-LEDGER-001405,2026-06-28 16:30:00,1112.28,CREDIT,ZOMATO*BANGALORE,UPI-483361,SYNTH-INV-001405
SYNTH-LEDGER-001406,2026-06-13 04:46:00,3407.22,DEBIT,Zomato Ltd,UPI421976,SYNTH-INV-001406
SYNTH-LEDGER-001407,2026-07-19 13:54:00,2914.36,CREDIT,AMAZON,UPI-760083,SYNTH-INV-001407
SYNTH-LEDGER-001409,2026-06-12 22:02:00,1904.62,CREDIT,BMS,UPI674384,SYNTH-INV-001409
SYNTH-LEDGER-001410,2026-05-10 16:11:00,421.21,CREDIT,Ola Mobility,UPI642860,SYNTH-INV-001410
SYNTH-LEDGER-001411,2026-06-26 14:46:00,5951.1,CREDIT,FLIPKART PAY,UPI826301,SYNTH-INV-001411
SYNTH-LEDGER-001412,2026-05-16 23:08:00,589.53,DEBIT,CROMA,UPI-615187,SYNTH-INV-001412
SYNTH-LEDGER-001413,2026-07-26 03:11:00,371.99,CREDIT,Ola Mobility,UPI940625,SYNTH-INV-001413
SYNTH-LEDGER-001414,2026-05-31 22:10:00,2639.9,CREDIT,APOLLO,UPI259600,SYNTH-INV-001414
SYNTH-LEDGER-001415,2026-06-11 20:28:00,1606.07,CREDIT,Croma Electronics,UPI495971,SYNTH-INV-001415
SYNTH-LEDGER-001416,2026-06-02 08:40:00,998.52,CREDIT,APOLLO,UPI482100,SYNTH-INV-001416
SYNTH-LEDGER-001417,2026-07-22 20:34:00,1289.09,CREDIT,Decathlon Sports,UPI152158,SYNTH-INV-001417
SYNTH-LEDGER-001420,2026-07-07 07:42:00,4072.35,CREDIT,CROMA,UPI-588393,SYNTH-INV-001420
SYNTH-LEDGER-001421,2026-05-08 03:10:00,482.33,CREDIT,ZOMATO*BANGALORE,UPI551386,SYNTH-INV-001421
SYNTH-LEDGER-001422,2026-06-10 07:47:00,175.94,DEBIT,UBER INDIA,UPI707418,SYNTH-INV-001422
SYNTH-LEDGER-001423,2026-05-04 03:43:00,3125.93,CREDIT,BIGBASKET,UPI625276,SYNTH-INV-001423
SYNTH-LEDGER-001424,2026-06-30 18:24:00,2835.96,CREDIT,MYNTRA,UPI728466,SYNTH-INV-001424
SYNTH-LEDGER-001425,2026-07-18 16:59:00,5269.81,CREDIT,ZOMATO,UPI896543,SYNTH-INV-001425
SYNTH-LEDGER-001426,2026-05-04 14:16:00,834.08,CREDIT,Uber Technologies,UPI515894,SYNTH-INV-001426
SYNTH-LEDGER-001427,2026-05-22 02:14:00,1035.46,CREDIT,Big Basket,UPI-910219,SYNTH-INV-001427
SYNTH-LEDGER-001428,2026-07-09 06:41:00,923.58,CREDIT,Amazon India,UPI178416,SYNTH-INV-001428
SYNTH-LEDGER-001429,2026-05-31 09:37:00,1109.24,DEBIT,BMS,UPI-196520,SYNTH-INV-001429
SYNTH-LEDGER-001430,2026-06-11 22:03:00,1340.36,CREDIT,Apollo Pharmacy Ltd,UPI951890,SYNTH-INV-001430
SYNTH-LEDGER-001431,2026-07-28 05:23:00,786.26,CREDIT,FLIPKART,UPI-343966,SYNTH-INV-001431
SYNTH-LEDGER-001432,2026-07-01 04:37:00,1273.34,CREDIT,DOMINO'S PIZZA,UPI-106453,SYNTH-INV-001432
SYNTH-LEDGER-001433,2026-05-28 05:24:00,2048.3,DEBIT,URBAN COMPANY,UPI121583,SYNTH-INV-001433
SYNTH-LEDGER-001434,2026-05-30 07:48:00,572.27,DEBIT,BIGBASKET INDIA,UPI893814,SYNTH-INV-001434
SYNTH-LEDGER-001435,2026-05-27 18:13:00,294.7,CREDIT,DOMINOS INDIA,UPI178501,SYNTH-INV-001435
SYNTH-LEDGER-001436,2026-07-24 17:10:00,1273.18,DEBIT,Zomato Ltd,UPI132971,SYNTH-INV-001436
SYNTH-LEDGER-001438,2026-05-02 12:55:00,475.02,DEBIT,Zomato Ltd,UPI-107843,SYNTH-INV-001438
SYNTH-LEDGER-001439,2026-05-03 21:47:00,460.4,CREDIT,METRO CASH & CARRY,UPI715016,SYNTH-INV-001439
SYNTH-LEDGER-001440,2026-05-15 19:41:00,2370.3,CREDIT,RELIANCE RETAIL,UPI-967536,SYNTH-INV-001440
SYNTH-LEDGER-001441,2026-06-24 09:37:00,395.08,CREDIT,APOLLO,UPI997921,SYNTH-INV-001441
SYNTH-LEDGER-001442,2026-06-03 18:46:00,290.57,DEBIT,Zomato Ltd,UPI296755,SYNTH-INV-001442
SYNTH-LEDGER-001443,2026-06-30 04:11:00,605.67,CREDIT,Amazon India,UPI369350,SYNTH-INV-001443
SYNTH-LEDGER-001444,2026-06-24 09:06:00,445.37,CREDIT,Uber Technologies,UPI475823,SYNTH-INV-001444
SYNTH-LEDGER-001445,2026-05-02 21:02:00,1409.25,CREDIT,BMS,UPI987071,SYNTH-INV-001445
SYNTH-LEDGER-001446,2026-05-30 10:04:00,1394.62,DEBIT,BOOKMYSHOW,UPI153603,SYNTH-INV-001446
SYNTH-LEDGER-001447,2026-06-04 18:28:00,1059.05,DEBIT,AMAZON PAY,UPI473737,SYNTH-INV-001447
SYNTH-LEDGER-001448,2026-05-27 19:35:00,3368.22,DEBIT,AMAZON PAY,UPI593446,SYNTH-INV-001448
SYNTH-LEDGER-001450,2026-06-01 03:57:00,578.55,DEBIT,URBANCLAP,UPI149703,SYNTH-INV-001450
SYNTH-LEDGER-001451,2026-06-04 15:43:00,1105.4,CREDIT,Ola Mobility,UPI854479,SYNTH-INV-001451
SYNTH-LEDGER-001452,2026-07-20 04:51:00,2808.14,CREDIT,UBER,UPI728354,SYNTH-INV-001452
SYNTH-LEDGER-001454,2026-05-04 03:57:00,1546.79,CREDIT,AMAZON,UPI647384,SYNTH-INV-001454
SYNTH-LEDGER-001455,2026-07-06 13:14:00,1153.72,CREDIT,UBER INDIA,UPI724812,SYNTH-INV-001455
SYNTH-LEDGER-001456,2026-06-05 00:48:00,2636.03,CREDIT,Flipkart Internet,UPI723043,SYNTH-INV-001456
SYNTH-LEDGER-001457,2026-07-16 04:28:00,1675.7,CREDIT,SWIGGY*BLR,UPI300200,SYNTH-INV-001457
SYNTH-LEDGER-001458,2026-05-20 15:45:00,2168.33,DEBIT,IRCTC RAIL,UPI252929,SYNTH-INV-001458
SYNTH-LEDGER-001459,2026-07-10 10:22:00,3066.15,CREDIT,METRO INDIA,UPI480438,SYNTH-INV-001459
SYNTH-LEDGER-001460,2026-06-13 02:47:00,202.3,DEBIT,UBER INDIA,UPI230815,SYNTH-INV-001460
SYNTH-LEDGER-001461,2026-06-03 11:33:00,1310.96,DEBIT,METRO RETAIL,UPI328361,SYNTH-INV-001461
SYNTH-LEDGER-001462,2026-06-25 03:46:00,2346.2,CREDIT,ZOMATO*BANGALORE,UPI461413,SYNTH-INV-001462
SYNTH-LEDGER-001463,2026-06-20 19:24:00,1029.35,DEBIT,MYNTRA PAY,UPI967290,SYNTH-INV-001463
SYNTH-LEDGER-001464,2026-07-30 02:33:00,531.76,CREDIT,SWIGGY*BLR,UPI-572602,SYNTH-INV-001464
SYNTH-LEDGER-001465,2026-07-02 21:31:00,313.3,CREDIT,MYNTRA,UPI850962,SYNTH-INV-001465
SYNTH-LEDGER-001466,2026-06-04 00:56:00,1151.84,CREDIT,SWIGGY,UPI-959652,SYNTH-INV-001466
SYNTH-LEDGER-001467,2026-05-28 08:27:00,684.38,DEBIT,DOMINO'S PIZZA,UPI625725,SYNTH-INV-001467
SYNTH-LEDGER-001468,2026-05-11 09:42:00,1503.89,CREDIT,NYKAA,UPI991838,SYNTH-INV-001468
SYNTH-LEDGER-001469,2026-07-23 13:49:00,2172.05,CREDIT,BMS,UPI678067,SYNTH-INV-001469
SYNTH-LEDGER-001470,2026-05-17 15:55:00,165.9,CREDIT,SWIGGY*BLR,UPI106986,SYNTH-INV-001470
SYNTH-LEDGER-001471,2026-07-05 22:33:00,3667.88,CREDIT,RELIANCE DIGITAL,UPI483392,SYNTH-INV-001471
SYNTH-LEDGER-001472,2026-05-05 10:59:00,1874.42,DEBIT,Ola Mobility,UPI776982,SYNTH-INV-001472
SYNTH-LEDGER-001473,2026-06-08 16:22:00,3844.32,CREDIT,URBAN COMPANY,UPI276508,SYNTH-INV-001473
SYNTH-LEDGER-001474,2026-06-06 07:20:00,1531.28,CREDIT,METRO INDIA,UPI435461,SYNTH-INV-001474
SYNTH-LEDGER-001475,2026-06-03 07:13:00,887.26,CREDIT,MYNTRA PAY,UPI-236832,SYNTH-INV-001475
SYNTH-LEDGER-001476,2026-05-31 11:26:00,1501.49,CREDIT,Myntra Designs,UPI597560,SYNTH-INV-001476
SYNTH-LEDGER-001477,2026-05-24 06:20:00,1905.56,CREDIT,DOMINOS,UPI182680,SYNTH-INV-001477
SYNTH-LEDGER-001478,2026-06-23 11:18:00,1355.76,DEBIT,DOMINO'S PIZZA,UPI834616,SYNTH-INV-001478
SYNTH-LEDGER-001479,2026-06-22 20:00:00,1609.31,CREDIT,Big Basket,UPI612411,SYNTH-INV-001479
SYNTH-LEDGER-001480,2026-07-12 00:17:00,788.1,DEBIT,RELIANCE DIGITAL,UPI340495,SYNTH-INV-001480
SYNTH-LEDGER-001481,2026-05-05 11:48:00,3101.17,CREDIT,IRCTC RAIL,UPI918099,SYNTH-INV-001481
SYNTH-LEDGER-001482,2026-06-01 16:24:00,829.03,DEBIT,UBER,UPI773664,SYNTH-INV-001482
SYNTH-LEDGER-001483,2026-05-26 16:35:00,1111.43,CREDIT,RELIANCE DIGITAL,UPI853446,SYNTH-INV-001483
SYNTH-LEDGER-001484,2026-05-24 22:15:00,2428.44,CREDIT,UBER INDIA,UPI-979972,SYNTH-INV-001484
SYNTH-LEDGER-001485,2026-05-09 17:08:00,851.2,CREDIT,AMAZON,UPI-891204,SYNTH-INV-001485
SYNTH-LEDGER-001486,2026-06-08 20:21:00,585.43,CREDIT,Apollo Pharmacy Ltd,UPI-886274,SYNTH-INV-001486
SYNTH-LEDGER-001487,2026-07-09 01:49:00,1160.32,CREDIT,DECATHLON INDIA,UPI330262,SYNTH-INV-001487
SYNTH-LEDGER-001488,2026-07-17 12:52:00,892.02,DEBIT,MYNTRA,UPI-968619,SYNTH-INV-001488
SYNTH-LEDGER-001489,2026-06-19 00:40:00,2272.63,CREDIT,Uber Technologies,UPI868990,SYNTH-INV-001489
SYNTH-LEDGER-001490,2026-07-17 19:55:00,510.62,CREDIT,MYNTRA PAY,UPI671356,SYNTH-INV-001490
SYNTH-LEDGER-001491,2026-05-05 13:13:00,885.58,CREDIT,Big Basket,UPI441595,SYNTH-INV-001491
SYNTH-LEDGER-001492,2026-07-12 18:09:00,757.38,CREDIT,AMAZON,UPI773352,SYNTH-INV-001492
SYNTH-LEDGER-001493,2026-07-10 15:57:00,3361.08,DEBIT,METRO INDIA,UPI-974654,SYNTH-INV-001493
SYNTH-LEDGER-001494,2026-07-17 21:27:00,643.01,CREDIT,URBANCLAP,UPI-629907,SYNTH-INV-001494
SYNTH-LEDGER-001495,2026-06-20 06:02:00,1041.16,CREDIT,NYKAA,UPI428065,SYNTH-INV-001495
SYNTH-LEDGER-001496,2026-07-04 02:46:00,794.3,CREDIT,BIGBASKET,UPI683393,SYNTH-INV-001496
SYNTH-LEDGER-001497,2026-06-21 15:11:00,1971.87,DEBIT,MYNTRA PAY,UPI989082,SYNTH-INV-001497
SYNTH-LEDGER-001498,2026-05-14 13:46:00,2286.15,DEBIT,BOOKMYSHOW,UPI-502508,SYNTH-INV-001498
SYNTH-LEDGER-001499,2026-06-07 10:48:00,230.12,CREDIT,Croma Electronics,UPI723858,SYNTH-INV-001499
SYNTH-LEDGER-001500,2026-05-24 20:24:00,126.32,CREDIT,Apollo Pharmacy Ltd,UPI-931811,SYNTH-INV-001500
SYNTH-LEDGER-001501,2026-07-04 18:41:00,794.7,CREDIT,DOMINOS INDIA,UPI162877,SYNTH-INV-001501
SYNTH-LEDGER-001503,2026-05-24 11:03:00,593.77,CREDIT,FLIPKART,UPI592298,SYNTH-INV-001503
SYNTH-LEDGER-001504,2026-05-05 00:44:00,698.53,CREDIT,BIGBASKET INDIA,UPI335131,SYNTH-INV-001504
SYNTH-LEDGER-001505,2026-07-07 01:42:00,3027.4,CREDIT,ZOMATO*BANGALORE,UPI-857428,SYNTH-INV-001505
SYNTH-LEDGER-001506,2026-05-04 21:03:00,467.77,CREDIT,Zomato Ltd,UPI917166,SYNTH-INV-001506
SYNTH-LEDGER-001507,2026-06-23 08:40:00,683.79,CREDIT,DOMINO'S PIZZA,UPI-992064,SYNTH-INV-001507
SYNTH-LEDGER-001508,2026-07-16 11:58:00,685.73,CREDIT,Ola Mobility,UPI175151,SYNTH-INV-001508
SYNTH-LEDGER-001509,2026-06-28 17:10:00,1454.6,DEBIT,Zomato Ltd,UPI-213982,SYNTH-INV-001509
SYNTH-LEDGER-001510,2026-05-10 15:28:00,2093.36,CREDIT,CROMA,UPI-396470,SYNTH-INV-001510
SYNTH-LEDGER-001511,2026-06-02 18:07:00,2906.19,CREDIT,IRCTC E-TICKETING,UPI524110,SYNTH-INV-001511
SYNTH-LEDGER-001512,2026-06-11 15:54:00,195.23,CREDIT,APOLLO PHARMACY,UPI919696,SYNTH-INV-001512
SYNTH-LEDGER-001513,2026-06-04 21:30:00,4479.28,CREDIT,CROMA RETAIL,UPI-789665,SYNTH-INV-001513
SYNTH-LEDGER-001514,2026-06-02 14:23:00,2600.96,DEBIT,Amazon India,UPI423074,SYNTH-INV-001514
SYNTH-LEDGER-001515,2026-06-30 00:36:00,503.83,CREDIT,OLA,UPI958026,SYNTH-INV-001515
SYNTH-LEDGER-001517,2026-06-07 08:51:00,267.54,DEBIT,Urban Company India,UPI804681,SYNTH-INV-001517
SYNTH-LEDGER-001518,2026-07-20 00:20:00,3667.65,DEBIT,METRO CASH & CARRY,UPI381083,SYNTH-INV-001518
SYNTH-LEDGER-001519,2026-07-01 02:24:00,587.39,CREDIT,IRCTC,UPI-454847,SYNTH-INV-001519
SYNTH-LEDGER-001520,2026-07-16 11:18:00,2694.33,CREDIT,APOLLO PHARMACY,UPI297394,SYNTH-INV-001520
SYNTH-LEDGER-001521,2026-07-11 20:51:00,1837.21,CREDIT,UBER INDIA,UPI366448,SYNTH-INV-001521
SYNTH-LEDGER-001522,2026-05-16 17:35:00,1012.26,CREDIT,RELIANCE DIGITAL,UPI-796060,SYNTH-INV-001522
SYNTH-LEDGER-001523,2026-05-09 04:20:00,715.92,CREDIT,OLA,UPI660565,SYNTH-INV-001523
SYNTH-LEDGER-001524,2026-07-02 07:04:00,261.42,CREDIT,SWIGGY,UPI763610,SYNTH-INV-001524
SYNTH-LEDGER-001525,2026-07-19 16:57:00,1419.23,CREDIT,Croma Electronics,UPI358267,SYNTH-INV-001525
SYNTH-LEDGER-001526,2026-06-25 15:16:00,587.14,DEBIT,SWIGGY,UPI832813,SYNTH-INV-001526
SYNTH-LEDGER-001527,2026-06-08 16:34:00,1818.24,DEBIT,BOOKMYSHOW.COM,UPI-330715,SYNTH-INV-001527
SYNTH-LEDGER-001528,2026-05-14 03:30:00,3016.94,CREDIT,Decathlon Sports,UPI539583,SYNTH-INV-001528
SYNTH-LEDGER-001529,2026-07-01 08:43:00,511.96,CREDIT,SWIGGY*BLR,UPI559259,SYNTH-INV-001529
SYNTH-LEDGER-001530,2026-06-05 00:19:00,1556.34,CREDIT,IRCTC,UPI673290,SYNTH-INV-001530
SYNTH-LEDGER-001531,2026-05-02 15:43:00,1006.14,DEBIT,UBER,UPI559580,SYNTH-INV-001531
SYNTH-LEDGER-001532,2026-06-07 19:24:00,1877.65,CREDIT,UBER INDIA,UPI912785,SYNTH-INV-001532
SYNTH-LEDGER-001533,2026-07-21 00:45:00,375.29,DEBIT,AMAZON PAY,UPI779980,SYNTH-INV-001533
SYNTH-LEDGER-001535,2026-07-17 12:40:00,1914.88,DEBIT,IRCTC RAIL,UPI340405,SYNTH-INV-001535
SYNTH-LEDGER-001536,2026-05-31 09:05:00,1829.51,CREDIT,URBANCLAP,UPI877566,SYNTH-INV-001536
SYNTH-LEDGER-001537,2026-05-13 13:25:00,431.37,DEBIT,APOLLO PHARMACY,UPI996847,SYNTH-INV-001537
SYNTH-LEDGER-001538,2026-05-04 20:21:00,1307.46,CREDIT,DECATHLON INDIA,UPI907956,SYNTH-INV-001538
SYNTH-LEDGER-001539,2026-07-10 04:36:00,577.34,DEBIT,NYKAA.COM,UPI463965,SYNTH-INV-001539
SYNTH-LEDGER-001540,2026-05-29 06:54:00,551.63,CREDIT,MYNTRA PAY,UPI-969334,SYNTH-INV-001540
SYNTH-LEDGER-001541,2026-06-02 21:50:00,2405.73,DEBIT,BMS,UPI260341,SYNTH-INV-001541
SYNTH-LEDGER-001542,2026-05-31 04:01:00,1192.63,CREDIT,Zomato Ltd,UPI621651,SYNTH-INV-001542
SYNTH-LEDGER-001543,2026-05-10 11:09:00,5665.24,CREDIT,RELIANCE DIGITAL,UPI471862,SYNTH-INV-001543
SYNTH-LEDGER-001544,2026-06-05 05:04:00,2933.14,CREDIT,METRO RETAIL,UPI114804,SYNTH-INV-001544
SYNTH-LEDGER-001545,2026-05-14 07:58:00,1012.52,CREDIT,Nykaa E-Retail,UPI608167,SYNTH-INV-001545
SYNTH-LEDGER-001546,2026-07-18 07:58:00,682.18,CREDIT,Ola Mobility,UPI-292535,SYNTH-INV-001546
SYNTH-LEDGER-001547,2026-05-03 13:28:00,390.36,CREDIT,RELIANCE RETAIL,UPI-469558,SYNTH-INV-001547
SYNTH-LEDGER-001548,2026-07-24 04:23:00,5876.6,DEBIT,SWIGGY*BLR,UPI367158,SYNTH-INV-001548
SYNTH-LEDGER-001549,2026-07-21 12:45:00,1212.12,DEBIT,BOOKMYSHOW.COM,UPI453903,SYNTH-INV-001549
SYNTH-LEDGER-001550,2026-07-03 15:38:00,549.62,CREDIT,ZOMATO*BANGALORE,UPI455249,SYNTH-INV-001550
SYNTH-LEDGER-001551,2026-06-21 10:36:00,1059.93,CREDIT,BMS,UPI893756,SYNTH-INV-001551
SYNTH-LEDGER-001552,2026-06-19 08:14:00,2529.48,CREDIT,RELIANCE DIGITAL,UPI132863,SYNTH-INV-001552
SYNTH-LEDGER-001553,2026-06-07 13:01:00,1193.67,DEBIT,RELIANCE RETAIL,UPI125707,SYNTH-INV-001553
SYNTH-LEDGER-001554,2026-07-28 00:02:00,2120.41,DEBIT,Flipkart Internet,UPI304378,SYNTH-INV-001554
SYNTH-LEDGER-001555,2026-06-14 08:48:00,1256.15,CREDIT,DOMINOS,UPI566558,SYNTH-INV-001555
SYNTH-LEDGER-001556,2026-06-24 16:37:00,424.8,CREDIT,BMS,UPI289443,SYNTH-INV-001556
SYNTH-LEDGER-001557,2026-06-22 08:30:00,1100.54,DEBIT,NYKAA.COM,UPI902120,SYNTH-INV-001557
SYNTH-LEDGER-001558,2026-05-16 22:41:00,4344.41,CREDIT,Uber Technologies,UPI229272,SYNTH-INV-001558
SYNTH-LEDGER-001559,2026-05-07 05:32:00,1020.72,DEBIT,CROMA RETAIL,UPI496149,SYNTH-INV-001559
SYNTH-LEDGER-001560,2026-06-10 09:43:00,811.65,CREDIT,Decathlon Sports,UPI-169707,SYNTH-INV-001560
SYNTH-LEDGER-001561,2026-07-24 05:19:00,416.6,DEBIT,Reliance Retail Ltd,UPI132734,SYNTH-INV-001561
SYNTH-LEDGER-001562,2026-06-15 07:11:00,1062.59,DEBIT,IRCTC RAIL,UPI123514,SYNTH-INV-001562
SYNTH-LEDGER-001563,2026-06-24 10:52:00,905.57,CREDIT,APOLLO PHARMACY,UPI686262,SYNTH-INV-001563
SYNTH-LEDGER-001564,2026-07-25 13:47:00,6056.61,CREDIT,Myntra Designs,UPI765666,SYNTH-INV-001564
SYNTH-LEDGER-001565,2026-06-22 19:05:00,324.6,CREDIT,IRCTC,UPI401849,SYNTH-INV-001565
SYNTH-LEDGER-001566,2026-06-04 05:43:00,668.3,CREDIT,FLIPKART PAY,UPI896684,SYNTH-INV-001566
SYNTH-LEDGER-001567,2026-05-05 01:03:00,2353.61,CREDIT,ZOMATO,UPI420555,SYNTH-INV-001567
SYNTH-LEDGER-001568,2026-06-25 04:10:00,799.83,DEBIT,Nykaa E-Retail,UPI115006,SYNTH-INV-001568
SYNTH-LEDGER-001569,2026-07-13 02:15:00,1783.87,CREDIT,RELIANCE RETAIL,UPI332567,SYNTH-INV-001569
SYNTH-LEDGER-001570,2026-05-05 08:28:00,405.9,CREDIT,FLIPKART,UPI-368896,SYNTH-INV-001570
SYNTH-LEDGER-001571,2026-07-01 15:48:00,411.25,CREDIT,AMAZON PAY,UPI-404213,SYNTH-INV-001571
SYNTH-LEDGER-001572,2026-05-24 09:26:00,820.91,CREDIT,METRO CASH & CARRY,UPI639806,SYNTH-INV-001572
SYNTH-LEDGER-001573,2026-06-17 05:32:00,1992.7,DEBIT,Nykaa E-Retail,UPI302977,SYNTH-INV-001573
SYNTH-LEDGER-001574,2026-05-24 00:21:00,528.83,CREDIT,UBER,UPI884216,SYNTH-INV-001574
SYNTH-LEDGER-001575,2026-06-01 09:42:00,1917.89,CREDIT,ZOMATO*BANGALORE,UPI376138,SYNTH-INV-001575
SYNTH-LEDGER-001576,2026-06-06 19:44:00,981.78,DEBIT,METRO CASH & CARRY,UPI704820,SYNTH-INV-001576
SYNTH-LEDGER-001577,2026-05-19 14:20:00,4039.92,CREDIT,Zomato Ltd,UPI310326,SYNTH-INV-001577
SYNTH-LEDGER-001578,2026-06-18 22:46:00,495.35,DEBIT,Croma Electronics,UPI716789,SYNTH-INV-001578
SYNTH-LEDGER-001579,2026-06-21 19:49:00,1569.6,CREDIT,Reliance Retail Ltd,UPI856870,SYNTH-INV-001579
SYNTH-LEDGER-001580,2026-07-20 11:52:00,910.78,CREDIT,BOOKMYSHOW,UPI558610,SYNTH-INV-001580
SYNTH-LEDGER-001581,2026-07-23 22:59:00,1521.59,CREDIT,RELIANCE DIGITAL,UPI474787,SYNTH-INV-001581
SYNTH-LEDGER-001582,2026-07-28 20:45:00,445.85,DEBIT,FLIPKART,UPI865048,SYNTH-INV-001582
SYNTH-LEDGER-001583,2026-07-21 17:28:00,3033.08,CREDIT,MYNTRA PAY,UPI945889,SYNTH-INV-001583
SYNTH-LEDGER-001584,2026-05-30 18:07:00,296.49,CREDIT,IRCTC,UPI-119778,SYNTH-INV-001584
SYNTH-LEDGER-001585,2026-06-23 18:08:00,339.02,CREDIT,IRCTC E-TICKETING,UPI704379,SYNTH-INV-001585
SYNTH-LEDGER-001586,2026-05-27 08:56:00,634.51,DEBIT,Uber Technologies,UPI964841,SYNTH-INV-001586
SYNTH-LEDGER-001587,2026-06-30 11:23:00,2841.19,CREDIT,Big Basket,UPI171167,SYNTH-INV-001587
SYNTH-LEDGER-001588,2026-05-16 03:18:00,2099.91,DEBIT,APOLLO PHARMACY,UPI616582,SYNTH-INV-001588
SYNTH-LEDGER-001589,2026-05-29 07:52:00,2437.65,DEBIT,Uber Technologies,UPI-282974,SYNTH-INV-001589
SYNTH-LEDGER-001590,2026-07-12 21:58:00,1507.04,DEBIT,ZOMATO,UPI-728286,SYNTH-INV-001590
SYNTH-LEDGER-001591,2026-06-29 09:07:00,382.46,DEBIT,AMAZON,UPI374589,SYNTH-INV-001591
SYNTH-LEDGER-001592,2026-07-20 19:34:00,4111.42,DEBIT,CROMA RETAIL,UPI389718,SYNTH-INV-001592
SYNTH-LEDGER-001593,2026-07-07 21:48:00,811.18,DEBIT,Apollo Pharmacy Ltd,UPI435587,SYNTH-INV-001593
SYNTH-LEDGER-001594,2026-07-29 21:18:00,2740.02,CREDIT,UBER,UPI535006,SYNTH-INV-001594
SYNTH-LEDGER-001595,2026-07-11 11:00:00,1410.08,CREDIT,CROMA RETAIL,UPI-165800,SYNTH-INV-001595
SYNTH-LEDGER-001596,2026-06-05 21:36:00,746.8,DEBIT,BIGBASKET INDIA,UPI-162375,SYNTH-INV-001596
SYNTH-LEDGER-001597,2026-06-18 15:29:00,586.84,CREDIT,MYNTRA,UPI790162,SYNTH-INV-001597
SYNTH-LEDGER-001598,2026-05-08 21:35:00,746.09,CREDIT,Apollo Pharmacy Ltd,UPI622830,SYNTH-INV-001598
SYNTH-LEDGER-001599,2026-07-28 11:49:00,3874.1,CREDIT,SWIGGY,UPI275147,SYNTH-INV-001599
SYNTH-LEDGER-001600,2026-06-05 04:46:00,5673.41,DEBIT,URBAN COMPANY,UPI241268,SYNTH-INV-001600
SYNTH-LEDGER-001601,2026-06-29 22:07:00,2058.81,DEBIT,Reliance Retail Ltd,UPI434324,SYNTH-INV-001601
SYNTH-LEDGER-001602,2026-07-11 12:49:00,3005.41,CREDIT,Flipkart Internet,UPI389295,SYNTH-INV-001602
SYNTH-LEDGER-001603,2026-06-05 18:36:00,1142.35,CREDIT,IRCTC E-TICKETING,UPI671442,SYNTH-INV-001603
SYNTH-LEDGER-001604,2026-06-05 09:40:00,2984.92,CREDIT,IRCTC RAIL,UPI923444,SYNTH-INV-001604
SYNTH-LEDGER-001605,2026-07-07 05:43:00,2015.33,CREDIT,Decathlon Sports,UPI506838,SYNTH-INV-001605
SYNTH-LEDGER-001606,2026-07-18 01:04:00,803.62,CREDIT,OLA,UPI706280,SYNTH-INV-001606
SYNTH-LEDGER-001607,2026-06-01 09:11:00,1065.24,CREDIT,Apollo Pharmacy Ltd,UPI617933,SYNTH-INV-001607
SYNTH-LEDGER-001608,2026-07-15 09:01:00,2047.55,CREDIT,APOLLO PHARMACY,UPI207489,SYNTH-INV-001608
SYNTH-LEDGER-001609,2026-06-03 17:43:00,1104.6,CREDIT,AMAZON,UPI-391093,SYNTH-INV-001609
SYNTH-LEDGER-001610,2026-07-29 05:40:00,844.58,DEBIT,CROMA RETAIL,UPI-284249,SYNTH-INV-001610
SYNTH-LEDGER-001611,2026-07-18 17:01:00,2114.4,CREDIT,OLA,UPI-126768,SYNTH-INV-001611
SYNTH-LEDGER-001612,2026-07-10 09:31:00,3329.63,CREDIT,Flipkart Internet,UPI944744,SYNTH-INV-001612
SYNTH-LEDGER-001613,2026-07-03 07:37:00,2287.34,CREDIT,NYKAA,UPI369089,SYNTH-INV-001613
SYNTH-LEDGER-001614,2026-07-26 18:07:00,612.53,CREDIT,BOOKMYSHOW,UPI172252,SYNTH-INV-001614
SYNTH-LEDGER-001615,2026-05-28 06:11:00,1992.55,CREDIT,UBER INDIA,UPI-845238,SYNTH-INV-001615
SYNTH-LEDGER-001616,2026-07-06 09:27:00,2654.5,CREDIT,Croma Electronics,UPI930713,SYNTH-INV-001616
SYNTH-LEDGER-001617,2026-05-20 07:20:00,1165.42,CREDIT,Apollo Pharmacy Ltd,UPI-559591,SYNTH-INV-001617
SYNTH-LEDGER-001618,2026-05-03 11:13:00,1690.97,DEBIT,Urban Company India,UPI756717,SYNTH-INV-001618
SYNTH-LEDGER-001619,2026-05-19 08:18:00,1559.9,DEBIT,METRO CASH & CARRY,UPI-201380,SYNTH-INV-001619
SYNTH-LEDGER-001620,2026-06-07 17:29:00,1895.75,CREDIT,ZOMATO,UPI905986,SYNTH-INV-001620
SYNTH-LEDGER-001621,2026-06-15 06:07:00,544.53,CREDIT,IRCTC E-TICKETING,UPI536154,SYNTH-INV-001621
SYNTH-LEDGER-001622,2026-07-18 07:18:00,1171.95,CREDIT,SWIGGY*BLR,UPI207667,SYNTH-INV-001622
SYNTH-LEDGER-001623,2026-05-11 21:53:00,716.82,CREDIT,DOMINOS INDIA,UPI898765,SYNTH-INV-001623
SYNTH-LEDGER-001625,2026-06-07 04:51:00,1036.35,CREDIT,IRCTC E-TICKETING,UPI-214130,SYNTH-INV-001625
SYNTH-LEDGER-001626,2026-07-15 23:13:00,1806.82,CREDIT,UBER INDIA,UPI381371,SYNTH-INV-001626
SYNTH-LEDGER-001627,2026-07-27 23:35:00,537.9,CREDIT,Decathlon Sports,UPI172059,SYNTH-INV-001627
SYNTH-LEDGER-001629,2026-06-18 23:49:00,747.51,DEBIT,SWIGGY*BLR,UPI884768,SYNTH-INV-001629
SYNTH-LEDGER-001630,2026-06-09 04:00:00,1581.52,CREDIT,DECATHLON,UPI553409,SYNTH-INV-001630
SYNTH-LEDGER-001631,2026-07-15 11:15:00,3133.3,CREDIT,Decathlon Sports,UPI369379,SYNTH-INV-001631
SYNTH-LEDGER-001633,2026-06-27 17:04:00,1870.44,CREDIT,CROMA,UPI363925,SYNTH-INV-001633
SYNTH-LEDGER-001634,2026-07-23 17:50:00,525.88,CREDIT,Ola Mobility,UPI871139,SYNTH-INV-001634
SYNTH-LEDGER-001636,2026-05-29 03:13:00,875.19,CREDIT,METRO INDIA,UPI596324,SYNTH-INV-001636
SYNTH-LEDGER-001637,2026-07-27 03:39:00,1298.19,CREDIT,Urban Company India,UPI507025,SYNTH-INV-001637
SYNTH-LEDGER-001638,2026-07-17 09:11:00,1061.45,CREDIT,NYKAA,UPI786764,SYNTH-INV-001638
SYNTH-LEDGER-001639,2026-07-12 06:02:00,1633.02,DEBIT,NYKAA,UPI-711130,SYNTH-INV-001639
SYNTH-LEDGER-001640,2026-06-12 08:53:00,3618.56,CREDIT,METRO INDIA,UPI471478,SYNTH-INV-001640
SYNTH-LEDGER-001641,2026-06-09 10:15:00,511.56,CREDIT,AMAZON,UPI970948,SYNTH-INV-001641
SYNTH-LEDGER-001642,2026-06-15 17:24:00,872.85,DEBIT,NYKAA.COM,UPI278069,SYNTH-INV-001642
SYNTH-LEDGER-001643,2026-06-19 05:49:00,1845.25,DEBIT,IRCTC RAIL,UPI690152,SYNTH-INV-001643
SYNTH-LEDGER-001644,2026-06-29 09:01:00,374.1,CREDIT,Zomato Ltd,UPI620120,SYNTH-INV-001644
SYNTH-LEDGER-001645,2026-05-05 15:44:00,1457.47,CREDIT,Croma Electronics,UPI552820,SYNTH-INV-001645
SYNTH-LEDGER-001647,2026-06-05 06:51:00,1902.03,CREDIT,Reliance Retail Ltd,UPI308567,SYNTH-INV-001647
SYNTH-LEDGER-001648,2026-05-26 14:27:00,569.86,CREDIT,RELIANCE RETAIL,UPI847916,SYNTH-INV-001648
SYNTH-LEDGER-001650,2026-07-25 03:48:00,2066.13,DEBIT,ZOMATO*BANGALORE,UPI-204471,SYNTH-INV-001650
SYNTH-LEDGER-001651,2026-06-18 23:25:00,1705.76,DEBIT,SWIGGY,UPI938531,SYNTH-INV-001651
SYNTH-LEDGER-001652,2026-06-24 20:09:00,1372.01,DEBIT,UBER INDIA,UPI-144846,SYNTH-INV-001652
SYNTH-LEDGER-001653,2026-07-23 02:45:00,816.25,CREDIT,Myntra Designs,UPI116456,SYNTH-INV-001653
SYNTH-LEDGER-001654,2026-06-24 06:16:00,1835.15,CREDIT,MYNTRA PAY,UPI640941,SYNTH-INV-001654
SYNTH-LEDGER-001655,2026-06-16 17:19:00,1922.05,CREDIT,Ola Mobility,UPI874152,SYNTH-INV-001655
SYNTH-LEDGER-001656,2026-06-15 10:36:00,1315.36,CREDIT,CROMA RETAIL,UPI-658956,SYNTH-INV-001656
SYNTH-LEDGER-001657,2026-07-30 07:28:00,1719.5,CREDIT,BIGBASKET INDIA,UPI595436,SYNTH-INV-001657
SYNTH-LEDGER-001658,2026-06-03 07:04:00,1861.96,CREDIT,ZOMATO,UPI147496,SYNTH-INV-001658
SYNTH-LEDGER-001659,2026-07-14 06:05:00,785.39,DEBIT,UBER INDIA,UPI756570,SYNTH-INV-001659
SYNTH-LEDGER-001660,2026-06-08 15:34:00,684.46,DEBIT,BIGBASKET INDIA,UPI134218,SYNTH-INV-001660
SYNTH-LEDGER-001661,2026-06-27 10:47:00,6428.77,DEBIT,OLA,UPI-307605,SYNTH-INV-001661
SYNTH-LEDGER-001662,2026-05-11 11:21:00,2878.39,CREDIT,MYNTRA,UPI358702,SYNTH-INV-001662
SYNTH-LEDGER-001663,2026-07-16 11:27:00,1172.12,DEBIT,CROMA RETAIL,UPI407712,SYNTH-INV-001663
SYNTH-LEDGER-001664,2026-06-19 23:27:00,2437.89,CREDIT,Nykaa E-Retail,UPI420925,SYNTH-INV-001664
SYNTH-LEDGER-001665,2026-06-21 19:12:00,1434.89,CREDIT,DOMINOS,UPI739171,SYNTH-INV-001665
SYNTH-LEDGER-001666,2026-07-01 08:48:00,680.0,DEBIT,METRO CASH & CARRY,UPI-907140,SYNTH-INV-001666
SYNTH-LEDGER-001667,2026-07-26 06:53:00,5726.02,CREDIT,Croma Electronics,UPI880386,SYNTH-INV-001667
SYNTH-LEDGER-001668,2026-06-03 11:51:00,959.33,CREDIT,Zomato Ltd,UPI845101,SYNTH-INV-001668
SYNTH-LEDGER-001669,2026-06-01 22:00:00,783.26,DEBIT,Myntra Designs,UPI665112,SYNTH-INV-001669
SYNTH-LEDGER-001670,2026-06-06 09:27:00,1683.91,CREDIT,Flipkart Internet,UPI671404,SYNTH-INV-001670
SYNTH-LEDGER-001671,2026-05-02 04:14:00,2392.11,CREDIT,BIGBASKET INDIA,UPI-241133,SYNTH-INV-001671
SYNTH-LEDGER-001672,2026-06-18 11:14:00,5077.5,CREDIT,Apollo Pharmacy Ltd,UPI534136,SYNTH-INV-001672
SYNTH-LEDGER-001673,2026-06-23 16:33:00,1022.95,CREDIT,IRCTC,UPI537559,SYNTH-INV-001673
SYNTH-LEDGER-001674,2026-05-05 07:11:00,1814.18,CREDIT,SWIGGY*BLR,UPI386382,SYNTH-INV-001674
SYNTH-LEDGER-001675,2026-06-29 19:00:00,1033.37,CREDIT,Flipkart Internet,UPI155089,SYNTH-INV-001675
SYNTH-LEDGER-001676,2026-06-18 15:44:00,688.8,CREDIT,Big Basket,UPI423407,SYNTH-INV-001676
SYNTH-LEDGER-001677,2026-06-29 23:30:00,838.26,CREDIT,BMS,UPI-131078,SYNTH-INV-001677
SYNTH-LEDGER-001678,2026-07-18 11:57:00,1372.99,DEBIT,Amazon India,UPI-246132,SYNTH-INV-001678
SYNTH-LEDGER-001679,2026-06-28 05:35:00,2557.21,CREDIT,FLIPKART,UPI783934,SYNTH-INV-001679
SYNTH-LEDGER-001681,2026-06-24 11:18:00,2615.89,CREDIT,OLA CABS,UPI718270,SYNTH-INV-001681
SYNTH-LEDGER-001682,2026-05-05 19:31:00,1489.29,DEBIT,AMAZON PAY,UPI329937,SYNTH-INV-001682
SYNTH-LEDGER-001683,2026-07-14 22:14:00,1152.18,CREDIT,DECATHLON INDIA,UPI878197,SYNTH-INV-001683
SYNTH-LEDGER-001684,2026-05-01 20:17:00,4370.51,CREDIT,OLA,UPI684178,SYNTH-INV-001684
SYNTH-LEDGER-001685,2026-05-02 09:00:00,1054.0,CREDIT,DOMINOS,UPI-583369,SYNTH-INV-001685
SYNTH-LEDGER-001686,2026-07-29 10:36:00,522.24,CREDIT,Myntra Designs,UPI972150,SYNTH-INV-001686
SYNTH-LEDGER-001687,2026-05-13 02:08:00,3416.06,CREDIT,Amazon India,UPI322969,SYNTH-INV-001687
SYNTH-LEDGER-001688,2026-06-24 15:29:00,3418.33,CREDIT,DOMINOS,UPI-953894,SYNTH-INV-001688
SYNTH-LEDGER-001689,2026-06-01 07:46:00,2668.63,CREDIT,UBER,UPI133804,SYNTH-INV-001689
SYNTH-LEDGER-001690,2026-05-30 01:11:00,1536.98,DEBIT,FLIPKART,UPI-345299,SYNTH-INV-001690
SYNTH-LEDGER-001691,2026-07-23 12:17:00,1602.69,CREDIT,ZOMATO*BANGALORE,UPI544749,SYNTH-INV-001691
SYNTH-LEDGER-001692,2026-05-23 07:04:00,2051.43,CREDIT,Myntra Designs,UPI-900326,SYNTH-INV-001692
SYNTH-LEDGER-001693,2026-07-29 01:51:00,1117.13,DEBIT,UBER,UPI131979,SYNTH-INV-001693
SYNTH-LEDGER-001694,2026-06-30 21:04:00,1500.34,CREDIT,DOMINOS INDIA,UPI268858,SYNTH-INV-001694
SYNTH-LEDGER-001695,2026-06-26 00:24:00,5558.28,CREDIT,APOLLO,UPI799188,SYNTH-INV-001695
SYNTH-LEDGER-001696,2026-05-12 20:27:00,1289.47,CREDIT,Nykaa E-Retail,UPI180438,SYNTH-INV-001696
SYNTH-LEDGER-001697,2026-06-21 16:24:00,1098.65,CREDIT,AMAZON,UPI393969,SYNTH-INV-001697
SYNTH-LEDGER-001698,2026-07-11 17:06:00,307.13,CREDIT,DOMINOS,UPI-519849,SYNTH-INV-001698
SYNTH-LEDGER-001699,2026-05-22 05:00:00,880.34,CREDIT,IRCTC RAIL,UPI-201593,SYNTH-INV-001699
SYNTH-LEDGER-001700,2026-05-20 06:34:00,3663.0,CREDIT,Reliance Retail Ltd,UPI-624156,SYNTH-INV-001700
SYNTH-LEDGER-001702,2026-05-13 04:26:00,1012.19,CREDIT,CROMA,UPI447196,SYNTH-INV-001702
SYNTH-LEDGER-001703,2026-05-03 18:52:00,497.92,CREDIT,IRCTC RAIL,UPI-181944,SYNTH-INV-001703
SYNTH-LEDGER-001704,2026-06-11 20:13:00,287.98,DEBIT,BOOKMYSHOW,UPI822380,SYNTH-INV-001704
SYNTH-LEDGER-001705,2026-07-07 22:34:00,1592.46,DEBIT,Urban Company India,UPI707845,SYNTH-INV-001705
SYNTH-LEDGER-001706,2026-05-12 16:57:00,861.69,CREDIT,CROMA,UPI118793,SYNTH-INV-001706
SYNTH-LEDGER-001707,2026-07-07 08:29:00,1036.92,CREDIT,ZOMATO*BANGALORE,UPI-532403,SYNTH-INV-001707
SYNTH-LEDGER-001708,2026-06-18 17:52:00,1490.99,CREDIT,BIGBASKET,UPI463929,SYNTH-INV-001708
SYNTH-LEDGER-001709,2026-06-30 11:18:00,5494.82,CREDIT,IRCTC E-TICKETING,UPI253145,SYNTH-INV-001709
SYNTH-LEDGER-001710,2026-06-06 12:18:00,625.28,DEBIT,IRCTC,UPI813233,SYNTH-INV-001710
SYNTH-LEDGER-001711,2026-06-11 08:27:00,834.96,DEBIT,APOLLO,UPI-472522,SYNTH-INV-001711
SYNTH-LEDGER-001712,2026-05-13 17:36:00,1401.39,CREDIT,ZOMATO,UPI-243600,SYNTH-INV-001712
SYNTH-LEDGER-001713,2026-07-22 11:15:00,552.15,CREDIT,METRO INDIA,UPI635984,SYNTH-INV-001713
SYNTH-LEDGER-001715,2026-05-10 09:08:00,1407.19,CREDIT,UBER INDIA,UPI608560,SYNTH-INV-001715
SYNTH-LEDGER-001716,2026-07-27 12:56:00,1228.6,CREDIT,ZOMATO,UPI159974,SYNTH-INV-001716
SYNTH-LEDGER-001717,2026-05-15 02:30:00,274.33,CREDIT,OLA CABS,UPI-818271,SYNTH-INV-001717
SYNTH-LEDGER-001718,2026-06-24 00:26:00,310.45,CREDIT,FLIPKART PAY,UPI-530641,SYNTH-INV-001718
SYNTH-LEDGER-001719,2026-05-22 13:13:00,1621.08,CREDIT,AMAZON PAY,UPI654447,SYNTH-INV-001719
SYNTH-LEDGER-001720,2026-07-12 15:28:00,3165.56,CREDIT,Big Basket,UPI896832,SYNTH-INV-001720
SYNTH-LEDGER-001721,2026-06-22 08:53:00,223.03,CREDIT,Apollo Pharmacy Ltd,UPI-603541,SYNTH-INV-001721
SYNTH-LEDGER-001722,2026-06-24 09:34:00,1051.27,CREDIT,Flipkart Internet,UPI955890,SYNTH-INV-001722
SYNTH-LEDGER-001723,2026-05-12 21:10:00,1799.34,DEBIT,BOOKMYSHOW.COM,UPI-281291,SYNTH-INV-001723
SYNTH-LEDGER-001724,2026-05-03 16:02:00,790.81,DEBIT,AMAZON,UPI809671,SYNTH-INV-001724
SYNTH-LEDGER-001725,2026-07-14 10:56:00,4645.26,DEBIT,Decathlon Sports,UPI-632665,SYNTH-INV-001725
SYNTH-LEDGER-001726,2026-06-17 09:33:00,822.68,DEBIT,Ola Mobility,UPI877089,SYNTH-INV-001726
SYNTH-LEDGER-001727,2026-07-21 01:07:00,938.0,CREDIT,ZOMATO*BANGALORE,UPI777694,SYNTH-INV-001727
SYNTH-LEDGER-001728,2026-06-23 03:23:00,2614.96,DEBIT,DOMINO'S PIZZA,UPI888259,SYNTH-INV-001728
SYNTH-LEDGER-001729,2026-05-17 10:47:00,525.26,CREDIT,AMAZON,UPI593742,SYNTH-INV-001729
SYNTH-LEDGER-001730,2026-07-16 19:27:00,3430.4,CREDIT,AMAZON PAY,UPI-451098,SYNTH-INV-001730
SYNTH-LEDGER-001731,2026-07-06 04:21:00,2633.23,CREDIT,NYKAA,UPI-456070,SYNTH-INV-001731
SYNTH-LEDGER-001732,2026-07-21 01:50:00,1448.28,CREDIT,Uber Technologies,UPI639170,SYNTH-INV-001732
SYNTH-LEDGER-001733,2026-07-13 05:14:00,774.51,DEBIT,CROMA,UPI-346568,SYNTH-INV-001733
SYNTH-LEDGER-001734,2026-05-24 08:56:00,1821.13,CREDIT,ZOMATO*BANGALORE,UPI221856,SYNTH-INV-001734
SYNTH-LEDGER-001735,2026-05-17 22:56:00,3613.36,CREDIT,NYKAA.COM,UPI-388639,SYNTH-INV-001735
SYNTH-LEDGER-001736,2026-07-11 12:48:00,514.4,CREDIT,RELIANCE RETAIL,UPI448678,SYNTH-INV-001736
SYNTH-LEDGER-001737,2026-05-07 10:58:00,910.48,CREDIT,IRCTC,UPI523010,SYNTH-INV-001737
SYNTH-LEDGER-001738,2026-07-09 03:15:00,169.99,DEBIT,METRO INDIA,UPI-594508,SYNTH-INV-001738
SYNTH-LEDGER-001739,2026-05-03 09:55:00,1233.03,CREDIT,METRO INDIA,UPI642894,SYNTH-INV-001739
SYNTH-LEDGER-001740,2026-05-14 12:34:00,2794.24,CREDIT,BOOKMYSHOW,UPI749713,SYNTH-INV-001740
SYNTH-LEDGER-001741,2026-05-03 14:24:00,1950.07,CREDIT,Flipkart Internet,UPI339047,SYNTH-INV-001741
SYNTH-LEDGER-001742,2026-06-18 07:41:00,2022.26,CREDIT,OLA,UPI132454,SYNTH-INV-001742
SYNTH-LEDGER-001743,2026-07-08 01:15:00,6968.67,CREDIT,URBANCLAP,UPI571556,SYNTH-INV-001743
SYNTH-LEDGER-001744,2026-05-22 20:59:00,834.75,CREDIT,MYNTRA,UPI884175,SYNTH-INV-001744
SYNTH-LEDGER-001745,2026-05-18 08:39:00,1063.47,DEBIT,FLIPKART PAY,UPI727217,SYNTH-INV-001745
SYNTH-LEDGER-001746,2026-07-04 16:49:00,936.18,DEBIT,OLA CABS,UPI-315030,SYNTH-INV-001746
SYNTH-LEDGER-001747,2026-06-10 05:46:00,482.86,CREDIT,METRO RETAIL,UPI340503,SYNTH-INV-001747
SYNTH-LEDGER-001748,2026-07-10 21:28:00,1020.52,CREDIT,CROMA RETAIL,UPI488173,SYNTH-INV-001748
SYNTH-LEDGER-001749,2026-05-21 03:11:00,437.48,CREDIT,BOOKMYSHOW,UPI-699914,SYNTH-INV-001749
SYNTH-LEDGER-001750,2026-05-07 23:53:00,3032.63,CREDIT,FLIPKART,UPI410039,SYNTH-INV-001750
SYNTH-LEDGER-001751,2026-07-07 18:23:00,1351.6,CREDIT,BIGBASKET,UPI885547,SYNTH-INV-001751
SYNTH-LEDGER-001752,2026-05-26 16:42:00,894.15,DEBIT,DOMINO'S PIZZA,UPI664337,SYNTH-INV-001752
SYNTH-LEDGER-001753,2026-07-26 15:25:00,730.2,CREDIT,NYKAA,UPI633334,SYNTH-INV-001753
SYNTH-LEDGER-001754,2026-06-29 23:37:00,2457.1,CREDIT,BOOKMYSHOW,UPI224492,SYNTH-INV-001754
SYNTH-LEDGER-001755,2026-07-09 05:36:00,625.72,CREDIT,DOMINO'S PIZZA,UPI914108,SYNTH-INV-001755
SYNTH-LEDGER-001756,2026-06-09 20:20:00,1659.41,CREDIT,BOOKMYSHOW.COM,UPI242104,SYNTH-INV-001756
SYNTH-LEDGER-001757,2026-05-31 01:11:00,668.03,CREDIT,BOOKMYSHOW,UPI293975,SYNTH-INV-001757
SYNTH-LEDGER-001758,2026-06-21 08:40:00,220.54,CREDIT,ZOMATO,UPI102195,SYNTH-INV-001758
SYNTH-LEDGER-001759,2026-05-25 20:34:00,710.59,CREDIT,CROMA,UPI735713,SYNTH-INV-001759
SYNTH-LEDGER-001760,2026-05-16 10:42:00,2984.21,DEBIT,APOLLO,UPI792053,SYNTH-INV-001760
SYNTH-LEDGER-001761,2026-07-17 10:37:00,2720.25,CREDIT,Ola Mobility,UPI-451162,SYNTH-INV-001761
SYNTH-LEDGER-001762,2026-05-28 05:06:00,1662.65,DEBIT,IRCTC E-TICKETING,UPI749086,SYNTH-INV-001762
SYNTH-LEDGER-001763,2026-07-10 11:50:00,2661.64,CREDIT,METRO INDIA,UPI579242,SYNTH-INV-001763
SYNTH-LEDGER-001765,2026-07-28 07:01:00,1502.88,CREDIT,DECATHLON,UPI-243888,SYNTH-INV-001765
SYNTH-LEDGER-001766,2026-07-14 23:59:00,157.24,CREDIT,APOLLO,UPI227204,SYNTH-INV-001766
SYNTH-LEDGER-001767,2026-07-24 09:15:00,4251.04,DEBIT,UBER INDIA,UPI811226,SYNTH-INV-001767
SYNTH-LEDGER-001768,2026-05-14 06:56:00,2565.01,CREDIT,ZOMATO*BANGALORE,UPI321451,SYNTH-INV-001768
SYNTH-LEDGER-001769,2026-05-02 04:19:00,2976.7,CREDIT,METRO INDIA,UPI-877003,SYNTH-INV-001769
SYNTH-LEDGER-001770,2026-07-02 15:38:00,2213.01,DEBIT,DOMINO'S PIZZA,UPI503866,SYNTH-INV-001770
SYNTH-LEDGER-001771,2026-05-28 07:23:00,4180.41,CREDIT,NYKAA.COM,UPI181310,SYNTH-INV-001771
SYNTH-LEDGER-001772,2026-07-18 21:43:00,811.03,DEBIT,SWIGGY,UPI834573,SYNTH-INV-001772
SYNTH-LEDGER-001773,2026-07-22 03:48:00,4488.35,CREDIT,UBER,UPI292103,SYNTH-INV-001773
SYNTH-LEDGER-001774,2026-07-23 23:51:00,392.83,CREDIT,Amazon India,UPI120900,SYNTH-INV-001774
SYNTH-LEDGER-001775,2026-07-22 23:03:00,1112.94,CREDIT,Reliance Retail Ltd,UPI183071,SYNTH-INV-001775
SYNTH-LEDGER-001776,2026-05-30 23:38:00,315.25,CREDIT,SWIGGY,UPI-604603,SYNTH-INV-001776
SYNTH-LEDGER-001777,2026-05-11 08:38:00,461.34,CREDIT,DOMINOS INDIA,UPI113578,SYNTH-INV-001777
SYNTH-LEDGER-001778,2026-05-07 06:47:00,1392.53,CREDIT,Croma Electronics,UPI506715,SYNTH-INV-001778
SYNTH-LEDGER-001779,2026-06-05 18:05:00,269.47,CREDIT,Amazon India,UPI118881,SYNTH-INV-001779
SYNTH-LEDGER-001780,2026-05-26 04:17:00,2743.98,CREDIT,Zomato Ltd,UPI-852595,SYNTH-INV-001780
SYNTH-LEDGER-001781,2026-07-29 22:15:00,3434.8,DEBIT,IRCTC RAIL,UPI597753,SYNTH-INV-001781
SYNTH-LEDGER-001782,2026-06-13 09:58:00,768.78,CREDIT,Amazon India,UPI432591,SYNTH-INV-001782
SYNTH-LEDGER-001783,2026-06-02 15:42:00,2481.94,CREDIT,ZOMATO,UPI227046,SYNTH-INV-001783
SYNTH-LEDGER-001784,2026-05-20 20:13:00,1695.73,CREDIT,Flipkart Internet,UPI216804,SYNTH-INV-001784
SYNTH-LEDGER-001785,2026-06-21 08:51:00,3353.87,CREDIT,ZOMATO,UPI213883,SYNTH-INV-001785
SYNTH-LEDGER-001786,2026-07-24 05:12:00,3550.39,CREDIT,IRCTC RAIL,UPI402037,SYNTH-INV-001786
SYNTH-LEDGER-001787,2026-05-11 22:34:00,1812.41,CREDIT,BOOKMYSHOW,UPI-112395,SYNTH-INV-001787
SYNTH-LEDGER-001788,2026-06-24 04:41:00,845.76,CREDIT,IRCTC RAIL,UPI837972,SYNTH-INV-001788
SYNTH-LEDGER-001789,2026-06-29 23:16:00,1373.18,CREDIT,BOOKMYSHOW.COM,UPI175029,SYNTH-INV-001789
SYNTH-LEDGER-001790,2026-07-14 04:09:00,1064.24,CREDIT,URBANCLAP,UPI-515461,SYNTH-INV-001790
SYNTH-LEDGER-001791,2026-07-27 16:37:00,1102.29,CREDIT,Zomato Ltd,UPI329223,SYNTH-INV-001791
SYNTH-LEDGER-001792,2026-07-06 02:29:00,1858.62,CREDIT,CROMA RETAIL,UPI576432,SYNTH-INV-001792
SYNTH-LEDGER-001793,2026-07-22 05:24:00,628.34,CREDIT,IRCTC E-TICKETING,UPI443376,SYNTH-INV-001793
SYNTH-LEDGER-001794,2026-06-15 03:56:00,1833.39,DEBIT,URBAN COMPANY,UPI232614,SYNTH-INV-001794
SYNTH-LEDGER-001795,2026-07-29 23:24:00,825.03,CREDIT,CROMA RETAIL,UPI656740,SYNTH-INV-001795
SYNTH-LEDGER-001796,2026-07-26 18:53:00,460.22,DEBIT,OLA,UPI525663,SYNTH-INV-001796
SYNTH-LEDGER-001797,2026-07-02 21:06:00,1840.34,CREDIT,Ola Mobility,UPI-331477,SYNTH-INV-001797
SYNTH-LEDGER-001798,2026-06-28 20:10:00,1833.07,CREDIT,UBER,UPI-209192,SYNTH-INV-001798
SYNTH-LEDGER-001799,2026-06-07 08:57:00,2013.91,CREDIT,METRO CASH & CARRY,UPI-725896,SYNTH-INV-001799
SYNTH-LEDGER-001800,2026-05-29 18:50:00,715.07,DEBIT,DECATHLON INDIA,UPI732021,SYNTH-INV-001800
SYNTH-LEDGER-001801,2026-06-19 10:24:00,3824.17,CREDIT,Urban Company India,UPI144859,SYNTH-INV-001801
SYNTH-LEDGER-001802,2026-05-06 12:30:00,3136.45,CREDIT,SWIGGY,UPI430977,SYNTH-INV-001802
SYNTH-LEDGER-001803,2026-07-02 11:15:00,2784.7,CREDIT,Swiggy India,UPI569894,SYNTH-INV-001803
SYNTH-LEDGER-001804,2026-07-22 16:13:00,225.68,CREDIT,Apollo Pharmacy Ltd,UPI-288383,SYNTH-INV-001804
SYNTH-LEDGER-001805,2026-07-18 18:28:00,2331.93,CREDIT,METRO CASH & CARRY,UPI879245,SYNTH-INV-001805
SYNTH-LEDGER-001806,2026-05-20 13:50:00,342.63,CREDIT,RELIANCE DIGITAL,UPI-457543,SYNTH-INV-001806
SYNTH-LEDGER-001807,2026-05-16 00:00:00,1048.38,CREDIT,OLA CABS,UPI-474976,SYNTH-INV-001807
SYNTH-LEDGER-001808,2026-06-06 12:42:00,355.96,CREDIT,URBAN COMPANY,UPI912346,SYNTH-INV-001808
SYNTH-LEDGER-001809,2026-06-22 06:45:00,961.75,CREDIT,URBAN COMPANY,UPI796058,SYNTH-INV-001809
SYNTH-LEDGER-001811,2026-06-13 16:00:00,4123.13,DEBIT,OLA,UPI771443,SYNTH-INV-001811
SYNTH-LEDGER-001812,2026-06-29 16:39:00,766.88,CREDIT,Big Basket,UPI672465,SYNTH-INV-001812
SYNTH-LEDGER-001813,2026-05-21 01:30:00,1579.71,CREDIT,UBER INDIA,UPI231521,SYNTH-INV-001813
SYNTH-LEDGER-001814,2026-05-27 19:15:00,568.21,DEBIT,Ola Mobility,UPI770960,SYNTH-INV-001814
SYNTH-LEDGER-001815,2026-05-03 19:15:00,3496.17,CREDIT,Apollo Pharmacy Ltd,UPI-126276,SYNTH-INV-001815
SYNTH-LEDGER-001816,2026-06-07 20:29:00,360.89,DEBIT,Croma Electronics,UPI-797331,SYNTH-INV-001816
SYNTH-LEDGER-001817,2026-06-09 05:01:00,1294.22,DEBIT,RELIANCE DIGITAL,UPI198275,SYNTH-INV-001817
SYNTH-LEDGER-001818,2026-07-28 17:03:00,1725.09,CREDIT,Nykaa E-Retail,UPI223129,SYNTH-INV-001818
SYNTH-LEDGER-001819,2026-07-19 19:20:00,3851.52,CREDIT,Uber Technologies,UPI395031,SYNTH-INV-001819
SYNTH-LEDGER-001820,2026-05-05 19:07:00,3574.54,DEBIT,Reliance Retail Ltd,UPI808775,SYNTH-INV-001820
SYNTH-LEDGER-001821,2026-06-05 12:11:00,749.46,DEBIT,UBER INDIA,UPI818239,SYNTH-INV-001821
SYNTH-LEDGER-001822,2026-07-09 07:15:00,1667.72,CREDIT,FLIPKART,UPI204366,SYNTH-INV-001822
SYNTH-LEDGER-001823,2026-07-01 20:58:00,697.74,CREDIT,UBER INDIA,UPI-908501,SYNTH-INV-001823
SYNTH-LEDGER-001824,2026-07-08 23:14:00,7299.57,CREDIT,Swiggy India,UPI327688,SYNTH-INV-001824
SYNTH-LEDGER-001825,2026-06-12 18:01:00,4503.44,DEBIT,URBAN COMPANY,UPI-306906,SYNTH-INV-001825
SYNTH-LEDGER-001826,2026-06-22 19:38:00,1791.69,DEBIT,BOOKMYSHOW.COM,UPI734431,SYNTH-INV-001826
SYNTH-LEDGER-001827,2026-06-02 14:33:00,1291.07,CREDIT,BMS,UPI585339,SYNTH-INV-001827
SYNTH-LEDGER-001828,2026-06-09 01:45:00,1561.3,CREDIT,Croma Electronics,UPI297045,SYNTH-INV-001828
SYNTH-LEDGER-001829,2026-05-14 22:55:00,592.82,CREDIT,DOMINO'S PIZZA,UPI760689,SYNTH-INV-001829
SYNTH-LEDGER-001830,2026-05-28 14:53:00,691.24,DEBIT,METRO CASH & CARRY,UPI885235,SYNTH-INV-001830
SYNTH-LEDGER-001831,2026-07-23 07:42:00,3128.34,CREDIT,UBER INDIA,UPI-703492,SYNTH-INV-001831
SYNTH-LEDGER-001832,2026-06-06 17:39:00,2365.21,DEBIT,DOMINO'S PIZZA,UPI382158,SYNTH-INV-001832
SYNTH-LEDGER-001833,2026-07-29 15:28:00,2224.82,CREDIT,URBANCLAP,UPI270814,SYNTH-INV-001833
SYNTH-LEDGER-001834,2026-05-07 16:21:00,825.63,CREDIT,IRCTC RAIL,UPI604482,SYNTH-INV-001834
SYNTH-LEDGER-001835,2026-05-10 20:08:00,704.68,CREDIT,CROMA RETAIL,UPI879572,SYNTH-INV-001835
SYNTH-LEDGER-001836,2026-06-18 05:46:00,4893.56,DEBIT,Reliance Retail Ltd,UPI-453077,SYNTH-INV-001836
SYNTH-LEDGER-001837,2026-06-29 01:57:00,771.15,CREDIT,DECATHLON,UPI195871,SYNTH-INV-001837
SYNTH-LEDGER-001838,2026-06-09 02:57:00,2904.94,DEBIT,BMS,UPI112034,SYNTH-INV-001838
SYNTH-LEDGER-001839,2026-06-20 17:47:00,984.24,CREDIT,APOLLO PHARMACY,UPI-408298,SYNTH-INV-001839
SYNTH-LEDGER-001840,2026-06-20 19:17:00,3574.21,CREDIT,Swiggy India,UPI296070,SYNTH-INV-001840
SYNTH-LEDGER-001841,2026-07-13 02:58:00,1644.91,CREDIT,Ola Mobility,UPI-403226,SYNTH-INV-001841
SYNTH-LEDGER-001842,2026-07-07 00:15:00,1098.72,CREDIT,UBER INDIA,UPI974895,SYNTH-INV-001842
SYNTH-LEDGER-001843,2026-06-12 08:26:00,2416.5,CREDIT,RELIANCE RETAIL,UPI568476,SYNTH-INV-001843
SYNTH-LEDGER-001844,2026-06-24 11:39:00,109.25,CREDIT,RELIANCE DIGITAL,UPI121410,SYNTH-INV-001844
SYNTH-LEDGER-001845,2026-05-15 23:37:00,753.32,CREDIT,IRCTC,UPI845448,SYNTH-INV-001845
SYNTH-LEDGER-001846,2026-06-28 12:18:00,790.22,CREDIT,Swiggy India,UPI-380840,SYNTH-INV-001846
SYNTH-LEDGER-001847,2026-07-15 15:04:00,1286.2,CREDIT,RELIANCE RETAIL,UPI100348,SYNTH-INV-001847
SYNTH-LEDGER-001848,2026-07-28 07:59:00,1049.98,DEBIT,RELIANCE DIGITAL,UPI-728560,SYNTH-INV-001848
SYNTH-LEDGER-001849,2026-06-16 00:09:00,299.2,CREDIT,Big Basket,UPI252464,SYNTH-INV-001849
SYNTH-LEDGER-001850,2026-05-07 04:46:00,2568.74,CREDIT,NYKAA.COM,UPI683836,SYNTH-INV-001850
SYNTH-LEDGER-001851,2026-05-15 06:12:00,1275.14,CREDIT,Nykaa E-Retail,UPI-502276,SYNTH-INV-001851
SYNTH-LEDGER-001852,2026-07-09 01:20:00,532.77,DEBIT,Nykaa E-Retail,UPI940944,SYNTH-INV-001852
SYNTH-LEDGER-001853,2026-05-19 22:21:00,4228.13,CREDIT,METRO CASH & CARRY,UPI899655,SYNTH-INV-001853
SYNTH-LEDGER-001854,2026-07-27 13:35:00,691.98,CREDIT,OLA,UPI-600202,SYNTH-INV-001854
SYNTH-LEDGER-001855,2026-05-14 12:35:00,1705.91,CREDIT,Apollo Pharmacy Ltd,UPI402001,SYNTH-INV-001855
SYNTH-LEDGER-001856,2026-06-08 01:52:00,2589.8,CREDIT,OLA CABS,UPI773405,SYNTH-INV-001856
SYNTH-LEDGER-001857,2026-07-20 04:10:00,820.06,CREDIT,DECATHLON,UPI979724,SYNTH-INV-001857
SYNTH-LEDGER-001858,2026-06-07 14:09:00,958.1,CREDIT,Reliance Retail Ltd,UPI860363,SYNTH-INV-001858
SYNTH-LEDGER-001860,2026-07-10 23:06:00,584.89,CREDIT,OLA CABS,UPI672524,SYNTH-INV-001860
SYNTH-LEDGER-001861,2026-06-17 15:29:00,2315.5,CREDIT,RELIANCE RETAIL,UPI372808,SYNTH-INV-001861
SYNTH-LEDGER-001862,2026-07-04 17:33:00,296.64,CREDIT,IRCTC,UPI213995,SYNTH-INV-001862
SYNTH-LEDGER-001863,2026-06-01 04:28:00,6087.14,DEBIT,Swiggy India,UPI546212,SYNTH-INV-001863
SYNTH-LEDGER-001864,2026-07-12 18:23:00,630.64,CREDIT,NYKAA,UPI461487,SYNTH-INV-001864
SYNTH-LEDGER-001865,2026-05-07 06:57:00,968.31,CREDIT,FLIPKART PAY,UPI149610,SYNTH-INV-001865
SYNTH-LEDGER-001866,2026-05-19 16:08:00,860.9,CREDIT,Big Basket,UPI318392,SYNTH-INV-001866
SYNTH-LEDGER-001867,2026-05-23 14:00:00,2956.01,CREDIT,CROMA,UPI719799,SYNTH-INV-001867
SYNTH-LEDGER-001868,2026-05-19 22:24:00,3406.74,DEBIT,Swiggy India,UPI272852,SYNTH-INV-001868
SYNTH-LEDGER-001869,2026-05-26 12:32:00,1076.59,CREDIT,Urban Company India,UPI597673,SYNTH-INV-001869
SYNTH-LEDGER-001870,2026-06-21 01:15:00,673.22,CREDIT,METRO INDIA,UPI457197,SYNTH-INV-001870
SYNTH-LEDGER-001871,2026-06-06 03:45:00,1659.77,CREDIT,RELIANCE RETAIL,UPI-354345,SYNTH-INV-001871
SYNTH-LEDGER-001872,2026-05-23 15:33:00,1706.3,CREDIT,Uber Technologies,UPI645984,SYNTH-INV-001872
SYNTH-LEDGER-001873,2026-05-09 22:09:00,1365.9,CREDIT,BIGBASKET,UPI579365,SYNTH-INV-001873
SYNTH-LEDGER-001874,2026-05-17 11:31:00,2148.87,DEBIT,Uber Technologies,UPI-410459,SYNTH-INV-001874
SYNTH-LEDGER-001875,2026-05-18 04:14:00,3174.97,CREDIT,Flipkart Internet,UPI241531,SYNTH-INV-001875
SYNTH-LEDGER-001876,2026-05-19 11:59:00,1924.48,CREDIT,DECATHLON,UPI-617432,SYNTH-INV-001876
SYNTH-LEDGER-001877,2026-05-15 11:35:00,2199.22,CREDIT,Zomato Ltd,UPI117432,SYNTH-INV-001877
SYNTH-LEDGER-001878,2026-07-28 03:12:00,1337.19,CREDIT,FLIPKART,UPI987490,SYNTH-INV-001878
SYNTH-LEDGER-001879,2026-07-27 08:05:00,397.57,DEBIT,RELIANCE RETAIL,UPI209770,SYNTH-INV-001879
SYNTH-LEDGER-001880,2026-07-07 18:03:00,1165.62,CREDIT,FLIPKART PAY,UPI174255,SYNTH-INV-001880
SYNTH-LEDGER-001881,2026-05-13 09:21:00,1659.99,CREDIT,BOOKMYSHOW,UPI960761,SYNTH-INV-001881
SYNTH-LEDGER-001882,2026-07-25 14:11:00,1027.21,CREDIT,Amazon India,UPI700288,SYNTH-INV-001882
SYNTH-LEDGER-001883,2026-05-15 20:33:00,440.05,CREDIT,Urban Company India,UPI791034,SYNTH-INV-001883
SYNTH-LEDGER-001884,2026-05-20 11:24:00,3460.69,CREDIT,BIGBASKET,UPI-623791,SYNTH-INV-001884
SYNTH-LEDGER-001885,2026-07-24 03:50:00,1101.6,CREDIT,SWIGGY*BLR,UPI621411,SYNTH-INV-001885
SYNTH-LEDGER-001886,2026-06-11 23:09:00,351.98,CREDIT,BMS,UPI-750753,SYNTH-INV-001886
SYNTH-LEDGER-001887,2026-06-09 15:33:00,2635.46,CREDIT,SWIGGY,UPI573600,SYNTH-INV-001887
SYNTH-LEDGER-001888,2026-06-06 22:11:00,1602.08,CREDIT,METRO CASH & CARRY,UPI424528,SYNTH-INV-001888
SYNTH-LEDGER-001889,2026-07-22 20:13:00,1088.91,CREDIT,OLA,UPI962583,SYNTH-INV-001889
SYNTH-LEDGER-001890,2026-05-10 17:17:00,624.37,DEBIT,URBAN COMPANY,UPI558065,SYNTH-INV-001890
SYNTH-LEDGER-001891,2026-06-05 14:17:00,1310.28,DEBIT,METRO RETAIL,UPI587335,SYNTH-INV-001891
SYNTH-LEDGER-001892,2026-05-08 17:18:00,198.84,DEBIT,APOLLO PHARMACY,UPI925583,SYNTH-INV-001892
SYNTH-LEDGER-001893,2026-05-22 14:38:00,815.97,DEBIT,METRO CASH & CARRY,UPI885563,SYNTH-INV-001893
SYNTH-LEDGER-001894,2026-06-14 13:04:00,296.89,CREDIT,RELIANCE RETAIL,UPI571541,SYNTH-INV-001894
SYNTH-LEDGER-001895,2026-07-01 02:05:00,1347.73,CREDIT,Apollo Pharmacy Ltd,UPI-961581,SYNTH-INV-001895
SYNTH-LEDGER-001896,2026-05-16 05:26:00,620.64,CREDIT,Reliance Retail Ltd,UPI666254,SYNTH-INV-001896
SYNTH-LEDGER-001897,2026-05-03 05:30:00,1384.45,CREDIT,CROMA RETAIL,UPI535460,SYNTH-INV-001897
SYNTH-LEDGER-001898,2026-07-01 03:10:00,1068.66,CREDIT,DECATHLON INDIA,UPI508853,SYNTH-INV-001898
SYNTH-LEDGER-001899,2026-07-29 21:30:00,3953.9,DEBIT,Urban Company India,UPI601032,SYNTH-INV-001899
SYNTH-LEDGER-001900,2026-05-08 04:32:00,544.44,CREDIT,Nykaa E-Retail,UPI457977,SYNTH-INV-001900
SYNTH-LEDGER-001901,2026-07-05 00:04:00,1476.18,CREDIT,CROMA,UPI642822,SYNTH-INV-001901
SYNTH-LEDGER-001902,2026-07-01 19:06:00,10157.96,CREDIT,Uber Technologies,UPI307561,SYNTH-INV-001902
SYNTH-LEDGER-001903,2026-05-07 02:25:00,2078.39,DEBIT,FLIPKART,UPI990922,SYNTH-INV-001903
SYNTH-LEDGER-001904,2026-07-17 06:05:00,2092.82,CREDIT,URBAN COMPANY,UPI-902442,SYNTH-INV-001904
SYNTH-LEDGER-001905,2026-07-08 01:45:00,1616.55,DEBIT,DOMINO'S PIZZA,UPI751951,SYNTH-INV-001905
SYNTH-LEDGER-001906,2026-06-27 17:45:00,1448.79,CREDIT,NYKAA.COM,UPI716324,SYNTH-INV-001906
SYNTH-LEDGER-001908,2026-06-05 15:53:00,713.2,DEBIT,DOMINOS,UPI497400,SYNTH-INV-001908
SYNTH-LEDGER-001909,2026-06-23 01:59:00,378.34,DEBIT,CROMA RETAIL,UPI983233,SYNTH-INV-001909
SYNTH-LEDGER-001910,2026-07-02 21:59:00,1324.08,CREDIT,NYKAA.COM,UPI359243,SYNTH-INV-001910
SYNTH-LEDGER-001911,2026-05-14 00:42:00,4053.2,CREDIT,Uber Technologies,UPI-109153,SYNTH-INV-001911
SYNTH-LEDGER-001912,2026-07-05 14:01:00,2057.76,DEBIT,ZOMATO*BANGALORE,UPI899622,SYNTH-INV-001912
SYNTH-LEDGER-001913,2026-07-11 00:02:00,370.07,CREDIT,SWIGGY*BLR,UPI113182,SYNTH-INV-001913
SYNTH-LEDGER-001914,2026-06-10 12:15:00,773.02,DEBIT,APOLLO,UPI-695088,SYNTH-INV-001914
SYNTH-LEDGER-001915,2026-05-22 05:01:00,1035.75,CREDIT,Flipkart Internet,UPI999603,SYNTH-INV-001915
SYNTH-LEDGER-001916,2026-06-27 11:32:00,1697.38,DEBIT,BOOKMYSHOW.COM,UPI649398,SYNTH-INV-001916
SYNTH-LEDGER-001917,2026-05-14 12:30:00,2104.42,DEBIT,METRO INDIA,UPI790833,SYNTH-INV-001917
SYNTH-LEDGER-001918,2026-05-04 00:08:00,502.75,CREDIT,IRCTC E-TICKETING,UPI550595,SYNTH-INV-001918
SYNTH-LEDGER-001919,2026-07-16 20:36:00,879.53,CREDIT,Flipkart Internet,UPI118529,SYNTH-INV-001919
SYNTH-LEDGER-001920,2026-05-08 09:30:00,667.03,DEBIT,DOMINOS,UPI483068,SYNTH-INV-001920
SYNTH-LEDGER-001921,2026-06-06 00:18:00,1480.33,CREDIT,ZOMATO*BANGALORE,UPI466695,SYNTH-INV-001921
SYNTH-LEDGER-001922,2026-05-08 05:31:00,460.02,DEBIT,OLA,UPI956657,SYNTH-INV-001922
SYNTH-LEDGER-001923,2026-07-12 22:54:00,785.88,DEBIT,RELIANCE DIGITAL,UPI883685,SYNTH-INV-001923
SYNTH-LEDGER-001925,2026-05-23 17:04:00,2084.71,CREDIT,IRCTC E-TICKETING,UPI730490,SYNTH-INV-001925
SYNTH-LEDGER-001926,2026-05-25 16:44:00,4075.64,CREDIT,IRCTC E-TICKETING,UPI-125005,SYNTH-INV-001926
SYNTH-LEDGER-001927,2026-05-14 01:16:00,4426.11,DEBIT,MYNTRA PAY,UPI-546733,SYNTH-INV-001927
SYNTH-LEDGER-001928,2026-05-06 13:26:00,682.61,DEBIT,URBAN COMPANY,UPI503111,SYNTH-INV-001928
SYNTH-LEDGER-001929,2026-05-06 14:26:00,550.79,CREDIT,SWIGGY,UPI863575,SYNTH-INV-001929
SYNTH-LEDGER-001930,2026-05-07 12:56:00,451.49,CREDIT,Urban Company India,UPI237843,SYNTH-INV-001930
SYNTH-LEDGER-001931,2026-05-11 17:59:00,983.9,CREDIT,Apollo Pharmacy Ltd,UPI388476,SYNTH-INV-001931
SYNTH-LEDGER-001932,2026-06-23 07:00:00,1928.66,CREDIT,URBANCLAP,UPI931727,SYNTH-INV-001932
SYNTH-LEDGER-001933,2026-06-15 11:30:00,499.49,DEBIT,ZOMATO,UPI463806,SYNTH-INV-001933
SYNTH-LEDGER-001934,2026-05-01 12:55:00,1302.71,CREDIT,BIGBASKET INDIA,UPI645679,SYNTH-INV-001934
SYNTH-LEDGER-001935,2026-05-09 04:31:00,4809.7,DEBIT,AMAZON PAY,UPI107154,SYNTH-INV-001935
SYNTH-LEDGER-001936,2026-06-13 18:21:00,263.62,CREDIT,FLIPKART,UPI-918096,SYNTH-INV-001936
SYNTH-LEDGER-001937,2026-05-26 02:56:00,2416.66,DEBIT,IRCTC E-TICKETING,UPI325631,SYNTH-INV-001937
SYNTH-LEDGER-001938,2026-05-28 05:34:00,2751.72,CREDIT,DECATHLON INDIA,UPI104457,SYNTH-INV-001938
SYNTH-LEDGER-001939,2026-06-28 06:35:00,852.72,CREDIT,SWIGGY*BLR,UPI121840,SYNTH-INV-001939
SYNTH-LEDGER-001940,2026-06-29 17:40:00,1293.39,CREDIT,SWIGGY*BLR,UPI991083,SYNTH-INV-001940
SYNTH-LEDGER-001941,2026-05-04 19:35:00,1938.01,DEBIT,DOMINO'S PIZZA,UPI-813474,SYNTH-INV-001941
SYNTH-LEDGER-001942,2026-07-15 19:10:00,822.14,DEBIT,Flipkart Internet,UPI-445787,SYNTH-INV-001942
SYNTH-LEDGER-001943,2026-07-21 03:30:00,555.17,DEBIT,NYKAA,UPI-643577,SYNTH-INV-001943
SYNTH-LEDGER-001944,2026-06-17 14:04:00,4013.03,DEBIT,RELIANCE RETAIL,UPI543098,SYNTH-INV-001944
SYNTH-LEDGER-001945,2026-07-24 04:01:00,675.98,CREDIT,NYKAA.COM,UPI362748,SYNTH-INV-001945
SYNTH-LEDGER-001946,2026-05-23 21:13:00,789.59,CREDIT,BOOKMYSHOW,UPI883685,SYNTH-INV-001946
SYNTH-LEDGER-001947,2026-05-08 20:03:00,847.32,DEBIT,RELIANCE RETAIL,UPI-749473,SYNTH-INV-001947
SYNTH-LEDGER-001948,2026-05-11 01:42:00,846.26,CREDIT,Amazon India,UPI-385948,SYNTH-INV-001948
SYNTH-LEDGER-001949,2026-07-08 10:27:00,879.01,CREDIT,APOLLO,UPI565093,SYNTH-INV-001949
SYNTH-LEDGER-001950,2026-06-16 21:33:00,3113.49,CREDIT,METRO RETAIL,UPI449576,SYNTH-INV-001950
SYNTH-LEDGER-001951,2026-07-01 05:21:00,250.08,CREDIT,Urban Company India,UPI-912647,SYNTH-INV-001951
SYNTH-LEDGER-001952,2026-05-04 12:52:00,2396.96,CREDIT,RELIANCE RETAIL,UPI-823397,SYNTH-INV-001952
SYNTH-LEDGER-001953,2026-07-25 07:10:00,1987.53,CREDIT,Decathlon Sports,UPI152350,SYNTH-INV-001953
SYNTH-LEDGER-001954,2026-06-25 01:30:00,3266.22,CREDIT,METRO RETAIL,UPI276751,SYNTH-INV-001954
SYNTH-LEDGER-001955,2026-05-19 17:43:00,1751.72,DEBIT,METRO RETAIL,UPI150985,SYNTH-INV-001955
SYNTH-LEDGER-001956,2026-06-09 09:31:00,1251.52,CREDIT,Croma Electronics,UPI-443402,SYNTH-INV-001956
SYNTH-LEDGER-001957,2026-07-27 09:37:00,1712.82,CREDIT,Zomato Ltd,UPI636511,SYNTH-INV-001957
SYNTH-LEDGER-001958,2026-07-07 03:47:00,860.76,CREDIT,CROMA,UPI837785,SYNTH-INV-001958
SYNTH-LEDGER-001959,2026-06-10 18:22:00,1964.0,DEBIT,RELIANCE DIGITAL,UPI477983,SYNTH-INV-001959
SYNTH-LEDGER-001960,2026-07-16 01:28:00,1301.46,DEBIT,AMAZON PAY,UPI509560,SYNTH-INV-001960
SYNTH-LEDGER-001961,2026-05-21 13:47:00,2510.67,DEBIT,Myntra Designs,UPI-472525,SYNTH-INV-001961
SYNTH-LEDGER-001962,2026-06-07 19:35:00,2154.88,DEBIT,BIGBASKET,UPI-523941,SYNTH-INV-001962
SYNTH-LEDGER-001963,2026-06-23 21:54:00,1910.21,CREDIT,UBER,UPI566881,SYNTH-INV-001963
SYNTH-LEDGER-001964,2026-07-28 21:47:00,1406.29,CREDIT,Reliance Retail Ltd,UPI-851329,SYNTH-INV-001964
SYNTH-LEDGER-001965,2026-05-04 15:02:00,2419.56,CREDIT,DECATHLON,UPI-777180,SYNTH-INV-001965
SYNTH-LEDGER-001966,2026-06-18 05:19:00,2077.76,CREDIT,OLA,UPI185547,SYNTH-INV-001966
SYNTH-LEDGER-001967,2026-06-17 00:57:00,1784.94,CREDIT,MYNTRA PAY,UPI364227,SYNTH-INV-001967
SYNTH-LEDGER-001968,2026-07-04 02:27:00,1783.55,CREDIT,ZOMATO,UPI-152224,SYNTH-INV-001968
SYNTH-LEDGER-001969,2026-07-11 03:17:00,788.75,CREDIT,ZOMATO*BANGALORE,UPI932700,SYNTH-INV-001969
SYNTH-LEDGER-001970,2026-05-24 14:09:00,388.71,CREDIT,RELIANCE DIGITAL,UPI324761,SYNTH-INV-001970
SYNTH-LEDGER-001971,2026-07-14 22:21:00,1809.29,CREDIT,AMAZON,UPI-947764,SYNTH-INV-001971
SYNTH-LEDGER-001972,2026-07-26 10:01:00,2253.96,CREDIT,FLIPKART PAY,UPI681803,SYNTH-INV-001972
SYNTH-LEDGER-001973,2026-05-23 01:56:00,847.11,CREDIT,METRO RETAIL,UPI773485,SYNTH-INV-001973
SYNTH-LEDGER-001974,2026-07-22 17:53:00,1165.1,CREDIT,Big Basket,UPI702593,SYNTH-INV-001974
SYNTH-LEDGER-001975,2026-07-24 10:00:00,1470.64,DEBIT,APOLLO,UPI842637,SYNTH-INV-001975
SYNTH-LEDGER-001976,2026-07-02 17:53:00,2956.02,CREDIT,BIGBASKET,UPI635551,SYNTH-INV-001976
SYNTH-LEDGER-001977,2026-06-15 12:06:00,10553.12,CREDIT,Flipkart Internet,UPI120930,SYNTH-INV-001977
SYNTH-LEDGER-001978,2026-06-15 23:06:00,430.0,CREDIT,Croma Electronics,UPI386980,SYNTH-INV-001978
SYNTH-LEDGER-001980,2026-06-05 18:47:00,1528.88,CREDIT,Flipkart Internet,UPI-607836,SYNTH-INV-001980
SYNTH-LEDGER-001981,2026-07-20 14:06:00,1704.48,CREDIT,Big Basket,UPI746106,SYNTH-INV-001981
SYNTH-LEDGER-001982,2026-05-09 23:40:00,771.93,CREDIT,Nykaa E-Retail,UPI728967,SYNTH-INV-001982
SYNTH-LEDGER-001983,2026-06-12 00:38:00,4137.79,CREDIT,SWIGGY*BLR,UPI557688,SYNTH-INV-001983
SYNTH-LEDGER-001984,2026-05-08 01:19:00,1171.14,CREDIT,Zomato Ltd,UPI-284427,SYNTH-INV-001984
SYNTH-LEDGER-001985,2026-05-26 23:52:00,1027.54,CREDIT,IRCTC RAIL,UPI-656818,SYNTH-INV-001985
SYNTH-LEDGER-001986,2026-06-23 08:25:00,475.18,CREDIT,Urban Company India,UPI807727,SYNTH-INV-001986
SYNTH-LEDGER-001987,2026-05-04 13:42:00,2252.11,CREDIT,BIGBASKET,UPI116940,SYNTH-INV-001987
SYNTH-LEDGER-001988,2026-07-27 16:53:00,3288.32,DEBIT,DOMINOS,UPI104004,SYNTH-INV-001988
SYNTH-LEDGER-001989,2026-06-14 03:44:00,802.12,DEBIT,BIGBASKET,UPI290249,SYNTH-INV-001989
SYNTH-LEDGER-001990,2026-05-12 04:31:00,6919.33,CREDIT,Croma Electronics,UPI401983,SYNTH-INV-001990
SYNTH-LEDGER-001991,2026-05-14 06:07:00,1238.04,CREDIT,DECATHLON,UPI169461,SYNTH-INV-001991
SYNTH-LEDGER-001992,2026-07-11 13:40:00,828.18,DEBIT,Nykaa E-Retail,UPI261687,SYNTH-INV-001992
SYNTH-LEDGER-001993,2026-05-09 20:08:00,511.82,CREDIT,Decathlon Sports,UPI936189,SYNTH-INV-001993
SYNTH-LEDGER-001994,2026-07-04 05:27:00,352.02,CREDIT,Myntra Designs,UPI-811750,SYNTH-INV-001994
SYNTH-LEDGER-001995,2026-07-02 07:37:00,3749.54,CREDIT,DECATHLON INDIA,UPI110742,SYNTH-INV-001995
SYNTH-LEDGER-001996,2026-06-25 01:25:00,4507.03,DEBIT,SWIGGY*BLR,UPI677778,SYNTH-INV-001996
SYNTH-LEDGER-001997,2026-05-31 12:21:00,1674.51,CREDIT,CROMA,UPI663423,SYNTH-INV-001997
SYNTH-LEDGER-001998,2026-05-13 23:26:00,2797.56,CREDIT,DOMINO'S PIZZA,UPI119380,SYNTH-INV-001998
SYNTH-LEDGER-001999,2026-05-16 06:18:00,179.07,CREDIT,AMAZON,UPI130743,SYNTH-INV-001999
