case_id,bank_txn_id,ledger_id,true_status,exception_type
SYNTH-CASE-000001,SYNTH-BANK-000001,SYNTH-LEDGER-000001,AMOUNT_MISMATCH,AMOUNT_MISMATCH
SYNTH-CASE-000002,SYNTH-BANK-000002,SYNTH-LEDGER-000002,MATCH,NONE
SYNTH-CASE-000003,SYNTH-BANK-000003,SYNTH-LEDGER-000003,MATCH,NONE
SYNTH-CASE-000004,SYNTH-BANK-000004,SYNTH-LEDGER-000004,MATCH,NONE
SYNTH-CASE-000005,SYNTH-BANK-000005,SYNTH-LEDGER-000005,MATCH,NONE
SYNTH-CASE-000006,SYNTH-BANK-000006,SYNTH-LEDGER-000006,MATCH,NONE
SYNTH-CASE-000007,SYNTH-BANK-000007,SYNTH-LEDGER-000007,MATCH,NONE
SYNTH-CASE-000008,SYNTH-BANK-000008,SYNTH-LEDGER-000008,MATCH,NONE
SYNTH-CASE-000009,SYNTH-BANK-000009,SYNTH-LEDGER-000009,DUPLICATE,DUPLICATE
SYNTH-CASE-000010,SYNTH-BANK-000010,SYNTH-LEDGER-000010,MATCH,NONE
SYNTH-CASE-000011,SYNTH-BANK-000011,SYNTH-LEDGER-000011,MATCH,NONE
SYNTH-CASE-000012,SYNTH-BANK-000012,SYNTH-LEDGER-000012,AMOUNT_MISMATCH,AMOUNT_MISMATCH
SYNTH-CASE-000013,SYNTH-BANK-000013,SYNTH-LEDGER-000013,DUPLICATE,DUPLICATE
SYNTH-CASE-000014,SYNTH-BANK-000014,SYNTH-LEDGER-000014,AMOUNT_MISMATCH,AMOUNT_MISMATCH
SYNTH-CASE-000015,SYNTH-BANK-000015,SYNTH-LEDGER-000015,MATCH,NONE
SYNTH-CASE-000016,SYNTH-BANK-000016,SYNTH-LEDGER-000016,MATCH,NONE
SYNTH-CASE-000017,SYNTH-BANK-000017,SYNTH-LEDGER-000017,AMOUNT_MISMATCH,AMOUNT_MISMATCH
SYNTH-CASE-000018,SYNTH-BANK-000018,SYNTH-LEDGER-000018,MATCH,NONE
SYNTH-CASE-000019,SYNTH-BANK-000019,SYNTH-LEDGER-000019,MATCH,NONE
SYNTH-CASE-000020,SYNTH-BANK-000020,SYNTH-LEDGER-000020,MATCH,NONE
SYNTH-CASE-000021,SYNTH-BANK-000021,SYNTH-LEDGER-000021,AMOUNT_MISMATCH,AMOUNT_MISMATCH
SYNTH-CASE-000022,SYNTH-BANK-000022,SYNTH-LEDGER-000022,MATCH,NONE
SYNTH-CASE-000023,SYNTH-BANK-000023,,UNMATCHED_BANK,MISSING_LEDGER
SYNTH-CASE-000024,SYNTH-BANK-000024,SYNTH-LEDGER-000024,MATCH,NONE
SYNTH-CASE-000025,SYNTH-BANK-000025,SYNTH-LEDGER-000025,MATCH,NONE
SYNTH-CASE-000026,SYNTH-BANK-000026,SYNTH-LEDGER-000026,AMOUNT_MISMATCH,AMOUNT_MISMATCH
SYNTH-CASE-000027,SYNTH-BANK-000027,SYNTH-LEDGER-000027,MATCH,NONE
SYNTH-CASE-000028,,SYNTH-LEDGER-000028,UNMATCHED_LEDGER,MISSING_BANK
SYNTH-CASE-000029,SYNTH-BANK-000029,SYNTH-LEDGER-000029,MATCH,NONE
SYNTH-CASE-000030,SYNTH-BANK-000030,SYNTH-LEDGER-000030,MATCH,NONE
SYNTH-CASE-000031,SYNTH-BANK-000031,SYNTH-LEDGER-000031,MATCH,NONE
SYNTH-CASE-000032,SYNTH-BANK-000032,,UNMATCHED_BANK,MISSING_LEDGER
SYNTH-CASE-000033,SYNTH-BANK-000033,SYNTH-LEDGER-000033,MATCH,NONE
SYNTH-CASE-000034,SYNTH-BANK-000034,SYNTH-LEDGER-000034,MATCH,NONE
SYNTH-CASE-000035,SYNTH-BANK-000035,SYNTH-LEDGER-000035,AMOUNT_MISMATCH,AMOUNT_MISMATCH
SYNTH-CASE-000036,SYNTH-BANK-000036,SYNTH-LEDGER-000036,MATCH,NONE
SYNTH-CASE-000037,SYNTH-BANK-000037,SYNTH-LEDGER-000037,MATCH,NONE
SYNTH-CASE-000038,SYNTH-BANK-000038,SYNTH-LEDGER-000038,MATCH,NONE
SYNTH-CASE-000039,SYNTH-BANK-000039,SYNTH-LEDGER-000039,MATCH,NONE
SYNTH-CASE-000040,SYNTH-BANK-000040,SYNTH-LEDGER-000040,MATCH,NONE
SYNTH-CASE-000041,SYNTH-BANK-000041,SYNTH-LEDGER-000041,MATCH,NONE
SYNTH-CASE-000042,SYNTH-BANK-000042,SYNTH-LEDGER-000042,MATCH,NONE
SYNTH-CASE-000043,SYNTH-BANK-000043,SYNTH-LEDGER-000043,AMOUNT_MISMATCH,AMOUNT_MISMATCH
SYNTH-CASE-000044,SYNTH-BANK-000044,SYNTH-LEDGER-000044,MATCH,NONE
SYNTH-CASE-000045,SYNTH-BANK-000045,SYNTH-LEDGER-000045,MATCH,NONE
SYNTH-CASE-000046,SYNTH-BANK-000046,SYNTH-LEDGER-000046,MATCH,NONE
SYNTH-CASE-000047,SYNTH-BANK-000047,SYNTH-LEDGER-000047,MATCH,NONE
SYNTH-CASE-000048,SYNTH-BANK-000048,SYNTH-LEDGER-000048,MATCH,NONE
SYNTH-CASE-000049,SYNTH-BANK-000049,SYNTH-LEDGER-000049,MATCH,NONE
SYNTH-CASE-000050,SYNTH-BANK-000050,SYNTH-LEDGER-000050,MATCH,NONE
SYNTH-CASE-000051,SYNTH-BANK-000051,SYNTH-LEDGER-000051,AMOUNT_MISMATCH,AMOUNT_MISMATCH
SYNTH-CASE-000052,SYNTH-BANK-000052,SYNTH-LEDGER-000052,MATCH,NONE
SYNTH-CASE-000053,SYNTH-BANK-000053,SYNTH-LEDGER-000053,MATCH,NONE
SYNTH-CASE-000054,SYNTH-BANK-000054,SYNTH-LEDGER-000054,AMOUNT_MISMATCH,AMOUNT_MISMATCH
SYNTH-CASE-000055,SYNTH-BANK-000055,SYNTH-LEDGER-000055,MATCH,NONE
SYNTH-CASE-000056,SYNTH-BANK-000056,SYNTH-LEDGER-000056,MATCH,NONE
SYNTH-CASE-000057,SYNTH-BANK-000057,SYNTH-LEDGER-000057,AMOUNT_MISMATCH,AMOUNT_MISMATCH
SYNTH-CASE-000058,SYNTH-BANK-000058,SYNTH-LEDGER-000058,MATCH,NONE
SYNTH-CASE-000059,SYNTH-BANK-000059,SYNTH-LEDGER-000059,AMOUNT_MISMATCH,AMOUNT_MISMATCH
SYNTH-CASE-000060,SYNTH-BANK-000060,SYNTH-LEDGER-000060,MATCH,NONE
SYNTH-CASE-000061,SYNTH-BANK-000061,SYNTH-LEDGER-000061,AMOUNT_MISMATCH,AMOUNT_MISMATCH
SYNTH-CASE-000062,SYNTH-BANK-000062,SYNTH-LEDGER-000062,DUPLICATE,DUPLICATE
SYNTH-CASE-000063,SYNTH-BANK-000063,SYNTH-LEDGER-000063,MATCH,NONE
SYNTH-CASE-000064,SYNTH-BANK-000064,SYNTH-LEDGER-000064,MATCH,NONE
SYNTH-CASE-000065,SYNTH-BANK-000065,SYNTH-LEDGER-000065,MATCH,NONE
SYNTH-CASE-000066,SYNTH-BANK-000066,SYNTH-LEDGER-000066,MATCH,NONE
SYNTH-CASE-000067,SYNTH-BANK-000067,SYNTH-LEDGER-000067,MATCH,NONE
SYNTH-CASE-000068,SYNTH-BANK-000068,SYNTH-LEDGER-000068,MATCH,NONE
SYNTH-CASE-000069,SYNTH-BANK-000069,SYNTH-LEDGER-000069,MATCH,NONE
SYNTH-CASE-000070,SYNTH-BANK-000070,SYNTH-LEDGER-000070,MATCH,NONE
SYNTH-CASE-000071,SYNTH-BANK-000071,SYNTH-LEDGER-000071,MATCH,NONE
SYNTH-CASE-000072,SYNTH-BANK-000072,SYNTH-LEDGER-000072,MATCH,NONE
SYNTH-CASE-000073,SYNTH-BANK-000073,SYNTH-LEDGER-000073,AMOUNT_MISMATCH,AMOUNT_MISMATCH
SYNTH-CASE-000074,SYNTH-BANK-000074,SYNTH-LEDGER-000074,MATCH,NONE
SYNTH-CASE-000075,SYNTH-BANK-000075,SYNTH-LEDGER-000075,AMOUNT_MISMATCH,AMOUNT_MISMATCH
SYNTH-CASE-000076,SYNTH-BANK-000076,SYNTH-LEDGER-000076,MATCH,NONE
SYNTH-CASE-000077,SYNTH-BANK-000077,SYNTH-LEDGER-000077,DUPLICATE,DUPLICATE
SYNTH-CASE-000078,SYNTH-BANK-000078,SYNTH-LEDGER-000078,MATCH,NONE
SYNTH-CASE-000079,SYNTH-BANK-000079,SYNTH-LEDGER-000079,MATCH,NONE
SYNTH-CASE-000080,SYNTH-BANK-000080,SYNTH-LEDGER-000080,MATCH,NONE
SYNTH-CASE-000081,SYNTH-BANK-000081,SYNTH-LEDGER-000081,MATCH,NONE
SYNTH-CASE-000082,SYNTH-BANK-000082,SYNTH-LEDGER-000082,AMOUNT_MISMATCH,AMOUNT_MISMATCH
SYNTH-CASE-000083,SYNTH-BANK-000083,SYNTH-LEDGER-000083,MATCH,NONE
SYNTH-CASE-000084,SYNTH-BANK-000084,SYNTH-LEDGER-000084,AMOUNT_MISMATCH,AMOUNT_MISMATCH
SYNTH-CASE-000085,SYNTH-BANK-000085,,UNMATCHED_BANK,MISSING_LEDGER
SYNTH-CASE-000086,SYNTH-BANK-000086,,UNMATCHED_BANK,MISSING_LEDGER
SYNTH-CASE-000087,SYNTH-BANK-000087,SYNTH-LEDGER-000087,MATCH,NONE
SYNTH-CASE-000088,SYNTH-BANK-000088,SYNTH-LEDGER-000088,MATCH,NONE
SYNTH-CASE-000089,SYNTH-BANK-000089,SYNTH-LEDGER-000089,MATCH,NONE
SYNTH-CASE-000090,SYNTH-BANK-000090,SYNTH-LEDGER-000090,MATCH,NONE
SYNTH-CASE-000091,SYNTH-BANK-000091,SYNTH-LEDGER-000091,MATCH,NONE
SYNTH-CASE-000092,SYNTH-BANK-000092,SYNTH-LEDGER-000092,AMOUNT_MISMATCH,AMOUNT_MISMATCH
SYNTH-CASE-000093,SYNTH-BANK-000093,SYNTH-LEDGER-000093,AMOUNT_MISMATCH,AMOUNT_MISMATCH
SYNTH-CASE-000094,SYNTH-BANK-000094,SYNTH-LEDGER-000094,MATCH,NONE
SYNTH-CASE-000095,SYNTH-BANK-000095,SYNTH-LEDGER-000095,AMOUNT_MISMATCH,AMOUNT_MISMATCH
SYNTH-CASE-000096,SYNTH-BANK-000096,SYNTH-LEDGER-000096,MATCH,NONE
SYNTH-CASE-000097,SYNTH-BANK-000097,SYNTH-LEDGER-000097,MATCH,NONE
SYNTH-CASE-000098,SYNTH-BANK-000098,SYNTH-LEDGER-000098,AMBIGUOUS,AMBIGUOUS
SYNTH-CASE-000099,SYNTH-BANK-000099,SYNTH-LEDGER-000099,AMOUNT_MISMATCH,AMOUNT_MISMATCH
SYNTH-CASE-000100,SYNTH-BANK-000100,SYNTH-LEDGER-000100,MATCH,NONE
SYNTH-CASE-000101,SYNTH-BANK-000101,SYNTH-LEDGER-000101,AMOUNT_MISMATCH,AMOUNT_MISMATCH
SYNTH-CASE-000102,SYNTH-BANK-000102,SYNTH-LEDGER-000102,MATCH,NONE
SYNTH-CASE-000103,SYNTH-BANK-000103,SYNTH-LEDGER-000103,MATCH,NONE
SYNTH-CASE-000104,SYNTH-BANK-000104,SYNTH-LEDGER-000104,MATCH,NONE
SYNTH-CASE-000105,SYNTH-BANK-000105,SYNTH-LEDGER-000105,MATCH,NONE
SYNTH-CASE-000106,SYNTH-BANK-000106,SYNTH-LEDGER-000106,MATCH,NONE
SYNTH-CASE-000107,SYNTH-BANK-000107,SYNTH-LEDGER-000107,MATCH,NONE
SYNTH-CASE-000108,SYNTH-BANK-000108,SYNTH-LEDGER-000108,MATCH,NONE
SYNTH-CASE-000109,SYNTH-BANK-000109,SYNTH-LEDGER-000109,AMBIGUOUS,AMBIGUOUS
SYNTH-CASE-000110,SYNTH-BANK-000110,SYNTH-LEDGER-000110,MATCH,NONE
SYNTH-CASE-000111,SYNTH-BANK-000111,SYNTH-LEDGER-000111,MATCH,NONE
SYNTH-CASE-000112,SYNTH-BANK-000112,SYNTH-LEDGER-000112,MATCH,NONE
SYNTH-CASE-000113,SYNTH-BANK-000113,SYNTH-LEDGER-000113,AMOUNT_MISMATCH,AMOUNT_MISMATCH
SYNTH-CASE-000114,SYNTH-BANK-000114,SYNTH-LEDGER-000114,MATCH,NONE
SYNTH-CASE-000115,SYNTH-BANK-000115,SYNTH-LEDGER-000115,AMOUNT_MISMATCH,AMOUNT_MISMATCH
SYNTH-CASE-000116,SYNTH-BANK-000116,SYNTH-LEDGER-000116,MATCH,NONE
SYNTH-CASE-000117,SYNTH-BANK-000117,SYNTH-LEDGER-000117,AMOUNT_MISMATCH,AMOUNT_MISMATCH
SYNTH-CASE-000118,SYNTH-BANK-000118,SYNTH-LEDGER-000118,MATCH,NONE
SYNTH-CASE-000119,SYNTH-BANK-000119,,UNMATCHED_BANK,MISSING_LEDGER
SYNTH-CASE-000120,SYNTH-BANK-000120,SYNTH-LEDGER-000120,MATCH,NONE
SYNTH-CASE-000121,,SYNTH-LEDGER-000121,UNMATCHED_LEDGER,MISSING_BANK
SYNTH-CASE-000122,SYNTH-BANK-000122,SYNTH-LEDGER-000122,AMBIGUOUS,AMBIGUOUS
SYNTH-CASE-000123,SYNTH-BANK-000123,SYNTH-LEDGER-000123,MATCH,NONE
SYNTH-CASE-000124,,SYNTH-LEDGER-000124,UNMATCHED_LEDGER,MISSING_BANK
SYNTH-CASE-000125,SYNTH-BANK-000125,SYNTH-LEDGER-000125,MATCH,NONE
SYNTH-CASE-000126,SYNTH-BANK-000126,SYNTH-LEDGER-000126,MATCH,NONE
SYNTH-CASE-000127,SYNTH-BANK-000127,SYNTH-LEDGER-000127,MATCH,NONE
SYNTH-CASE-000128,SYNTH-BANK-000128,SYNTH-LEDGER-000128,MATCH,NONE
SYNTH-CASE-000129,SYNTH-BANK-000129,SYNTH-LEDGER-000129,MATCH,NONE
SYNTH-CASE-000130,SYNTH-BANK-000130,SYNTH-LEDGER-000130,MATCH,NONE
SYNTH-CASE-000131,SYNTH-BANK-000131,SYNTH-LEDGER-000131,DUPLICATE,DUPLICATE
SYNTH-CASE-000132,SYNTH-BANK-000132,SYNTH-LEDGER-000132,MATCH,NONE
SYNTH-CASE-000133,SYNTH-BANK-000133,SYNTH-LEDGER-000133,MATCH,NONE
SYNTH-CASE-000134,SYNTH-BANK-000134,SYNTH-LEDGER-000134,MATCH,NONE
SYNTH-CASE-000135,SYNTH-BANK-000135,SYNTH-LEDGER-000135,MATCH,NONE
SYNTH-CASE-000136,SYNTH-BANK-000136,SYNTH-LEDGER-000136,DUPLICATE,DUPLICATE
SYNTH-CASE-000137,SYNTH-BANK-000137,SYNTH-LEDGER-000137,MATCH,NONE
SYNTH-CASE-000138,SYNTH-BANK-000138,SYNTH-LEDGER-000138,MATCH,NONE
SYNTH-CASE-000139,SYNTH-BANK-000139,SYNTH-LEDGER-000139,MATCH,NONE
SYNTH-CASE-000140,SYNTH-BANK-000140,SYNTH-LEDGER-000140,MATCH,NONE
SYNTH-CASE-000141,SYNTH-BANK-000141,SYNTH-LEDGER-000141,MATCH,NONE
SYNTH-CASE-000142,SYNTH-BANK-000142,SYNTH-LEDGER-000142,MATCH,NONE
SYNTH-CASE-000143,SYNTH-BANK-000143,SYNTH-LEDGER-000143,AMOUNT_MISMATCH,AMOUNT_MISMATCH
SYNTH-CASE-000144,SYNTH-BANK-000144,SYNTH-LEDGER-000144,MATCH,NONE
SYNTH-CASE-000145,SYNTH-BANK-000145,SYNTH-LEDGER-000145,MATCH,NONE
SYNTH-CASE-000146,SYNTH-BANK-000146,SYNTH-LEDGER-000146,MATCH,NONE
SYNTH-CASE-000147,SYNTH-BANK-000147,SYNTH-LEDGER-000147,MATCH,NONE
SYNTH-CASE-000148,SYNTH-BANK-000148,SYNTH-LEDGER-000148,MATCH,NONE
SYNTH-CASE-000149,SYNTH-BANK-000149,SYNTH-LEDGER-000149,AMOUNT_MISMATCH,AMOUNT_MISMATCH
SYNTH-CASE-000150,SYNTH-BANK-000150,SYNTH-LEDGER-000150,MATCH,NONE
SYNTH-CASE-000151,SYNTH-BANK-000151,SYNTH-LEDGER-000151,AMBIGUOUS,AMBIGUOUS
SYNTH-CASE-000152,SYNTH-BANK-000152,SYNTH-LEDGER-000152,MATCH,NONE
SYNTH-CASE-000153,SYNTH-BANK-000153,SYNTH-LEDGER-000153,MATCH,NONE
SYNTH-CASE-000154,SYNTH-BANK-000154,SYNTH-LEDGER-000154,MATCH,NONE
SYNTH-CASE-000155,SYNTH-BANK-000155,SYNTH-LEDGER-000155,MATCH,NONE
SYNTH-CASE-000156,SYNTH-BANK-000156,SYNTH-LEDGER-000156,MATCH,NONE
SYNTH-CASE-000157,SYNTH-BANK-000157,SYNTH-LEDGER-000157,MATCH,NONE
SYNTH-CASE-000158,SYNTH-BANK-000158,SYNTH-LEDGER-000158,DUPLICATE,DUPLICATE
SYNTH-CASE-000159,SYNTH-BANK-000159,,UNMATCHED_BANK,MISSING_LEDGER
SYNTH-CASE-000160,SYNTH-BANK-000160,SYNTH-LEDGER-000160,MATCH,NONE
SYNTH-CASE-000161,SYNTH-BANK-000161,SYNTH-LEDGER-000161,MATCH,NONE
SYNTH-CASE-000162,SYNTH-BANK-000162,SYNTH-LEDGER-000162,MATCH,NONE
SYNTH-CASE-000163,SYNTH-BANK-000163,SYNTH-LEDGER-000163,MATCH,NONE
SYNTH-CASE-000164,SYNTH-BANK-000164,SYNTH-LEDGER-000164,AMBIGUOUS,AMBIGUOUS
SYNTH-CASE-000165,,SYNTH-LEDGER-000165,UNMATCHED_LEDGER,MISSING_BANK
SYNTH-CASE-000166,SYNTH-BANK-000166,SYNTH-LEDGER-000166,AMBIGUOUS,AMBIGUOUS
SYNTH-CASE-000167,SYNTH-BANK-000167,SYNTH-LEDGER-000167,DUPLICATE,DUPLICATE
SYNTH-CASE-000168,SYNTH-BANK-000168,SYNTH-LEDGER-000168,MATCH,NONE
SYNTH-CASE-000169,SYNTH-BANK-000169,SYNTH-LEDGER-000169,MATCH,NONE
SYNTH-CASE-000170,,SYNTH-LEDGER-000170,UNMATCHED_LEDGER,MISSING_BANK
SYNTH-CASE-000171,SYNTH-BANK-000171,SYNTH-LEDGER-000171,MATCH,NONE
SYNTH-CASE-000172,SYNTH-BANK-000172,SYNTH-LEDGER-000172,MATCH,NONE
SYNTH-CASE-000173,SYNTH-BANK-000173,SYNTH-LEDGER-000173,AMOUNT_MISMATCH,AMOUNT_MISMATCH
SYNTH-CASE-000174,SYNTH-BANK-000174,SYNTH-LEDGER-000174,MATCH,NONE
SYNTH-CASE-000175,SYNTH-BANK-000175,SYNTH-LEDGER-000175,MATCH,NONE
SYNTH-CASE-000176,,SYNTH-LEDGER-000176,UNMATCHED_LEDGER,MISSING_BANK
SYNTH-CASE-000177,SYNTH-BANK-000177,SYNTH-LEDGER-000177,MATCH,NONE
SYNTH-CASE-000178,SYNTH-BANK-000178,SYNTH-LEDGER-000178,MATCH,NONE
SYNTH-CASE-000179,SYNTH-BANK-000179,SYNTH-LEDGER-000179,MATCH,NONE
SYNTH-CASE-000180,SYNTH-BANK-000180,SYNTH-LEDGER-000180,MATCH,NONE
SYNTH-CASE-000181,SYNTH-BANK-000181,SYNTH-LEDGER-000181,DUPLICATE,DUPLICATE
SYNTH-CASE-000182,SYNTH-BANK-000182,SYNTH-LEDGER-000182,AMOUNT_MISMATCH,AMOUNT_MISMATCH
SYNTH-CASE-000183,SYNTH-BANK-000183,SYNTH-LEDGER-000183,MATCH,NONE
SYNTH-CASE-000184,SYNTH-BANK-000184,SYNTH-LEDGER-000184,MATCH,NONE
SYNTH-CASE-000185,SYNTH-BANK-000185,SYNTH-LEDGER-000185,MATCH,NONE
SYNTH-CASE-000186,SYNTH-BANK-000186,SYNTH-LEDGER-000186,MATCH,NONE
SYNTH-CASE-000187,SYNTH-BANK-000187,SYNTH-LEDGER-000187,MATCH,NONE
SYNTH-CASE-000188,SYNTH-BANK-000188,SYNTH-LEDGER-000188,MATCH,NONE
SYNTH-CASE-000189,SYNTH-BANK-000189,SYNTH-LEDGER-000189,MATCH,NONE
SYNTH-CASE-000190,SYNTH-BANK-000190,SYNTH-LEDGER-000190,AMOUNT_MISMATCH,AMOUNT_MISMATCH
SYNTH-CASE-000191,SYNTH-BANK-000191,SYNTH-LEDGER-000191,MATCH,NONE
SYNTH-CASE-000192,SYNTH-BANK-000192,SYNTH-LEDGER-000192,AMOUNT_MISMATCH,AMOUNT_MISMATCH
SYNTH-CASE-000193,SYNTH-BANK-000193,SYNTH-LEDGER-000193,MATCH,NONE
SYNTH-CASE-000194,SYNTH-BANK-000194,SYNTH-LEDGER-000194,MATCH,NONE
SYNTH-CASE-000195,SYNTH-BANK-000195,SYNTH-LEDGER-000195,MATCH,NONE
SYNTH-CASE-000196,SYNTH-BANK-000196,SYNTH-LEDGER-000196,DUPLICATE,DUPLICATE
SYNTH-CASE-000197,SYNTH-BANK-000197,SYNTH-LEDGER-000197,MATCH,NONE
SYNTH-CASE-000198,SYNTH-BANK-000198,SYNTH-LEDGER-000198,MATCH,NONE
SYNTH-CASE-000199,SYNTH-BANK-000199,SYNTH-LEDGER-000199,MATCH,NONE
SYNTH-CASE-000200,SYNTH-BANK-000200,SYNTH-LEDGER-000200,MATCH,NONE
SYNTH-CASE-000201,SYNTH-BANK-000201,SYNTH-LEDGER-000201,MATCH,NONE
SYNTH-CASE-000202,SYNTH-BANK-000202,SYNTH-LEDGER-000202,MATCH,NONE
SYNTH-CASE-000203,SYNTH-BANK-000203,SYNTH-LEDGER-000203,MATCH,NONE
SYNTH-CASE-000204,SYNTH-BANK-000204,SYNTH-LEDGER-000204,DUPLICATE,DUPLICATE
SYNTH-CASE-000205,SYNTH-BANK-000205,SYNTH-LEDGER-000205,MATCH,NONE
SYNTH-CASE-000206,SYNTH-BANK-000206,SYNTH-LEDGER-000206,MATCH,NONE
SYNTH-CASE-000207,SYNTH-BANK-000207,SYNTH-LEDGER-000207,AMBIGUOUS,AMBIGUOUS
SYNTH-CASE-000208,SYNTH-BANK-000208,SYNTH-LEDGER-000208,AMBIGUOUS,AMBIGUOUS
SYNTH-CASE-000209,SYNTH-BANK-000209,SYNTH-LEDGER-000209,MATCH,NONE
SYNTH-CASE-000210,SYNTH-BANK-000210,SYNTH-LEDGER-000210,MATCH,NONE
SYNTH-CASE-000211,SYNTH-BANK-000211,SYNTH-LEDGER-000211,MATCH,NONE
SYNTH-CASE-000212,SYNTH-BANK-000212,SYNTH-LEDGER-000212,AMBIGUOUS,AMBIGUOUS
SYNTH-CASE-000213,SYNTH-BANK-000213,SYNTH-LEDGER-000213,MATCH,NONE
SYNTH-CASE-000214,SYNTH-BANK-000214,SYNTH-LEDGER-000214,MATCH,NONE
SYNTH-CASE-000215,SYNTH-BANK-000215,SYNTH-LEDGER-000215,MATCH,NONE
SYNTH-CASE-000216,SYNTH-BANK-000216,SYNTH-LEDGER-000216,DUPLICATE,DUPLICATE
SYNTH-CASE-000217,SYNTH-BANK-000217,SYNTH-LEDGER-000217,MATCH,NONE
SYNTH-CASE-000218,SYNTH-BANK-000218,SYNTH-LEDGER-000218,MATCH,NONE
SYNTH-CASE-000219,SYNTH-BANK-000219,SYNTH-LEDGER-000219,MATCH,NONE
SYNTH-CASE-000220,SYNTH-BANK-000220,SYNTH-LEDGER-000220,MATCH,NONE
SYNTH-CASE-000221,SYNTH-BANK-000221,SYNTH-LEDGER-000221,DUPLICATE,DUPLICATE
SYNTH-CASE-000222,SYNTH-BANK-000222,SYNTH-LEDGER-000222,MATCH,NONE
SYNTH-CASE-000223,SYNTH-BANK-000223,SYNTH-LEDGER-000223,MATCH,NONE
SYNTH-CASE-000224,SYNTH-BANK-000224,SYNTH-LEDGER-000224,DUPLICATE,DUPLICATE
SYNTH-CASE-000225,,SYNTH-LEDGER-000225,UNMATCHED_LEDGER,MISSING_BANK
SYNTH-CASE-000226,SYNTH-BANK-000226,SYNTH-LEDGER-000226,MATCH,NONE
SYNTH-CASE-000227,SYNTH-BANK-000227,SYNTH-LEDGER-000227,AMBIGUOUS,AMBIGUOUS
SYNTH-CASE-000228,SYNTH-BANK-000228,SYNTH-LEDGER-000228,AMBIGUOUS,AMBIGUOUS
SYNTH-CASE-000229,SYNTH-BANK-000229,SYNTH-LEDGER-000229,AMOUNT_MISMATCH,AMOUNT_MISMATCH
SYNTH-CASE-000230,SYNTH-BANK-000230,SYNTH-LEDGER-000230,MATCH,NONE
SYNTH-CASE-000231,SYNTH-BANK-000231,SYNTH-LEDGER-000231,MATCH,NONE
SYNTH-CASE-000232,SYNTH-BANK-000232,SYNTH-LEDGER-000232,MATCH,NONE
SYNTH-CASE-000233,SYNTH-BANK-000233,SYNTH-LEDGER-000233,MATCH,NONE
SYNTH-CASE-000234,SYNTH-BANK-000234,SYNTH-LEDGER-000234,AMOUNT_MISMATCH,AMOUNT_MISMATCH
SYNTH-CASE-000235,SYNTH-BANK-000235,SYNTH-LEDGER-000235,MATCH,NONE
SYNTH-CASE-000236,SYNTH-BANK-000236,SYNTH-LEDGER-000236,MATCH,NONE
SYNTH-CASE-000237,SYNTH-BANK-000237,SYNTH-LEDGER-000237,DUPLICATE,DUPLICATE
SYNTH-CASE-000238,SYNTH-BANK-000238,SYNTH-LEDGER-000238,MATCH,NONE
SYNTH-CASE-000239,SYNTH-BANK-000239,SYNTH-LEDGER-000239,MATCH,NONE
SYNTH-CASE-000240,SYNTH-BANK-000240,SYNTH-LEDGER-000240,MATCH,NONE
SYNTH-CASE-000241,SYNTH-BANK-000241,SYNTH-LEDGER-000241,MATCH,NONE
SYNTH-CASE-000242,SYNTH-BANK-000242,SYNTH-LEDGER-000242,MATCH,NONE
SYNTH-CASE-000243,SYNTH-BANK-000243,SYNTH-LEDGER-000243,MATCH,NONE
SYNTH-CASE-000244,SYNTH-BANK-000244,SYNTH-LEDGER-000244,MATCH,NONE
SYNTH-CASE-000245,SYNTH-BANK-000245,SYNTH-LEDGER-000245,MATCH,NONE
SYNTH-CASE-000246,SYNTH-BANK-000246,SYNTH-LEDGER-000246,AMOUNT_MISMATCH,AMOUNT_MISMATCH
SYNTH-CASE-000247,SYNTH-BANK-000247,SYNTH-LEDGER-000247,AMBIGUOUS,AMBIGUOUS
SYNTH-CASE-000248,SYNTH-BANK-000248,SYNTH-LEDGER-000248,MATCH,NONE
SYNTH-CASE-000249,SYNTH-BANK-000249,SYNTH-LEDGER-000249,AMOUNT_MISMATCH,AMOUNT_MISMATCH
SYNTH-CASE-000250,SYNTH-BANK-000250,SYNTH-LEDGER-000250,MATCH,NONE
SYNTH-CASE-000251,SYNTH-BANK-000251,,UNMATCHED_BANK,MISSING_LEDGER
SYNTH-CASE-000252,,SYNTH-LEDGER-000252,UNMATCHED_LEDGER,MISSING_BANK
SYNTH-CASE-000253,SYNTH-BANK-000253,SYNTH-LEDGER-000253,AMOUNT_MISMATCH,AMOUNT_MISMATCH
SYNTH-CASE-000254,SYNTH-BANK-000254,SYNTH-LEDGER-000254,MATCH,NONE
SYNTH-CASE-000255,SYNTH-BANK-000255,SYNTH-LEDGER-000255,MATCH,NONE
SYNTH-CASE-000256,SYNTH-BANK-000256,SYNTH-LEDGER-000256,MATCH,NONE
SYNTH-CASE-000257,SYNTH-BANK-000257,SYNTH-LEDGER-000257,MATCH,NONE
SYNTH-CASE-000258,SYNTH-BANK-000258,SYNTH-LEDGER-000258,AMOUNT_MISMATCH,AMOUNT_MISMATCH
SYNTH-CASE-000259,SYNTH-BANK-000259,SYNTH-LEDGER-000259,MATCH,NONE
SYNTH-CASE-000260,SYNTH-BANK-000260,SYNTH-LEDGER-000260,MATCH,NONE
SYNTH-CASE-000261,,SYNTH-LEDGER-000261,UNMATCHED_LEDGER,MISSING_BANK
SYNTH-CASE-000262,SYNTH-BANK-000262,SYNTH-LEDGER-000262,AMOUNT_MISMATCH,AMOUNT_MISMATCH
SYNTH-CASE-000263,SYNTH-BANK-000263,SYNTH-LEDGER-000263,MATCH,NONE
SYNTH-CASE-000264,SYNTH-BANK-000264,SYNTH-LEDGER-000264,MATCH,NONE
SYNTH-CASE-000265,SYNTH-BANK-000265,SYNTH-LEDGER-000265,MATCH,NONE
SYNTH-CASE-000266,SYNTH-BANK-000266,SYNTH-LEDGER-000266,MATCH,NONE
SYNTH-CASE-000267,SYNTH-BANK-000267,SYNTH-LEDGER-000267,MATCH,NONE
SYNTH-CASE-000268,SYNTH-BANK-000268,SYNTH-LEDGER-000268,MATCH,NONE
SYNTH-CASE-000269,SYNTH-BANK-000269,SYNTH-LEDGER-000269,MATCH,NONE
SYNTH-CASE-000270,SYNTH-BANK-000270,SYNTH-LEDGER-000270,MATCH,NONE
SYNTH-CASE-000271,SYNTH-BANK-000271,SYNTH-LEDGER-000271,MATCH,NONE
SYNTH-CASE-000272,SYNTH-BANK-000272,SYNTH-LEDGER-000272,AMOUNT_MISMATCH,AMOUNT_MISMATCH
SYNTH-CASE-000273,SYNTH-BANK-000273,SYNTH-LEDGER-000273,MATCH,NONE
SYNTH-CASE-000274,SYNTH-BANK-000274,SYNTH-LEDGER-000274,MATCH,NONE
SYNTH-CASE-000275,SYNTH-BANK-000275,SYNTH-LEDGER-000275,MATCH,NONE
SYNTH-CASE-000276,SYNTH-BANK-000276,SYNTH-LEDGER-000276,MATCH,NONE
SYNTH-CASE-000277,SYNTH-BANK-000277,SYNTH-LEDGER-000277,MATCH,NONE
SYNTH-CASE-000278,SYNTH-BANK-000278,SYNTH-LEDGER-000278,MATCH,NONE
SYNTH-CASE-000279,,SYNTH-LEDGER-000279,UNMATCHED_LEDGER,MISSING_BANK
SYNTH-CASE-000280,SYNTH-BANK-000280,SYNTH-LEDGER-000280,MATCH,NONE
SYNTH-CASE-000281,SYNTH-BANK-000281,SYNTH-LEDGER-000281,MATCH,NONE
SYNTH-CASE-000282,SYNTH-BANK-000282,SYNTH-LEDGER-000282,MATCH,NONE
SYNTH-CASE-000283,SYNTH-BANK-000283,SYNTH-LEDGER-000283,DUPLICATE,DUPLICATE
SYNTH-CASE-000284,SYNTH-BANK-000284,SYNTH-LEDGER-000284,AMBIGUOUS,AMBIGUOUS
SYNTH-CASE-000285,SYNTH-BANK-000285,SYNTH-LEDGER-000285,MATCH,NONE
SYNTH-CASE-000286,SYNTH-BANK-000286,SYNTH-LEDGER-000286,DUPLICATE,DUPLICATE
SYNTH-CASE-000287,SYNTH-BANK-000287,,UNMATCHED_BANK,MISSING_LEDGER
SYNTH-CASE-000288,SYNTH-BANK-000288,SYNTH-LEDGER-000288,MATCH,NONE
SYNTH-CASE-000289,SYNTH-BANK-000289,SYNTH-LEDGER-000289,MATCH,NONE
SYNTH-CASE-000290,SYNTH-BANK-000290,SYNTH-LEDGER-000290,MATCH,NONE
SYNTH-CASE-000291,SYNTH-BANK-000291,SYNTH-LEDGER-000291,MATCH,NONE
SYNTH-CASE-000292,SYNTH-BANK-000292,SYNTH-LEDGER-000292,AMOUNT_MISMATCH,AMOUNT_MISMATCH
SYNTH-CASE-000293,SYNTH-BANK-000293,SYNTH-LEDGER-000293,AMOUNT_MISMATCH,AMOUNT_MISMATCH
SYNTH-CASE-000294,SYNTH-BANK-000294,SYNTH-LEDGER-000294,MATCH,NONE
SYNTH-CASE-000295,SYNTH-BANK-000295,SYNTH-LEDGER-000295,MATCH,NONE
SYNTH-CASE-000296,SYNTH-BANK-000296,SYNTH-LEDGER-000296,MATCH,NONE
SYNTH-CASE-000297,SYNTH-BANK-000297,SYNTH-LEDGER-000297,AMOUNT_MISMATCH,AMOUNT_MISMATCH
SYNTH-CASE-000298,SYNTH-BANK-000298,SYNTH-LEDGER-000298,MATCH,NONE
SYNTH-CASE-000299,SYNTH-BANK-000299,SYNTH-LEDGER-000299,MATCH,NONE
SYNTH-CASE-000300,SYNTH-BANK-000300,SYNTH-LEDGER-000300,MATCH,NONE
SYNTH-CASE-000301,SYNTH-BANK-000301,SYNTH-LEDGER-000301,AMOUNT_MISMATCH,AMOUNT_MISMATCH
SYNTH-CASE-000302,SYNTH-BANK-000302,SYNTH-LEDGER-000302,AMOUNT_MISMATCH,AMOUNT_MISMATCH
SYNTH-CASE-000303,SYNTH-BANK-000303,SYNTH-LEDGER-000303,DUPLICATE,DUPLICATE
SYNTH-CASE-000304,SYNTH-BANK-000304,SYNTH-LEDGER-000304,MATCH,NONE
SYNTH-CASE-000305,SYNTH-BANK-000305,SYNTH-LEDGER-000305,DUPLICATE,DUPLICATE
SYNTH-CASE-000306,SYNTH-BANK-000306,SYNTH-LEDGER-000306,MATCH,NONE
SYNTH-CASE-000307,SYNTH-BANK-000307,SYNTH-LEDGER-000307,MATCH,NONE
SYNTH-CASE-000308,SYNTH-BANK-000308,SYNTH-LEDGER-000308,MATCH,NONE
SYNTH-CASE-000309,SYNTH-BANK-000309,SYNTH-LEDGER-000309,MATCH,NONE
SYNTH-CASE-000310,SYNTH-BANK-000310,SYNTH-LEDGER-000310,AMOUNT_MISMATCH,AMOUNT_MISMATCH
SYNTH-CASE-000311,SYNTH-BANK-000311,SYNTH-LEDGER-000311,MATCH,NONE
SYNTH-CASE-000312,SYNTH-BANK-000312,SYNTH-LEDGER-000312,MATCH,NONE
SYNTH-CASE-000313,SYNTH-BANK-000313,SYNTH-LEDGER-000313,MATCH,NONE
SYNTH-CASE-000314,SYNTH-BANK-000314,SYNTH-LEDGER-000314,MATCH,NONE
SYNTH-CASE-000315,SYNTH-BANK-000315,SYNTH-LEDGER-000315,MATCH,NONE
SYNTH-CASE-000316,SYNTH-BANK-000316,SYNTH-LEDGER-000316,AMOUNT_MISMATCH,AMOUNT_MISMATCH
SYNTH-CASE-000317,SYNTH-BANK-000317,SYNTH-LEDGER-000317,MATCH,NONE
SYNTH-CASE-000318,SYNTH-BANK-000318,SYNTH-LEDGER-000318,MATCH,NONE
SYNTH-CASE-000319,SYNTH-BANK-000319,SYNTH-LEDGER-000319,MATCH,NONE
SYNTH-CASE-000320,SYNTH-BANK-000320,SYNTH-LEDGER-000320,MATCH,NONE
SYNTH-CASE-000321,SYNTH-BANK-000321,SYNTH-LEDGER-000321,MATCH,NONE
SYNTH-CASE-000322,SYNTH-BANK-000322,SYNTH-LEDGER-000322,MATCH,NONE
SYNTH-CASE-000323,SYNTH-BANK-000323,SYNTH-LEDGER-000323,MATCH,NONE
SYNTH-CASE-000324,SYNTH-BANK-000324,SYNTH-LEDGER-000324,AMBIGUOUS,AMBIGUOUS
SYNTH-CASE-000325,SYNTH-BANK-000325,SYNTH-LEDGER-000325,MATCH,NONE
SYNTH-CASE-000326,SYNTH-BANK-000326,SYNTH-LEDGER-000326,MATCH,NONE
SYNTH-CASE-000327,SYNTH-BANK-000327,SYNTH-LEDGER-000327,AMOUNT_MISMATCH,AMOUNT_MISMATCH
SYNTH-CASE-000328,SYNTH-BANK-000328,SYNTH-LEDGER-000328,MATCH,NONE
SYNTH-CASE-000329,SYNTH-BANK-000329,SYNTH-LEDGER-000329,MATCH,NONE
SYNTH-CASE-000330,SYNTH-BANK-000330,SYNTH-LEDGER-000330,MATCH,NONE
SYNTH-CASE-000331,SYNTH-BANK-000331,,UNMATCHED_BANK,MISSING_LEDGER
SYNTH-CASE-000332,SYNTH-BANK-000332,SYNTH-LEDGER-000332,MATCH,NONE
SYNTH-CASE-000333,SYNTH-BANK-000333,SYNTH-LEDGER-000333,MATCH,NONE
SYNTH-CASE-000334,SYNTH-BANK-000334,SYNTH-LEDGER-000334,AMOUNT_MISMATCH,AMOUNT_MISMATCH
SYNTH-CASE-000335,SYNTH-BANK-000335,SYNTH-LEDGER-000335,MATCH,NONE
SYNTH-CASE-000336,SYNTH-BANK-000336,SYNTH-LEDGER-000336,MATCH,NONE
SYNTH-CASE-000337,SYNTH-BANK-000337,SYNTH-LEDGER-000337,MATCH,NONE
SYNTH-CASE-000338,SYNTH-BANK-000338,SYNTH-LEDGER-000338,MATCH,NONE
SYNTH-CASE-000339,SYNTH-BANK-000339,SYNTH-LEDGER-000339,AMBIGUOUS,AMBIGUOUS
SYNTH-CASE-000340,SYNTH-BANK-000340,SYNTH-LEDGER-000340,MATCH,NONE
SYNTH-CASE-000341,SYNTH-BANK-000341,SYNTH-LEDGER-000341,MATCH,NONE
SYNTH-CASE-000342,SYNTH-BANK-000342,SYNTH-LEDGER-000342,MATCH,NONE
SYNTH-CASE-000343,SYNTH-BANK-000343,SYNTH-LEDGER-000343,MATCH,NONE
SYNTH-CASE-000344,SYNTH-BANK-000344,SYNTH-LEDGER-000344,MATCH,NONE
SYNTH-CASE-000345,SYNTH-BANK-000345,SYNTH-LEDGER-000345,MATCH,NONE
SYNTH-CASE-000346,SYNTH-BANK-000346,SYNTH-LEDGER-000346,MATCH,NONE
SYNTH-CASE-000347,SYNTH-BANK-000347,SYNTH-LEDGER-000347,MATCH,NONE
SYNTH-CASE-000348,SYNTH-BANK-000348,SYNTH-LEDGER-000348,AMOUNT_MISMATCH,AMOUNT_MISMATCH
SYNTH-CASE-000349,SYNTH-BANK-000349,SYNTH-LEDGER-000349,MATCH,NONE
SYNTH-CASE-000350,SYNTH-BANK-000350,SYNTH-LEDGER-000350,MATCH,NONE
SYNTH-CASE-000351,SYNTH-BANK-000351,SYNTH-LEDGER-000351,MATCH,NONE
SYNTH-CASE-000352,SYNTH-BANK-000352,SYNTH-LEDGER-000352,AMOUNT_MISMATCH,AMOUNT_MISMATCH
SYNTH-CASE-000353,SYNTH-BANK-000353,SYNTH-LEDGER-000353,AMOUNT_MISMATCH,AMOUNT_MISMATCH
SYNTH-CASE-000354,SYNTH-BANK-000354,SYNTH-LEDGER-000354,MATCH,NONE
SYNTH-CASE-000355,SYNTH-BANK-000355,SYNTH-LEDGER-000355,MATCH,NONE
SYNTH-CASE-000356,SYNTH-BANK-000356,SYNTH-LEDGER-000356,MATCH,NONE
SYNTH-CASE-000357,SYNTH-BANK-000357,SYNTH-LEDGER-000357,MATCH,NONE
SYNTH-CASE-000358,SYNTH-BANK-000358,SYNTH-LEDGER-000358,MATCH,NONE
SYNTH-CASE-000359,SYNTH-BANK-000359,SYNTH-LEDGER-000359,MATCH,NONE
SYNTH-CASE-000360,,SYNTH-LEDGER-000360,UNMATCHED_LEDGER,MISSING_BANK
SYNTH-CASE-000361,SYNTH-BANK-000361,SYNTH-LEDGER-000361,DUPLICATE,DUPLICATE
SYNTH-CASE-000362,SYNTH-BANK-000362,SYNTH-LEDGER-000362,AMBIGUOUS,AMBIGUOUS
SYNTH-CASE-000363,SYNTH-BANK-000363,SYNTH-LEDGER-000363,MATCH,NONE
SYNTH-CASE-000364,SYNTH-BANK-000364,SYNTH-LEDGER-000364,MATCH,NONE
SYNTH-CASE-000365,SYNTH-BANK-000365,SYNTH-LEDGER-000365,MATCH,NONE
SYNTH-CASE-000366,SYNTH-BANK-000366,SYNTH-LEDGER-000366,DUPLICATE,DUPLICATE
SYNTH-CASE-000367,,SYNTH-LEDGER-000367,UNMATCHED_LEDGER,MISSING_BANK
SYNTH-CASE-000368,SYNTH-BANK-000368,SYNTH-LEDGER-000368,AMOUNT_MISMATCH,AMOUNT_MISMATCH
SYNTH-CASE-000369,SYNTH-BANK-000369,SYNTH-LEDGER-000369,MATCH,NONE
SYNTH-CASE-000370,SYNTH-BANK-000370,SYNTH-LEDGER-000370,AMBIGUOUS,AMBIGUOUS
SYNTH-CASE-000371,SYNTH-BANK-000371,SYNTH-LEDGER-000371,MATCH,NONE
SYNTH-CASE-000372,SYNTH-BANK-000372,SYNTH-LEDGER-000372,MATCH,NONE
SYNTH-CASE-000373,SYNTH-BANK-000373,SYNTH-LEDGER-000373,AMOUNT_MISMATCH,AMOUNT_MISMATCH
SYNTH-CASE-000374,SYNTH-BANK-000374,SYNTH-LEDGER-000374,MATCH,NONE
SYNTH-CASE-000375,,SYNTH-LEDGER-000375,UNMATCHED_LEDGER,MISSING_BANK
SYNTH-CASE-000376,SYNTH-BANK-000376,SYNTH-LEDGER-000376,MATCH,NONE
SYNTH-CASE-000377,SYNTH-BANK-000377,SYNTH-LEDGER-000377,MATCH,NONE
SYNTH-CASE-000378,SYNTH-BANK-000378,SYNTH-LEDGER-000378,MATCH,NONE
SYNTH-CASE-000379,SYNTH-BANK-000379,SYNTH-LEDGER-000379,MATCH,NONE
SYNTH-CASE-000380,SYNTH-BANK-000380,SYNTH-LEDGER-000380,MATCH,NONE
SYNTH-CASE-000381,,SYNTH-LEDGER-000381,UNMATCHED_LEDGER,MISSING_BANK
SYNTH-CASE-000382,SYNTH-BANK-000382,SYNTH-LEDGER-000382,AMOUNT_MISMATCH,AMOUNT_MISMATCH
SYNTH-CASE-000383,SYNTH-BANK-000383,SYNTH-LEDGER-000383,MATCH,NONE
SYNTH-CASE-000384,SYNTH-BANK-000384,SYNTH-LEDGER-000384,MATCH,NONE
SYNTH-CASE-000385,SYNTH-BANK-000385,SYNTH-LEDGER-000385,AMOUNT_MISMATCH,AMOUNT_MISMATCH
SYNTH-CASE-000386,SYNTH-BANK-000386,SYNTH-LEDGER-000386,DUPLICATE,DUPLICATE
SYNTH-CASE-000387,SYNTH-BANK-000387,SYNTH-LEDGER-000387,AMOUNT_MISMATCH,AMOUNT_MISMATCH
SYNTH-CASE-000388,SYNTH-BANK-000388,SYNTH-LEDGER-000388,MATCH,NONE
SYNTH-CASE-000389,SYNTH-BANK-000389,SYNTH-LEDGER-000389,MATCH,NONE
SYNTH-CASE-000390,SYNTH-BANK-000390,,UNMATCHED_BANK,MISSING_LEDGER
SYNTH-CASE-000391,SYNTH-BANK-000391,SYNTH-LEDGER-000391,MATCH,NONE
SYNTH-CASE-000392,SYNTH-BANK-000392,SYNTH-LEDGER-000392,DUPLICATE,DUPLICATE
SYNTH-CASE-000393,SYNTH-BANK-000393,SYNTH-LEDGER-000393,MATCH,NONE
SYNTH-CASE-000394,SYNTH-BANK-000394,SYNTH-LEDGER-000394,MATCH,NONE
SYNTH-CASE-000395,SYNTH-BANK-000395,SYNTH-LEDGER-000395,MATCH,NONE
SYNTH-CASE-000396,SYNTH-BANK-000396,,UNMATCHED_BANK,MISSING_LEDGER
SYNTH-CASE-000397,SYNTH-BANK-000397,SYNTH-LEDGER-000397,MATCH,NONE
SYNTH-CASE-000398,SYNTH-BANK-000398,SYNTH-LEDGER-000398,MATCH,NONE
SYNTH-CASE-000399,SYNTH-BANK-000399,SYNTH-LEDGER-000399,MATCH,NONE
SYNTH-CASE-000400,SYNTH-BANK-000400,SYNTH-LEDGER-000400,DUPLICATE,DUPLICATE
SYNTH-CASE-000401,SYNTH-BANK-000401,,UNMATCHED_BANK,MISSING_LEDGER
SYNTH-CASE-000402,SYNTH-BANK-000402,SYNTH-LEDGER-000402,MATCH,NONE
SYNTH-CASE-000403,SYNTH-BANK-000403,SYNTH-LEDGER-000403,MATCH,NONE
SYNTH-CASE-000404,SYNTH-BANK-000404,SYNTH-LEDGER-000404,MATCH,NONE
SYNTH-CASE-000405,SYNTH-BANK-000405,SYNTH-LEDGER-000405,MATCH,NONE
SYNTH-CASE-000406,SYNTH-BANK-000406,SYNTH-LEDGER-000406,MATCH,NONE
SYNTH-CASE-000407,SYNTH-BANK-000407,SYNTH-LEDGER-000407,AMOUNT_MISMATCH,AMOUNT_MISMATCH
SYNTH-CASE-000408,SYNTH-BANK-000408,SYNTH-LEDGER-000408,MATCH,NONE
SYNTH-CASE-000409,SYNTH-BANK-000409,SYNTH-LEDGER-000409,MATCH,NONE
SYNTH-CASE-000410,SYNTH-BANK-000410,SYNTH-LEDGER-000410,MATCH,NONE
SYNTH-CASE-000411,SYNTH-BANK-000411,SYNTH-LEDGER-000411,MATCH,NONE
SYNTH-CASE-000412,SYNTH-BANK-000412,SYNTH-LEDGER-000412,MATCH,NONE
SYNTH-CASE-000413,SYNTH-BANK-000413,SYNTH-LEDGER-000413,MATCH,NONE
SYNTH-CASE-000414,SYNTH-BANK-000414,SYNTH-LEDGER-000414,MATCH,NONE
SYNTH-CASE-000415,SYNTH-BANK-000415,SYNTH-LEDGER-000415,MATCH,NONE
SYNTH-CASE-000416,SYNTH-BANK-000416,SYNTH-LEDGER-000416,MATCH,NONE
SYNTH-CASE-000417,SYNTH-BANK-000417,SYNTH-LEDGER-000417,MATCH,NONE
SYNTH-CASE-000418,SYNTH-BANK-000418,SYNTH-LEDGER-000418,AMBIGUOUS,AMBIGUOUS
SYNTH-CASE-000419,,SYNTH-LEDGER-000419,UNMATCHED_LEDGER,MISSING_BANK
SYNTH-CASE-000420,SYNTH-BANK-000420,,UNMATCHED_BANK,MISSING_LEDGER
SYNTH-CASE-000421,SYNTH-BANK-000421,SYNTH-LEDGER-000421,AMOUNT_MISMATCH,AMOUNT_MISMATCH
SYNTH-CASE-000422,SYNTH-BANK-000422,SYNTH-LEDGER-000422,MATCH,NONE
SYNTH-CASE-000423,SYNTH-BANK-000423,SYNTH-LEDGER-000423,DUPLICATE,DUPLICATE
SYNTH-CASE-000424,SYNTH-BANK-000424,SYNTH-LEDGER-000424,MATCH,NONE
SYNTH-CASE-000425,SYNTH-BANK-000425,SYNTH-LEDGER-000425,MATCH,NONE
SYNTH-CASE-000426,SYNTH-BANK-000426,SYNTH-LEDGER-000426,MATCH,NONE
SYNTH-CASE-000427,SYNTH-BANK-000427,SYNTH-LEDGER-000427,MATCH,NONE
SYNTH-CASE-000428,SYNTH-BANK-000428,SYNTH-LEDGER-000428,MATCH,NONE
SYNTH-CASE-000429,SYNTH-BANK-000429,SYNTH-LEDGER-000429,MATCH,NONE
SYNTH-CASE-000430,SYNTH-BANK-000430,SYNTH-LEDGER-000430,DUPLICATE,DUPLICATE
SYNTH-CASE-000431,SYNTH-BANK-000431,SYNTH-LEDGER-000431,MATCH,NONE
SYNTH-CASE-000432,SYNTH-BANK-000432,SYNTH-LEDGER-000432,DUPLICATE,DUPLICATE
SYNTH-CASE-000433,SYNTH-BANK-000433,SYNTH-LEDGER-000433,MATCH,NONE
SYNTH-CASE-000434,SYNTH-BANK-000434,SYNTH-LEDGER-000434,MATCH,NONE
SYNTH-CASE-000435,SYNTH-BANK-000435,SYNTH-LEDGER-000435,AMBIGUOUS,AMBIGUOUS
SYNTH-CASE-000436,SYNTH-BANK-000436,SYNTH-LEDGER-000436,AMBIGUOUS,AMBIGUOUS
SYNTH-CASE-000437,SYNTH-BANK-000437,,UNMATCHED_BANK,MISSING_LEDGER
SYNTH-CASE-000438,SYNTH-BANK-000438,,UNMATCHED_BANK,MISSING_LEDGER
SYNTH-CASE-000439,SYNTH-BANK-000439,SYNTH-LEDGER-000439,MATCH,NONE
SYNTH-CASE-000440,SYNTH-BANK-000440,SYNTH-LEDGER-000440,DUPLICATE,DUPLICATE
SYNTH-CASE-000441,SYNTH-BANK-000441,SYNTH-LEDGER-000441,MATCH,NONE
SYNTH-CASE-000442,SYNTH-BANK-000442,SYNTH-LEDGER-000442,AMBIGUOUS,AMBIGUOUS
SYNTH-CASE-000443,SYNTH-BANK-000443,SYNTH-LEDGER-000443,MATCH,NONE
SYNTH-CASE-000444,SYNTH-BANK-000444,SYNTH-LEDGER-000444,MATCH,NONE
SYNTH-CASE-000445,SYNTH-BANK-000445,SYNTH-LEDGER-000445,MATCH,NONE
SYNTH-CASE-000446,SYNTH-BANK-000446,SYNTH-LEDGER-000446,MATCH,NONE
SYNTH-CASE-000447,SYNTH-BANK-000447,SYNTH-LEDGER-000447,MATCH,NONE
SYNTH-CASE-000448,SYNTH-BANK-000448,SYNTH-LEDGER-000448,AMOUNT_MISMATCH,AMOUNT_MISMATCH
SYNTH-CASE-000449,SYNTH-BANK-000449,SYNTH-LEDGER-000449,MATCH,NONE
SYNTH-CASE-000450,SYNTH-BANK-000450,SYNTH-LEDGER-000450,MATCH,NONE
SYNTH-CASE-000451,SYNTH-BANK-000451,SYNTH-LEDGER-000451,MATCH,NONE
SYNTH-CASE-000452,SYNTH-BANK-000452,SYNTH-LEDGER-000452,DUPLICATE,DUPLICATE
SYNTH-CASE-000453,SYNTH-BANK-000453,SYNTH-LEDGER-000453,MATCH,NONE
SYNTH-CASE-000454,SYNTH-BANK-000454,SYNTH-LEDGER-000454,AMBIGUOUS,AMBIGUOUS
SYNTH-CASE-000455,SYNTH-BANK-000455,SYNTH-LEDGER-000455,MATCH,NONE
SYNTH-CASE-000456,SYNTH-BANK-000456,SYNTH-LEDGER-000456,MATCH,NONE
SYNTH-CASE-000457,SYNTH-BANK-000457,SYNTH-LEDGER-000457,MATCH,NONE
SYNTH-CASE-000458,SYNTH-BANK-000458,SYNTH-LEDGER-000458,MATCH,NONE
SYNTH-CASE-000459,SYNTH-BANK-000459,SYNTH-LEDGER-000459,MATCH,NONE
SYNTH-CASE-000460,SYNTH-BANK-000460,SYNTH-LEDGER-000460,MATCH,NONE
SYNTH-CASE-000461,SYNTH-BANK-000461,SYNTH-LEDGER-000461,MATCH,NONE
SYNTH-CASE-000462,SYNTH-BANK-000462,SYNTH-LEDGER-000462,MATCH,NONE
SYNTH-CASE-000463,SYNTH-BANK-000463,SYNTH-LEDGER-000463,AMOUNT_MISMATCH,AMOUNT_MISMATCH
SYNTH-CASE-000464,SYNTH-BANK-000464,SYNTH-LEDGER-000464,MATCH,NONE
SYNTH-CASE-000465,SYNTH-BANK-000465,SYNTH-LEDGER-000465,MATCH,NONE
SYNTH-CASE-000466,SYNTH-BANK-000466,SYNTH-LEDGER-000466,MATCH,NONE
SYNTH-CASE-000467,SYNTH-BANK-000467,SYNTH-LEDGER-000467,AMOUNT_MISMATCH,AMOUNT_MISMATCH
SYNTH-CASE-000468,SYNTH-BANK-000468,SYNTH-LEDGER-000468,MATCH,NONE
SYNTH-CASE-000469,SYNTH-BANK-000469,SYNTH-LEDGER-000469,MATCH,NONE
SYNTH-CASE-000470,SYNTH-BANK-000470,SYNTH-LEDGER-000470,MATCH,NONE
SYNTH-CASE-000471,SYNTH-BANK-000471,SYNTH-LEDGER-000471,MATCH,NONE
SYNTH-CASE-000472,SYNTH-BANK-000472,SYNTH-LEDGER-000472,MATCH,NONE
SYNTH-CASE-000473,SYNTH-BANK-000473,SYNTH-LEDGER-000473,MATCH,NONE
SYNTH-CASE-000474,SYNTH-BANK-000474,SYNTH-LEDGER-000474,MATCH,NONE
SYNTH-CASE-000475,SYNTH-BANK-000475,SYNTH-LEDGER-000475,MATCH,NONE
SYNTH-CASE-000476,SYNTH-BANK-000476,SYNTH-LEDGER-000476,MATCH,NONE
SYNTH-CASE-000477,SYNTH-BANK-000477,SYNTH-LEDGER-000477,MATCH,NONE
SYNTH-CASE-000478,SYNTH-BANK-000478,,UNMATCHED_BANK,MISSING_LEDGER
SYNTH-CASE-000479,SYNTH-BANK-000479,SYNTH-LEDGER-000479,MATCH,NONE
SYNTH-CASE-000480,SYNTH-BANK-000480,SYNTH-LEDGER-000480,MATCH,NONE
SYNTH-CASE-000481,SYNTH-BANK-000481,SYNTH-LEDGER-000481,AMBIGUOUS,AMBIGUOUS
SYNTH-CASE-000482,SYNTH-BANK-000482,,UNMATCHED_BANK,MISSING_LEDGER
SYNTH-CASE-000483,SYNTH-BANK-000483,SYNTH-LEDGER-000483,AMOUNT_MISMATCH,AMOUNT_MISMATCH
SYNTH-CASE-000484,SYNTH-BANK-000484,SYNTH-LEDGER-000484,AMOUNT_MISMATCH,AMOUNT_MISMATCH
SYNTH-CASE-000485,SYNTH-BANK-000485,SYNTH-LEDGER-000485,MATCH,NONE
SYNTH-CASE-000486,SYNTH-BANK-000486,SYNTH-LEDGER-000486,MATCH,NONE
SYNTH-CASE-000487,SYNTH-BANK-000487,SYNTH-LEDGER-000487,MATCH,NONE
SYNTH-CASE-000488,SYNTH-BANK-000488,,UNMATCHED_BANK,MISSING_LEDGER
SYNTH-CASE-000489,SYNTH-BANK-000489,SYNTH-LEDGER-000489,MATCH,NONE
SYNTH-CASE-000490,SYNTH-BANK-000490,SYNTH-LEDGER-000490,MATCH,NONE
SYNTH-CASE-000491,SYNTH-BANK-000491,SYNTH-LEDGER-000491,MATCH,NONE
SYNTH-CASE-000492,SYNTH-BANK-000492,SYNTH-LEDGER-000492,AMOUNT_MISMATCH,AMOUNT_MISMATCH
SYNTH-CASE-000493,SYNTH-BANK-000493,SYNTH-LEDGER-000493,MATCH,NONE
SYNTH-CASE-000494,SYNTH-BANK-000494,SYNTH-LEDGER-000494,AMBIGUOUS,AMBIGUOUS
SYNTH-CASE-000495,SYNTH-BANK-000495,SYNTH-LEDGER-000495,MATCH,NONE
SYNTH-CASE-000496,SYNTH-BANK-000496,SYNTH-LEDGER-000496,MATCH,NONE
SYNTH-CASE-000497,SYNTH-BANK-000497,SYNTH-LEDGER-000497,MATCH,NONE
SYNTH-CASE-000498,SYNTH-BANK-000498,SYNTH-LEDGER-000498,MATCH,NONE
SYNTH-CASE-000499,,SYNTH-LEDGER-000499,UNMATCHED_LEDGER,MISSING_BANK
SYNTH-CASE-000500,SYNTH-BANK-000500,SYNTH-LEDGER-000500,MATCH,NONE
SYNTH-CASE-000501,SYNTH-BANK-000501,SYNTH-LEDGER-000501,MATCH,NONE
SYNTH-CASE-000502,SYNTH-BANK-000502,SYNTH-LEDGER-000502,MATCH,NONE
SYNTH-CASE-000503,SYNTH-BANK-000503,SYNTH-LEDGER-000503,MATCH,NONE
SYNTH-CASE-000504,SYNTH-BANK-000504,SYNTH-LEDGER-000504,MATCH,NONE
SYNTH-CASE-000505,SYNTH-BANK-000505,SYNTH-LEDGER-000505,MATCH,NONE
SYNTH-CASE-000506,SYNTH-BANK-000506,,UNMATCHED_BANK,MISSING_LEDGER
SYNTH-CASE-000507,SYNTH-BANK-000507,SYNTH-LEDGER-000507,MATCH,NONE
SYNTH-CASE-000508,SYNTH-BANK-000508,SYNTH-LEDGER-000508,DUPLICATE,DUPLICATE
SYNTH-CASE-000509,SYNTH-BANK-000509,SYNTH-LEDGER-000509,MATCH,NONE
SYNTH-CASE-000510,SYNTH-BANK-000510,SYNTH-LEDGER-000510,DUPLICATE,DUPLICATE
SYNTH-CASE-000511,SYNTH-BANK-000511,SYNTH-LEDGER-000511,AMOUNT_MISMATCH,AMOUNT_MISMATCH
SYNTH-CASE-000512,SYNTH-BANK-000512,SYNTH-LEDGER-000512,MATCH,NONE
SYNTH-CASE-000513,SYNTH-BANK-000513,,UNMATCHED_BANK,MISSING_LEDGER
SYNTH-CASE-000514,SYNTH-BANK-000514,SYNTH-LEDGER-000514,MATCH,NONE
SYNTH-CASE-000515,,SYNTH-LEDGER-000515,UNMATCHED_LEDGER,MISSING_BANK
SYNTH-CASE-000516,SYNTH-BANK-000516,SYNTH-LEDGER-000516,MATCH,NONE
SYNTH-CASE-000517,SYNTH-BANK-000517,SYNTH-LEDGER-000517,MATCH,NONE
SYNTH-CASE-000518,SYNTH-BANK-000518,SYNTH-LEDGER-000518,MATCH,NONE
SYNTH-CASE-000519,SYNTH-BANK-000519,SYNTH-LEDGER-000519,MATCH,NONE
SYNTH-CASE-000520,SYNTH-BANK-000520,SYNTH-LEDGER-000520,MATCH,NONE
SYNTH-CASE-000521,SYNTH-BANK-000521,SYNTH-LEDGER-000521,AMOUNT_MISMATCH,AMOUNT_MISMATCH
SYNTH-CASE-000522,SYNTH-BANK-000522,SYNTH-LEDGER-000522,MATCH,NONE
SYNTH-CASE-000523,SYNTH-BANK-000523,,UNMATCHED_BANK,MISSING_LEDGER
SYNTH-CASE-000524,SYNTH-BANK-000524,,UNMATCHED_BANK,MISSING_LEDGER
SYNTH-CASE-000525,SYNTH-BANK-000525,SYNTH-LEDGER-000525,MATCH,NONE
SYNTH-CASE-000526,SYNTH-BANK-000526,SYNTH-LEDGER-000526,MATCH,NONE
SYNTH-CASE-000527,SYNTH-BANK-000527,SYNTH-LEDGER-000527,MATCH,NONE
SYNTH-CASE-000528,SYNTH-BANK-000528,SYNTH-LEDGER-000528,MATCH,NONE
SYNTH-CASE-000529,SYNTH-BANK-000529,SYNTH-LEDGER-000529,MATCH,NONE
SYNTH-CASE-000530,,SYNTH-LEDGER-000530,UNMATCHED_LEDGER,MISSING_BANK
SYNTH-CASE-000531,SYNTH-BANK-000531,SYNTH-LEDGER-000531,MATCH,NONE
SYNTH-CASE-000532,SYNTH-BANK-000532,SYNTH-LEDGER-000532,MATCH,NONE
SYNTH-CASE-000533,SYNTH-BANK-000533,SYNTH-LEDGER-000533,MATCH,NONE
SYNTH-CASE-000534,SYNTH-BANK-000534,SYNTH-LEDGER-000534,AMOUNT_MISMATCH,AMOUNT_MISMATCH
SYNTH-CASE-000535,SYNTH-BANK-000535,SYNTH-LEDGER-000535,MATCH,NONE
SYNTH-CASE-000536,SYNTH-BANK-000536,SYNTH-LEDGER-000536,DUPLICATE,DUPLICATE
SYNTH-CASE-000537,SYNTH-BANK-000537,SYNTH-LEDGER-000537,MATCH,NONE
SYNTH-CASE-000538,SYNTH-BANK-000538,SYNTH-LEDGER-000538,MATCH,NONE
SYNTH-CASE-000539,SYNTH-BANK-000539,SYNTH-LEDGER-000539,DUPLICATE,DUPLICATE
SYNTH-CASE-000540,SYNTH-BANK-000540,,UNMATCHED_BANK,MISSING_LEDGER
SYNTH-CASE-000541,SYNTH-BANK-000541,SYNTH-LEDGER-000541,MATCH,NONE
SYNTH-CASE-000542,SYNTH-BANK-000542,SYNTH-LEDGER-000542,AMBIGUOUS,AMBIGUOUS
SYNTH-CASE-000543,SYNTH-BANK-000543,SYNTH-LEDGER-000543,MATCH,NONE
SYNTH-CASE-000544,SYNTH-BANK-000544,SYNTH-LEDGER-000544,MATCH,NONE
SYNTH-CASE-000545,SYNTH-BANK-000545,SYNTH-LEDGER-000545,MATCH,NONE
SYNTH-CASE-000546,SYNTH-BANK-000546,SYNTH-LEDGER-000546,MATCH,NONE
SYNTH-CASE-000547,SYNTH-BANK-000547,SYNTH-LEDGER-000547,MATCH,NONE
SYNTH-CASE-000548,SYNTH-BANK-000548,SYNTH-LEDGER-000548,MATCH,NONE
SYNTH-CASE-000549,SYNTH-BANK-000549,SYNTH-LEDGER-000549,MATCH,NONE
SYNTH-CASE-000550,SYNTH-BANK-000550,SYNTH-LEDGER-000550,MATCH,NONE
SYNTH-CASE-000551,SYNTH-BANK-000551,SYNTH-LEDGER-000551,MATCH,NONE
SYNTH-CASE-000552,SYNTH-BANK-000552,SYNTH-LEDGER-000552,MATCH,NONE
SYNTH-CASE-000553,SYNTH-BANK-000553,SYNTH-LEDGER-000553,DUPLICATE,DUPLICATE
SYNTH-CASE-000554,SYNTH-BANK-000554,SYNTH-LEDGER-000554,MATCH,NONE
SYNTH-CASE-000555,SYNTH-BANK-000555,SYNTH-LEDGER-000555,MATCH,NONE
SYNTH-CASE-000556,SYNTH-BANK-000556,SYNTH-LEDGER-000556,MATCH,NONE
SYNTH-CASE-000557,SYNTH-BANK-000557,SYNTH-LEDGER-000557,MATCH,NONE
SYNTH-CASE-000558,SYNTH-BANK-000558,SYNTH-LEDGER-000558,MATCH,NONE
SYNTH-CASE-000559,SYNTH-BANK-000559,SYNTH-LEDGER-000559,MATCH,NONE
SYNTH-CASE-000560,SYNTH-BANK-000560,SYNTH-LEDGER-000560,MATCH,NONE
SYNTH-CASE-000561,SYNTH-BANK-000561,SYNTH-LEDGER-000561,AMBIGUOUS,AMBIGUOUS
SYNTH-CASE-000562,SYNTH-BANK-000562,SYNTH-LEDGER-000562,AMBIGUOUS,AMBIGUOUS
SYNTH-CASE-000563,SYNTH-BANK-000563,SYNTH-LEDGER-000563,AMOUNT_MISMATCH,AMOUNT_MISMATCH
SYNTH-CASE-000564,SYNTH-BANK-000564,,UNMATCHED_BANK,MISSING_LEDGER
SYNTH-CASE-000565,SYNTH-BANK-000565,SYNTH-LEDGER-000565,MATCH,NONE
SYNTH-CASE-000566,SYNTH-BANK-000566,,UNMATCHED_BANK,MISSING_LEDGER
SYNTH-CASE-000567,SYNTH-BANK-000567,SYNTH-LEDGER-000567,MATCH,NONE
SYNTH-CASE-000568,SYNTH-BANK-000568,SYNTH-LEDGER-000568,MATCH,NONE
SYNTH-CASE-000569,SYNTH-BANK-000569,SYNTH-LEDGER-000569,MATCH,NONE
SYNTH-CASE-000570,SYNTH-BANK-000570,SYNTH-LEDGER-000570,MATCH,NONE
SYNTH-CASE-000571,SYNTH-BANK-000571,SYNTH-LEDGER-000571,AMBIGUOUS,AMBIGUOUS
SYNTH-CASE-000572,SYNTH-BANK-000572,SYNTH-LEDGER-000572,MATCH,NONE
SYNTH-CASE-000573,SYNTH-BANK-000573,SYNTH-LEDGER-000573,MATCH,NONE
SYNTH-CASE-000574,SYNTH-BANK-000574,SYNTH-LEDGER-000574,MATCH,NONE
SYNTH-CASE-000575,SYNTH-BANK-000575,SYNTH-LEDGER-000575,MATCH,NONE
SYNTH-CASE-000576,SYNTH-BANK-000576,SYNTH-LEDGER-000576,MATCH,NONE
SYNTH-CASE-000577,SYNTH-BANK-000577,SYNTH-LEDGER-000577,MATCH,NONE
SYNTH-CASE-000578,SYNTH-BANK-000578,SYNTH-LEDGER-000578,AMOUNT_MISMATCH,AMOUNT_MISMATCH
SYNTH-CASE-000579,SYNTH-BANK-000579,SYNTH-LEDGER-000579,MATCH,NONE
SYNTH-CASE-000580,SYNTH-BANK-000580,SYNTH-LEDGER-000580,MATCH,NONE
SYNTH-CASE-000581,SYNTH-BANK-000581,SYNTH-LEDGER-000581,MATCH,NONE
SYNTH-CASE-000582,SYNTH-BANK-000582,SYNTH-LEDGER-000582,MATCH,NONE
SYNTH-CASE-000583,SYNTH-BANK-000583,SYNTH-LEDGER-000583,MATCH,NONE
SYNTH-CASE-000584,SYNTH-BANK-000584,SYNTH-LEDGER-000584,AMOUNT_MISMATCH,AMOUNT_MISMATCH
SYNTH-CASE-000585,SYNTH-BANK-000585,,UNMATCHED_BANK,MISSING_LEDGER
SYNTH-CASE-000586,SYNTH-BANK-000586,SYNTH-LEDGER-000586,MATCH,NONE
SYNTH-CASE-000587,SYNTH-BANK-000587,SYNTH-LEDGER-000587,AMBIGUOUS,AMBIGUOUS
SYNTH-CASE-000588,SYNTH-BANK-000588,SYNTH-LEDGER-000588,MATCH,NONE
SYNTH-CASE-000589,SYNTH-BANK-000589,SYNTH-LEDGER-000589,MATCH,NONE
SYNTH-CASE-000590,SYNTH-BANK-000590,SYNTH-LEDGER-000590,MATCH,NONE
SYNTH-CASE-000591,SYNTH-BANK-000591,SYNTH-LEDGER-000591,MATCH,NONE
SYNTH-CASE-000592,SYNTH-BANK-000592,SYNTH-LEDGER-000592,MATCH,NONE
SYNTH-CASE-000593,SYNTH-BANK-000593,SYNTH-LEDGER-000593,MATCH,NONE
SYNTH-CASE-000594,SYNTH-BANK-000594,SYNTH-LEDGER-000594,AMOUNT_MISMATCH,AMOUNT_MISMATCH
SYNTH-CASE-000595,SYNTH-BANK-000595,SYNTH-LEDGER-000595,MATCH,NONE
SYNTH-CASE-000596,SYNTH-BANK-000596,SYNTH-LEDGER-000596,MATCH,NONE
SYNTH-CASE-000597,SYNTH-BANK-000597,SYNTH-LEDGER-000597,MATCH,NONE
SYNTH-CASE-000598,SYNTH-BANK-000598,SYNTH-LEDGER-000598,MATCH,NONE
SYNTH-CASE-000599,SYNTH-BANK-000599,SYNTH-LEDGER-000599,DUPLICATE,DUPLICATE
SYNTH-CASE-000600,SYNTH-BANK-000600,SYNTH-LEDGER-000600,AMBIGUOUS,AMBIGUOUS
SYNTH-CASE-000601,SYNTH-BANK-000601,SYNTH-LEDGER-000601,AMOUNT_MISMATCH,AMOUNT_MISMATCH
SYNTH-CASE-000602,SYNTH-BANK-000602,SYNTH-LEDGER-000602,MATCH,NONE
SYNTH-CASE-000603,SYNTH-BANK-000603,SYNTH-LEDGER-000603,MATCH,NONE
SYNTH-CASE-000604,SYNTH-BANK-000604,SYNTH-LEDGER-000604,MATCH,NONE
SYNTH-CASE-000605,SYNTH-BANK-000605,SYNTH-LEDGER-000605,DUPLICATE,DUPLICATE
SYNTH-CASE-000606,SYNTH-BANK-000606,SYNTH-LEDGER-000606,MATCH,NONE
SYNTH-CASE-000607,SYNTH-BANK-000607,SYNTH-LEDGER-000607,AMBIGUOUS,AMBIGUOUS
SYNTH-CASE-000608,SYNTH-BANK-000608,SYNTH-LEDGER-000608,MATCH,NONE
SYNTH-CASE-000609,SYNTH-BANK-000609,SYNTH-LEDGER-000609,MATCH,NONE
SYNTH-CASE-000610,SYNTH-BANK-000610,SYNTH-LEDGER-000610,MATCH,NONE
SYNTH-CASE-000611,,SYNTH-LEDGER-000611,UNMATCHED_LEDGER,MISSING_BANK
SYNTH-CASE-000612,SYNTH-BANK-000612,SYNTH-LEDGER-000612,MATCH,NONE
SYNTH-CASE-000613,SYNTH-BANK-000613,SYNTH-LEDGER-000613,MATCH,NONE
SYNTH-CASE-000614,SYNTH-BANK-000614,SYNTH-LEDGER-000614,MATCH,NONE
SYNTH-CASE-000615,SYNTH-BANK-000615,SYNTH-LEDGER-000615,MATCH,NONE
SYNTH-CASE-000616,SYNTH-BANK-000616,SYNTH-LEDGER-000616,AMOUNT_MISMATCH,AMOUNT_MISMATCH
SYNTH-CASE-000617,SYNTH-BANK-000617,SYNTH-LEDGER-000617,MATCH,NONE
SYNTH-CASE-000618,SYNTH-BANK-000618,SYNTH-LEDGER-000618,MATCH,NONE
SYNTH-CASE-000619,SYNTH-BANK-000619,SYNTH-LEDGER-000619,AMOUNT_MISMATCH,AMOUNT_MISMATCH
SYNTH-CASE-000620,SYNTH-BANK-000620,SYNTH-LEDGER-000620,AMBIGUOUS,AMBIGUOUS
SYNTH-CASE-000621,SYNTH-BANK-000621,SYNTH-LEDGER-000621,MATCH,NONE
SYNTH-CASE-000622,SYNTH-BANK-000622,SYNTH-LEDGER-000622,MATCH,NONE
SYNTH-CASE-000623,SYNTH-BANK-000623,SYNTH-LEDGER-000623,MATCH,NONE
SYNTH-CASE-000624,SYNTH-BANK-000624,SYNTH-LEDGER-000624,AMBIGUOUS,AMBIGUOUS
SYNTH-CASE-000625,SYNTH-BANK-000625,,UNMATCHED_BANK,MISSING_LEDGER
SYNTH-CASE-000626,SYNTH-BANK-000626,SYNTH-LEDGER-000626,MATCH,NONE
SYNTH-CASE-000627,SYNTH-BANK-000627,SYNTH-LEDGER-000627,MATCH,NONE
SYNTH-CASE-000628,SYNTH-BANK-000628,SYNTH-LEDGER-000628,MATCH,NONE
SYNTH-CASE-000629,SYNTH-BANK-000629,SYNTH-LEDGER-000629,MATCH,NONE
SYNTH-CASE-000630,,SYNTH-LEDGER-000630,UNMATCHED_LEDGER,MISSING_BANK
SYNTH-CASE-000631,SYNTH-BANK-000631,SYNTH-LEDGER-000631,AMBIGUOUS,AMBIGUOUS
SYNTH-CASE-000632,SYNTH-BANK-000632,SYNTH-LEDGER-000632,MATCH,NONE
SYNTH-CASE-000633,,SYNTH-LEDGER-000633,UNMATCHED_LEDGER,MISSING_BANK
SYNTH-CASE-000634,SYNTH-BANK-000634,SYNTH-LEDGER-000634,MATCH,NONE
SYNTH-CASE-000635,SYNTH-BANK-000635,SYNTH-LEDGER-000635,DUPLICATE,DUPLICATE
SYNTH-CASE-000636,SYNTH-BANK-000636,SYNTH-LEDGER-000636,MATCH,NONE
SYNTH-CASE-000637,SYNTH-BANK-000637,SYNTH-LEDGER-000637,MATCH,NONE
SYNTH-CASE-000638,SYNTH-BANK-000638,SYNTH-LEDGER-000638,MATCH,NONE
SYNTH-CASE-000639,SYNTH-BANK-000639,SYNTH-LEDGER-000639,MATCH,NONE
SYNTH-CASE-000640,SYNTH-BANK-000640,SYNTH-LEDGER-000640,MATCH,NONE
SYNTH-CASE-000641,SYNTH-BANK-000641,SYNTH-LEDGER-000641,MATCH,NONE
SYNTH-CASE-000642,SYNTH-BANK-000642,SYNTH-LEDGER-000642,MATCH,NONE
SYNTH-CASE-000643,SYNTH-BANK-000643,SYNTH-LEDGER-000643,MATCH,NONE
SYNTH-CASE-000644,SYNTH-BANK-000644,,UNMATCHED_BANK,MISSING_LEDGER
SYNTH-CASE-000645,SYNTH-BANK-000645,SYNTH-LEDGER-000645,MATCH,NONE
SYNTH-CASE-000646,SYNTH-BANK-000646,SYNTH-LEDGER-000646,MATCH,NONE
SYNTH-CASE-000647,SYNTH-BANK-000647,SYNTH-LEDGER-000647,MATCH,NONE
SYNTH-CASE-000648,SYNTH-BANK-000648,SYNTH-LEDGER-000648,MATCH,NONE
SYNTH-CASE-000649,SYNTH-BANK-000649,SYNTH-LEDGER-000649,MATCH,NONE
SYNTH-CASE-000650,,SYNTH-LEDGER-000650,UNMATCHED_LEDGER,MISSING_BANK
SYNTH-CASE-000651,SYNTH-BANK-000651,SYNTH-LEDGER-000651,MATCH,NONE
SYNTH-CASE-000652,SYNTH-BANK-000652,SYNTH-LEDGER-000652,MATCH,NONE
SYNTH-CASE-000653,SYNTH-BANK-000653,SYNTH-LEDGER-000653,MATCH,NONE
SYNTH-CASE-000654,SYNTH-BANK-000654,SYNTH-LEDGER-000654,MATCH,NONE
SYNTH-CASE-000655,SYNTH-BANK-000655,SYNTH-LEDGER-000655,MATCH,NONE
SYNTH-CASE-000656,SYNTH-BANK-000656,SYNTH-LEDGER-000656,MATCH,NONE
SYNTH-CASE-000657,SYNTH-BANK-000657,SYNTH-LEDGER-000657,MATCH,NONE
SYNTH-CASE-000658,SYNTH-BANK-000658,SYNTH-LEDGER-000658,MATCH,NONE
SYNTH-CASE-000659,SYNTH-BANK-000659,SYNTH-LEDGER-000659,AMOUNT_MISMATCH,AMOUNT_MISMATCH
SYNTH-CASE-000660,SYNTH-BANK-000660,SYNTH-LEDGER-000660,MATCH,NONE
SYNTH-CASE-000661,SYNTH-BANK-000661,SYNTH-LEDGER-000661,AMOUNT_MISMATCH,AMOUNT_MISMATCH
SYNTH-CASE-000662,SYNTH-BANK-000662,SYNTH-LEDGER-000662,AMBIGUOUS,AMBIGUOUS
SYNTH-CASE-000663,SYNTH-BANK-000663,SYNTH-LEDGER-000663,MATCH,NONE
SYNTH-CASE-000664,SYNTH-BANK-000664,SYNTH-LEDGER-000664,DUPLICATE,DUPLICATE
SYNTH-CASE-000665,SYNTH-BANK-000665,SYNTH-LEDGER-000665,MATCH,NONE
SYNTH-CASE-000666,SYNTH-BANK-000666,SYNTH-LEDGER-000666,MATCH,NONE
SYNTH-CASE-000667,SYNTH-BANK-000667,SYNTH-LEDGER-000667,MATCH,NONE
SYNTH-CASE-000668,SYNTH-BANK-000668,SYNTH-LEDGER-000668,MATCH,NONE
SYNTH-CASE-000669,SYNTH-BANK-000669,SYNTH-LEDGER-000669,MATCH,NONE
SYNTH-CASE-000670,SYNTH-BANK-000670,SYNTH-LEDGER-000670,AMBIGUOUS,AMBIGUOUS
SYNTH-CASE-000671,SYNTH-BANK-000671,SYNTH-LEDGER-000671,MATCH,NONE
SYNTH-CASE-000672,SYNTH-BANK-000672,SYNTH-LEDGER-000672,MATCH,NONE
SYNTH-CASE-000673,SYNTH-BANK-000673,SYNTH-LEDGER-000673,MATCH,NONE
SYNTH-CASE-000674,SYNTH-BANK-000674,SYNTH-LEDGER-000674,MATCH,NONE
SYNTH-CASE-000675,SYNTH-BANK-000675,SYNTH-LEDGER-000675,AMOUNT_MISMATCH,AMOUNT_MISMATCH
SYNTH-CASE-000676,SYNTH-BANK-000676,SYNTH-LEDGER-000676,AMBIGUOUS,AMBIGUOUS
SYNTH-CASE-000677,SYNTH-BANK-000677,SYNTH-LEDGER-000677,MATCH,NONE
SYNTH-CASE-000678,SYNTH-BANK-000678,SYNTH-LEDGER-000678,MATCH,NONE
SYNTH-CASE-000679,SYNTH-BANK-000679,SYNTH-LEDGER-000679,MATCH,NONE
SYNTH-CASE-000680,SYNTH-BANK-000680,SYNTH-LEDGER-000680,MATCH,NONE
SYNTH-CASE-000681,SYNTH-BANK-000681,SYNTH-LEDGER-000681,MATCH,NONE
SYNTH-CASE-000682,SYNTH-BANK-000682,,UNMATCHED_BANK,MISSING_LEDGER
SYNTH-CASE-000683,SYNTH-BANK-000683,SYNTH-LEDGER-000683,MATCH,NONE
SYNTH-CASE-000684,SYNTH-BANK-000684,SYNTH-LEDGER-000684,AMBIGUOUS,AMBIGUOUS
SYNTH-CASE-000685,SYNTH-BANK-000685,SYNTH-LEDGER-000685,MATCH,NONE
SYNTH-CASE-000686,SYNTH-BANK-000686,SYNTH-LEDGER-000686,AMOUNT_MISMATCH,AMOUNT_MISMATCH
SYNTH-CASE-000687,SYNTH-BANK-000687,SYNTH-LEDGER-000687,MATCH,NONE
SYNTH-CASE-000688,SYNTH-BANK-000688,SYNTH-LEDGER-000688,MATCH,NONE
SYNTH-CASE-000689,SYNTH-BANK-000689,,UNMATCHED_BANK,MISSING_LEDGER
SYNTH-CASE-000690,SYNTH-BANK-000690,SYNTH-LEDGER-000690,MATCH,NONE
SYNTH-CASE-000691,SYNTH-BANK-000691,SYNTH-LEDGER-000691,MATCH,NONE
SYNTH-CASE-000692,SYNTH-BANK-000692,SYNTH-LEDGER-000692,MATCH,NONE
SYNTH-CASE-000693,SYNTH-BANK-000693,SYNTH-LEDGER-000693,MATCH,NONE
SYNTH-CASE-000694,SYNTH-BANK-000694,SYNTH-LEDGER-000694,MATCH,NONE
SYNTH-CASE-000695,,SYNTH-LEDGER-000695,UNMATCHED_LEDGER,MISSING_BANK
SYNTH-CASE-000696,SYNTH-BANK-000696,SYNTH-LEDGER-000696,MATCH,NONE
SYNTH-CASE-000697,SYNTH-BANK-000697,SYNTH-LEDGER-000697,MATCH,NONE
SYNTH-CASE-000698,SYNTH-BANK-000698,SYNTH-LEDGER-000698,MATCH,NONE
SYNTH-CASE-000699,SYNTH-BANK-000699,SYNTH-LEDGER-000699,MATCH,NONE
SYNTH-CASE-000700,SYNTH-BANK-000700,SYNTH-LEDGER-000700,MATCH,NONE
SYNTH-CASE-000701,SYNTH-BANK-000701,SYNTH-LEDGER-000701,MATCH,NONE
SYNTH-CASE-000702,SYNTH-BANK-000702,SYNTH-LEDGER-000702,DUPLICATE,DUPLICATE
SYNTH-CASE-000703,,SYNTH-LEDGER-000703,UNMATCHED_LEDGER,MISSING_BANK
SYNTH-CASE-000704,SYNTH-BANK-000704,SYNTH-LEDGER-000704,MATCH,NONE
SYNTH-CASE-000705,SYNTH-BANK-000705,SYNTH-LEDGER-000705,MATCH,NONE
SYNTH-CASE-000706,SYNTH-BANK-000706,SYNTH-LEDGER-000706,MATCH,NONE
SYNTH-CASE-000707,SYNTH-BANK-000707,SYNTH-LEDGER-000707,MATCH,NONE
SYNTH-CASE-000708,SYNTH-BANK-000708,SYNTH-LEDGER-000708,MATCH,NONE
SYNTH-CASE-000709,SYNTH-BANK-000709,SYNTH-LEDGER-000709,AMOUNT_MISMATCH,AMOUNT_MISMATCH
SYNTH-CASE-000710,SYNTH-BANK-000710,SYNTH-LEDGER-000710,MATCH,NONE
SYNTH-CASE-000711,SYNTH-BANK-000711,SYNTH-LEDGER-000711,MATCH,NONE
SYNTH-CASE-000712,SYNTH-BANK-000712,SYNTH-LEDGER-000712,MATCH,NONE
SYNTH-CASE-000713,SYNTH-BANK-000713,SYNTH-LEDGER-000713,MATCH,NONE
SYNTH-CASE-000714,SYNTH-BANK-000714,SYNTH-LEDGER-000714,MATCH,NONE
SYNTH-CASE-000715,SYNTH-BANK-000715,SYNTH-LEDGER-000715,AMBIGUOUS,AMBIGUOUS
SYNTH-CASE-000716,SYNTH-BANK-000716,SYNTH-LEDGER-000716,MATCH,NONE
SYNTH-CASE-000717,SYNTH-BANK-000717,SYNTH-LEDGER-000717,DUPLICATE,DUPLICATE
SYNTH-CASE-000718,SYNTH-BANK-000718,SYNTH-LEDGER-000718,MATCH,NONE
SYNTH-CASE-000719,SYNTH-BANK-000719,SYNTH-LEDGER-000719,MATCH,NONE
SYNTH-CASE-000720,SYNTH-BANK-000720,SYNTH-LEDGER-000720,MATCH,NONE
SYNTH-CASE-000721,SYNTH-BANK-000721,SYNTH-LEDGER-000721,DUPLICATE,DUPLICATE
SYNTH-CASE-000722,SYNTH-BANK-000722,SYNTH-LEDGER-000722,MATCH,NONE
SYNTH-CASE-000723,SYNTH-BANK-000723,SYNTH-LEDGER-000723,AMOUNT_MISMATCH,AMOUNT_MISMATCH
SYNTH-CASE-000724,SYNTH-BANK-000724,SYNTH-LEDGER-000724,MATCH,NONE
SYNTH-CASE-000725,SYNTH-BANK-000725,SYNTH-LEDGER-000725,MATCH,NONE
SYNTH-CASE-000726,SYNTH-BANK-000726,SYNTH-LEDGER-000726,MATCH,NONE
SYNTH-CASE-000727,SYNTH-BANK-000727,SYNTH-LEDGER-000727,MATCH,NONE
SYNTH-CASE-000728,SYNTH-BANK-000728,,UNMATCHED_BANK,MISSING_LEDGER
SYNTH-CASE-000729,SYNTH-BANK-000729,SYNTH-LEDGER-000729,AMOUNT_MISMATCH,AMOUNT_MISMATCH
SYNTH-CASE-000730,SYNTH-BANK-000730,SYNTH-LEDGER-000730,AMBIGUOUS,AMBIGUOUS
SYNTH-CASE-000731,SYNTH-BANK-000731,SYNTH-LEDGER-000731,AMOUNT_MISMATCH,AMOUNT_MISMATCH
SYNTH-CASE-000732,SYNTH-BANK-000732,SYNTH-LEDGER-000732,MATCH,NONE
SYNTH-CASE-000733,,SYNTH-LEDGER-000733,UNMATCHED_LEDGER,MISSING_BANK
SYNTH-CASE-000734,SYNTH-BANK-000734,SYNTH-LEDGER-000734,MATCH,NONE
SYNTH-CASE-000735,SYNTH-BANK-000735,SYNTH-LEDGER-000735,MATCH,NONE
SYNTH-CASE-000736,SYNTH-BANK-000736,SYNTH-LEDGER-000736,AMBIGUOUS,AMBIGUOUS
SYNTH-CASE-000737,SYNTH-BANK-000737,SYNTH-LEDGER-000737,MATCH,NONE
SYNTH-CASE-000738,SYNTH-BANK-000738,SYNTH-LEDGER-000738,MATCH,NONE
SYNTH-CASE-000739,SYNTH-BANK-000739,SYNTH-LEDGER-000739,MATCH,NONE
SYNTH-CASE-000740,SYNTH-BANK-000740,SYNTH-LEDGER-000740,MATCH,NONE
SYNTH-CASE-000741,SYNTH-BANK-000741,SYNTH-LEDGER-000741,MATCH,NONE
SYNTH-CASE-000742,SYNTH-BANK-000742,SYNTH-LEDGER-000742,MATCH,NONE
SYNTH-CASE-000743,SYNTH-BANK-000743,SYNTH-LEDGER-000743,MATCH,NONE
SYNTH-CASE-000744,,SYNTH-LEDGER-000744,UNMATCHED_LEDGER,MISSING_BANK
SYNTH-CASE-000745,SYNTH-BANK-000745,SYNTH-LEDGER-000745,MATCH,NONE
SYNTH-CASE-000746,SYNTH-BANK-000746,SYNTH-LEDGER-000746,MATCH,NONE
SYNTH-CASE-000747,SYNTH-BANK-000747,SYNTH-LEDGER-000747,MATCH,NONE
SYNTH-CASE-000748,SYNTH-BANK-000748,SYNTH-LEDGER-000748,MATCH,NONE
SYNTH-CASE-000749,SYNTH-BANK-000749,SYNTH-LEDGER-000749,MATCH,NONE
SYNTH-CASE-000750,SYNTH-BANK-000750,SYNTH-LEDGER-000750,MATCH,NONE
SYNTH-CASE-000751,SYNTH-BANK-000751,SYNTH-LEDGER-000751,AMOUNT_MISMATCH,AMOUNT_MISMATCH
SYNTH-CASE-000752,SYNTH-BANK-000752,SYNTH-LEDGER-000752,AMOUNT_MISMATCH,AMOUNT_MISMATCH
SYNTH-CASE-000753,SYNTH-BANK-000753,SYNTH-LEDGER-000753,MATCH,NONE
SYNTH-CASE-000754,SYNTH-BANK-000754,SYNTH-LEDGER-000754,MATCH,NONE
SYNTH-CASE-000755,SYNTH-BANK-000755,,UNMATCHED_BANK,MISSING_LEDGER
SYNTH-CASE-000756,SYNTH-BANK-000756,SYNTH-LEDGER-000756,MATCH,NONE
SYNTH-CASE-000757,SYNTH-BANK-000757,SYNTH-LEDGER-000757,AMOUNT_MISMATCH,AMOUNT_MISMATCH
SYNTH-CASE-000758,SYNTH-BANK-000758,SYNTH-LEDGER-000758,MATCH,NONE
SYNTH-CASE-000759,SYNTH-BANK-000759,SYNTH-LEDGER-000759,MATCH,NONE
SYNTH-CASE-000760,SYNTH-BANK-000760,SYNTH-LEDGER-000760,MATCH,NONE
SYNTH-CASE-000761,SYNTH-BANK-000761,SYNTH-LEDGER-000761,MATCH,NONE
SYNTH-CASE-000762,SYNTH-BANK-000762,SYNTH-LEDGER-000762,MATCH,NONE
SYNTH-CASE-000763,SYNTH-BANK-000763,SYNTH-LEDGER-000763,MATCH,NONE
SYNTH-CASE-000764,SYNTH-BANK-000764,SYNTH-LEDGER-000764,AMBIGUOUS,AMBIGUOUS
SYNTH-CASE-000765,SYNTH-BANK-000765,SYNTH-LEDGER-000765,MATCH,NONE
SYNTH-CASE-000766,,SYNTH-LEDGER-000766,UNMATCHED_LEDGER,MISSING_BANK
SYNTH-CASE-000767,SYNTH-BANK-000767,,UNMATCHED_BANK,MISSING_LEDGER
SYNTH-CASE-000768,SYNTH-BANK-000768,SYNTH-LEDGER-000768,MATCH,NONE
SYNTH-CASE-000769,SYNTH-BANK-000769,SYNTH-LEDGER-000769,AMOUNT_MISMATCH,AMOUNT_MISMATCH
SYNTH-CASE-000770,SYNTH-BANK-000770,SYNTH-LEDGER-000770,AMBIGUOUS,AMBIGUOUS
SYNTH-CASE-000771,SYNTH-BANK-000771,SYNTH-LEDGER-000771,MATCH,NONE
SYNTH-CASE-000772,SYNTH-BANK-000772,SYNTH-LEDGER-000772,MATCH,NONE
SYNTH-CASE-000773,SYNTH-BANK-000773,SYNTH-LEDGER-000773,AMOUNT_MISMATCH,AMOUNT_MISMATCH
SYNTH-CASE-000774,SYNTH-BANK-000774,SYNTH-LEDGER-000774,MATCH,NONE
SYNTH-CASE-000775,SYNTH-BANK-000775,SYNTH-LEDGER-000775,MATCH,NONE
SYNTH-CASE-000776,SYNTH-BANK-000776,SYNTH-LEDGER-000776,MATCH,NONE
SYNTH-CASE-000777,SYNTH-BANK-000777,SYNTH-LEDGER-000777,MATCH,NONE
SYNTH-CASE-000778,SYNTH-BANK-000778,SYNTH-LEDGER-000778,MATCH,NONE
SYNTH-CASE-000779,SYNTH-BANK-000779,SYNTH-LEDGER-000779,MATCH,NONE
SYNTH-CASE-000780,SYNTH-BANK-000780,SYNTH-LEDGER-000780,DUPLICATE,DUPLICATE
SYNTH-CASE-000781,SYNTH-BANK-000781,SYNTH-LEDGER-000781,AMBIGUOUS,AMBIGUOUS
SYNTH-CASE-000782,SYNTH-BANK-000782,SYNTH-LEDGER-000782,MATCH,NONE
SYNTH-CASE-000783,SYNTH-BANK-000783,SYNTH-LEDGER-000783,MATCH,NONE
SYNTH-CASE-000784,SYNTH-BANK-000784,,UNMATCHED_BANK,MISSING_LEDGER
SYNTH-CASE-000785,SYNTH-BANK-000785,SYNTH-LEDGER-000785,MATCH,NONE
SYNTH-CASE-000786,,SYNTH-LEDGER-000786,UNMATCHED_LEDGER,MISSING_BANK
SYNTH-CASE-000787,SYNTH-BANK-000787,SYNTH-LEDGER-000787,AMOUNT_MISMATCH,AMOUNT_MISMATCH
SYNTH-CASE-000788,SYNTH-BANK-000788,SYNTH-LEDGER-000788,AMOUNT_MISMATCH,AMOUNT_MISMATCH
SYNTH-CASE-000789,SYNTH-BANK-000789,SYNTH-LEDGER-000789,MATCH,NONE
SYNTH-CASE-000790,SYNTH-BANK-000790,,UNMATCHED_BANK,MISSING_LEDGER
SYNTH-CASE-000791,SYNTH-BANK-000791,SYNTH-LEDGER-000791,AMOUNT_MISMATCH,AMOUNT_MISMATCH
SYNTH-CASE-000792,SYNTH-BANK-000792,SYNTH-LEDGER-000792,MATCH,NONE
SYNTH-CASE-000793,SYNTH-BANK-000793,SYNTH-LEDGER-000793,MATCH,NONE
SYNTH-CASE-000794,SYNTH-BANK-000794,SYNTH-LEDGER-000794,MATCH,NONE
SYNTH-CASE-000795,SYNTH-BANK-000795,SYNTH-LEDGER-000795,MATCH,NONE
SYNTH-CASE-000796,SYNTH-BANK-000796,SYNTH-LEDGER-000796,AMBIGUOUS,AMBIGUOUS
SYNTH-CASE-000797,SYNTH-BANK-000797,SYNTH-LEDGER-000797,MATCH,NONE
SYNTH-CASE-000798,SYNTH-BANK-000798,SYNTH-LEDGER-000798,MATCH,NONE
SYNTH-CASE-000799,SYNTH-BANK-000799,,UNMATCHED_BANK,MISSING_LEDGER
SYNTH-CASE-000800,SYNTH-BANK-000800,SYNTH-LEDGER-000800,MATCH,NONE
SYNTH-CASE-000801,SYNTH-BANK-000801,SYNTH-LEDGER-000801,AMOUNT_MISMATCH,AMOUNT_MISMATCH
SYNTH-CASE-000802,SYNTH-BANK-000802,SYNTH-LEDGER-000802,MATCH,NONE
SYNTH-CASE-000803,SYNTH-BANK-000803,SYNTH-LEDGER-000803,AMOUNT_MISMATCH,AMOUNT_MISMATCH
SYNTH-CASE-000804,SYNTH-BANK-000804,SYNTH-LEDGER-000804,MATCH,NONE
SYNTH-CASE-000805,SYNTH-BANK-000805,SYNTH-LEDGER-000805,MATCH,NONE
SYNTH-CASE-000806,SYNTH-BANK-000806,SYNTH-LEDGER-000806,MATCH,NONE
SYNTH-CASE-000807,SYNTH-BANK-000807,SYNTH-LEDGER-000807,AMBIGUOUS,AMBIGUOUS
SYNTH-CASE-000808,SYNTH-BANK-000808,SYNTH-LEDGER-000808,MATCH,NONE
SYNTH-CASE-000809,SYNTH-BANK-000809,SYNTH-LEDGER-000809,DUPLICATE,DUPLICATE
SYNTH-CASE-000810,SYNTH-BANK-000810,SYNTH-LEDGER-000810,MATCH,NONE
SYNTH-CASE-000811,SYNTH-BANK-000811,SYNTH-LEDGER-000811,MATCH,NONE
SYNTH-CASE-000812,SYNTH-BANK-000812,SYNTH-LEDGER-000812,MATCH,NONE
SYNTH-CASE-000813,SYNTH-BANK-000813,SYNTH-LEDGER-000813,MATCH,NONE
SYNTH-CASE-000814,SYNTH-BANK-000814,SYNTH-LEDGER-000814,MATCH,NONE
SYNTH-CASE-000815,SYNTH-BANK-000815,SYNTH-LEDGER-000815,MATCH,NONE
SYNTH-CASE-000816,SYNTH-BANK-000816,SYNTH-LEDGER-000816,MATCH,NONE
SYNTH-CASE-000817,SYNTH-BANK-000817,SYNTH-LEDGER-000817,AMBIGUOUS,AMBIGUOUS
SYNTH-CASE-000818,SYNTH-BANK-000818,SYNTH-LEDGER-000818,AMBIGUOUS,AMBIGUOUS
SYNTH-CASE-000819,SYNTH-BANK-000819,SYNTH-LEDGER-000819,MATCH,NONE
SYNTH-CASE-000820,SYNTH-BANK-000820,SYNTH-LEDGER-000820,AMOUNT_MISMATCH,AMOUNT_MISMATCH
SYNTH-CASE-000821,SYNTH-BANK-000821,SYNTH-LEDGER-000821,MATCH,NONE
SYNTH-CASE-000822,SYNTH-BANK-000822,SYNTH-LEDGER-000822,MATCH,NONE
SYNTH-CASE-000823,SYNTH-BANK-000823,SYNTH-LEDGER-000823,AMOUNT_MISMATCH,AMOUNT_MISMATCH
SYNTH-CASE-000824,SYNTH-BANK-000824,,UNMATCHED_BANK,MISSING_LEDGER
SYNTH-CASE-000825,SYNTH-BANK-000825,SYNTH-LEDGER-000825,MATCH,NONE
SYNTH-CASE-000826,SYNTH-BANK-000826,SYNTH-LEDGER-000826,MATCH,NONE
SYNTH-CASE-000827,SYNTH-BANK-000827,SYNTH-LEDGER-000827,AMBIGUOUS,AMBIGUOUS
SYNTH-CASE-000828,SYNTH-BANK-000828,,UNMATCHED_BANK,MISSING_LEDGER
SYNTH-CASE-000829,SYNTH-BANK-000829,SYNTH-LEDGER-000829,MATCH,NONE
SYNTH-CASE-000830,SYNTH-BANK-000830,SYNTH-LEDGER-000830,MATCH,NONE
SYNTH-CASE-000831,SYNTH-BANK-000831,SYNTH-LEDGER-000831,MATCH,NONE
SYNTH-CASE-000832,SYNTH-BANK-000832,SYNTH-LEDGER-000832,MATCH,NONE
SYNTH-CASE-000833,SYNTH-BANK-000833,SYNTH-LEDGER-000833,AMOUNT_MISMATCH,AMOUNT_MISMATCH
SYNTH-CASE-000834,SYNTH-BANK-000834,SYNTH-LEDGER-000834,MATCH,NONE
SYNTH-CASE-000835,SYNTH-BANK-000835,SYNTH-LEDGER-000835,MATCH,NONE
SYNTH-CASE-000836,SYNTH-BANK-000836,SYNTH-LEDGER-000836,MATCH,NONE
SYNTH-CASE-000837,,SYNTH-LEDGER-000837,UNMATCHED_LEDGER,MISSING_BANK
SYNTH-CASE-000838,SYNTH-BANK-000838,SYNTH-LEDGER-000838,MATCH,NONE
SYNTH-CASE-000839,SYNTH-BANK-000839,SYNTH-LEDGER-000839,MATCH,NONE
SYNTH-CASE-000840,SYNTH-BANK-000840,SYNTH-LEDGER-000840,MATCH,NONE
SYNTH-CASE-000841,SYNTH-BANK-000841,SYNTH-LEDGER-000841,MATCH,NONE
SYNTH-CASE-000842,SYNTH-BANK-000842,SYNTH-LEDGER-000842,MATCH,NONE
SYNTH-CASE-000843,SYNTH-BANK-000843,,UNMATCHED_BANK,MISSING_LEDGER
SYNTH-CASE-000844,SYNTH-BANK-000844,SYNTH-LEDGER-000844,MATCH,NONE
SYNTH-CASE-000845,SYNTH-BANK-000845,SYNTH-LEDGER-000845,MATCH,NONE
SYNTH-CASE-000846,SYNTH-BANK-000846,SYNTH-LEDGER-000846,MATCH,NONE
SYNTH-CASE-000847,SYNTH-BANK-000847,SYNTH-LEDGER-000847,MATCH,NONE
SYNTH-CASE-000848,SYNTH-BANK-000848,SYNTH-LEDGER-000848,MATCH,NONE
SYNTH-CASE-000849,SYNTH-BANK-000849,SYNTH-LEDGER-000849,AMOUNT_MISMATCH,AMOUNT_MISMATCH
SYNTH-CASE-000850,SYNTH-BANK-000850,SYNTH-LEDGER-000850,AMBIGUOUS,AMBIGUOUS
SYNTH-CASE-000851,SYNTH-BANK-000851,SYNTH-LEDGER-000851,MATCH,NONE
SYNTH-CASE-000852,SYNTH-BANK-000852,SYNTH-LEDGER-000852,MATCH,NONE
SYNTH-CASE-000853,SYNTH-BANK-000853,SYNTH-LEDGER-000853,MATCH,NONE
SYNTH-CASE-000854,SYNTH-BANK-000854,SYNTH-LEDGER-000854,MATCH,NONE
SYNTH-CASE-000855,SYNTH-BANK-000855,SYNTH-LEDGER-000855,MATCH,NONE
SYNTH-CASE-000856,SYNTH-BANK-000856,SYNTH-LEDGER-000856,MATCH,NONE
SYNTH-CASE-000857,SYNTH-BANK-000857,SYNTH-LEDGER-000857,MATCH,NONE
SYNTH-CASE-000858,SYNTH-BANK-000858,SYNTH-LEDGER-000858,MATCH,NONE
SYNTH-CASE-000859,SYNTH-BANK-000859,SYNTH-LEDGER-000859,MATCH,NONE
SYNTH-CASE-000860,SYNTH-BANK-000860,SYNTH-LEDGER-000860,AMOUNT_MISMATCH,AMOUNT_MISMATCH
SYNTH-CASE-000861,SYNTH-BANK-000861,SYNTH-LEDGER-000861,MATCH,NONE
SYNTH-CASE-000862,SYNTH-BANK-000862,SYNTH-LEDGER-000862,MATCH,NONE
SYNTH-CASE-000863,SYNTH-BANK-000863,SYNTH-LEDGER-000863,MATCH,NONE
SYNTH-CASE-000864,SYNTH-BANK-000864,SYNTH-LEDGER-000864,MATCH,NONE
SYNTH-CASE-000865,SYNTH-BANK-000865,SYNTH-LEDGER-000865,MATCH,NONE
SYNTH-CASE-000866,,SYNTH-LEDGER-000866,UNMATCHED_LEDGER,MISSING_BANK
SYNTH-CASE-000867,SYNTH-BANK-000867,SYNTH-LEDGER-000867,AMOUNT_MISMATCH,AMOUNT_MISMATCH
SYNTH-CASE-000868,SYNTH-BANK-000868,SYNTH-LEDGER-000868,AMOUNT_MISMATCH,AMOUNT_MISMATCH
SYNTH-CASE-000869,SYNTH-BANK-000869,SYNTH-LEDGER-000869,MATCH,NONE
SYNTH-CASE-000870,SYNTH-BANK-000870,SYNTH-LEDGER-000870,AMOUNT_MISMATCH,AMOUNT_MISMATCH
SYNTH-CASE-000871,SYNTH-BANK-000871,SYNTH-LEDGER-000871,MATCH,NONE
SYNTH-CASE-000872,SYNTH-BANK-000872,SYNTH-LEDGER-000872,MATCH,NONE
SYNTH-CASE-000873,SYNTH-BANK-000873,SYNTH-LEDGER-000873,MATCH,NONE
SYNTH-CASE-000874,SYNTH-BANK-000874,SYNTH-LEDGER-000874,MATCH,NONE
SYNTH-CASE-000875,SYNTH-BANK-000875,SYNTH-LEDGER-000875,MATCH,NONE
SYNTH-CASE-000876,SYNTH-BANK-000876,SYNTH-LEDGER-000876,MATCH,NONE
SYNTH-CASE-000877,SYNTH-BANK-000877,SYNTH-LEDGER-000877,MATCH,NONE
SYNTH-CASE-000878,SYNTH-BANK-000878,SYNTH-LEDGER-000878,MATCH,NONE
SYNTH-CASE-000879,SYNTH-BANK-000879,SYNTH-LEDGER-000879,MATCH,NONE
SYNTH-CASE-000880,SYNTH-BANK-000880,SYNTH-LEDGER-000880,MATCH,NONE
SYNTH-CASE-000881,SYNTH-BANK-000881,SYNTH-LEDGER-000881,DUPLICATE,DUPLICATE
SYNTH-CASE-000882,SYNTH-BANK-000882,SYNTH-LEDGER-000882,MATCH,NONE
SYNTH-CASE-000883,SYNTH-BANK-000883,SYNTH-LEDGER-000883,MATCH,NONE
SYNTH-CASE-000884,SYNTH-BANK-000884,SYNTH-LEDGER-000884,MATCH,NONE
SYNTH-CASE-000885,SYNTH-BANK-000885,SYNTH-LEDGER-000885,MATCH,NONE
SYNTH-CASE-000886,,SYNTH-LEDGER-000886,UNMATCHED_LEDGER,MISSING_BANK
SYNTH-CASE-000887,SYNTH-BANK-000887,SYNTH-LEDGER-000887,MATCH,NONE
SYNTH-CASE-000888,SYNTH-BANK-000888,SYNTH-LEDGER-000888,MATCH,NONE
SYNTH-CASE-000889,SYNTH-BANK-000889,SYNTH-LEDGER-000889,AMOUNT_MISMATCH,AMOUNT_MISMATCH
SYNTH-CASE-000890,SYNTH-BANK-000890,SYNTH-LEDGER-000890,AMBIGUOUS,AMBIGUOUS
SYNTH-CASE-000891,SYNTH-BANK-000891,SYNTH-LEDGER-000891,MATCH,NONE
SYNTH-CASE-000892,,SYNTH-LEDGER-000892,UNMATCHED_LEDGER,MISSING_BANK
SYNTH-CASE-000893,SYNTH-BANK-000893,SYNTH-LEDGER-000893,MATCH,NONE
SYNTH-CASE-000894,SYNTH-BANK-000894,SYNTH-LEDGER-000894,AMOUNT_MISMATCH,AMOUNT_MISMATCH
SYNTH-CASE-000895,SYNTH-BANK-000895,SYNTH-LEDGER-000895,MATCH,NONE
SYNTH-CASE-000896,,SYNTH-LEDGER-000896,UNMATCHED_LEDGER,MISSING_BANK
SYNTH-CASE-000897,SYNTH-BANK-000897,SYNTH-LEDGER-000897,AMBIGUOUS,AMBIGUOUS
SYNTH-CASE-000898,SYNTH-BANK-000898,SYNTH-LEDGER-000898,MATCH,NONE
SYNTH-CASE-000899,SYNTH-BANK-000899,SYNTH-LEDGER-000899,AMOUNT_MISMATCH,AMOUNT_MISMATCH
SYNTH-CASE-000900,SYNTH-BANK-000900,SYNTH-LEDGER-000900,MATCH,NONE
SYNTH-CASE-000901,SYNTH-BANK-000901,SYNTH-LEDGER-000901,MATCH,NONE
SYNTH-CASE-000902,SYNTH-BANK-000902,SYNTH-LEDGER-000902,MATCH,NONE
SYNTH-CASE-000903,SYNTH-BANK-000903,SYNTH-LEDGER-000903,MATCH,NONE
SYNTH-CASE-000904,SYNTH-BANK-000904,SYNTH-LEDGER-000904,MATCH,NONE
SYNTH-CASE-000905,SYNTH-BANK-000905,SYNTH-LEDGER-000905,AMOUNT_MISMATCH,AMOUNT_MISMATCH
SYNTH-CASE-000906,SYNTH-BANK-000906,SYNTH-LEDGER-000906,MATCH,NONE
SYNTH-CASE-000907,SYNTH-BANK-000907,SYNTH-LEDGER-000907,AMOUNT_MISMATCH,AMOUNT_MISMATCH
SYNTH-CASE-000908,SYNTH-BANK-000908,SYNTH-LEDGER-000908,MATCH,NONE
SYNTH-CASE-000909,SYNTH-BANK-000909,SYNTH-LEDGER-000909,MATCH,NONE
SYNTH-CASE-000910,SYNTH-BANK-000910,SYNTH-LEDGER-000910,MATCH,NONE
SYNTH-CASE-000911,SYNTH-BANK-000911,SYNTH-LEDGER-000911,AMOUNT_MISMATCH,AMOUNT_MISMATCH
SYNTH-CASE-000912,SYNTH-BANK-000912,SYNTH-LEDGER-000912,AMBIGUOUS,AMBIGUOUS
SYNTH-CASE-000913,SYNTH-BANK-000913,SYNTH-LEDGER-000913,DUPLICATE,DUPLICATE
SYNTH-CASE-000914,SYNTH-BANK-000914,SYNTH-LEDGER-000914,MATCH,NONE
SYNTH-CASE-000915,SYNTH-BANK-000915,SYNTH-LEDGER-000915,DUPLICATE,DUPLICATE
SYNTH-CASE-000916,SYNTH-BANK-000916,SYNTH-LEDGER-000916,MATCH,NONE
SYNTH-CASE-000917,SYNTH-BANK-000917,SYNTH-LEDGER-000917,MATCH,NONE
SYNTH-CASE-000918,SYNTH-BANK-000918,SYNTH-LEDGER-000918,MATCH,NONE
SYNTH-CASE-000919,,SYNTH-LEDGER-000919,UNMATCHED_LEDGER,MISSING_BANK
SYNTH-CASE-000920,SYNTH-BANK-000920,SYNTH-LEDGER-000920,AMOUNT_MISMATCH,AMOUNT_MISMATCH
SYNTH-CASE-000921,SYNTH-BANK-000921,SYNTH-LEDGER-000921,MATCH,NONE
SYNTH-CASE-000922,SYNTH-BANK-000922,SYNTH-LEDGER-000922,MATCH,NONE
SYNTH-CASE-000923,SYNTH-BANK-000923,SYNTH-LEDGER-000923,MATCH,NONE
SYNTH-CASE-000924,SYNTH-BANK-000924,SYNTH-LEDGER-000924,MATCH,NONE
SYNTH-CASE-000925,SYNTH-BANK-000925,SYNTH-LEDGER-000925,MATCH,NONE
SYNTH-CASE-000926,SYNTH-BANK-000926,SYNTH-LEDGER-000926,MATCH,NONE
SYNTH-CASE-000927,SYNTH-BANK-000927,SYNTH-LEDGER-000927,MATCH,NONE
SYNTH-CASE-000928,SYNTH-BANK-000928,SYNTH-LEDGER-000928,MATCH,NONE
SYNTH-CASE-000929,SYNTH-BANK-000929,SYNTH-LEDGER-000929,MATCH,NONE
SYNTH-CASE-000930,SYNTH-BANK-000930,SYNTH-LEDGER-000930,MATCH,NONE
SYNTH-CASE-000931,SYNTH-BANK-000931,SYNTH-LEDGER-000931,MATCH,NONE
SYNTH-CASE-000932,SYNTH-BANK-000932,SYNTH-LEDGER-000932,AMOUNT_MISMATCH,AMOUNT_MISMATCH
SYNTH-CASE-000933,SYNTH-BANK-000933,SYNTH-LEDGER-000933,MATCH,NONE
SYNTH-CASE-000934,SYNTH-BANK-000934,SYNTH-LEDGER-000934,DUPLICATE,DUPLICATE
SYNTH-CASE-000935,SYNTH-BANK-000935,SYNTH-LEDGER-000935,DUPLICATE,DUPLICATE
SYNTH-CASE-000936,SYNTH-BANK-000936,SYNTH-LEDGER-000936,MATCH,NONE
SYNTH-CASE-000937,SYNTH-BANK-000937,SYNTH-LEDGER-000937,MATCH,NONE
SYNTH-CASE-000938,SYNTH-BANK-000938,SYNTH-LEDGER-000938,MATCH,NONE
SYNTH-CASE-000939,SYNTH-BANK-000939,SYNTH-LEDGER-000939,MATCH,NONE
SYNTH-CASE-000940,SYNTH-BANK-000940,SYNTH-LEDGER-000940,AMOUNT_MISMATCH,AMOUNT_MISMATCH
SYNTH-CASE-000941,SYNTH-BANK-000941,SYNTH-LEDGER-000941,MATCH,NONE
SYNTH-CASE-000942,SYNTH-BANK-000942,SYNTH-LEDGER-000942,MATCH,NONE
SYNTH-CASE-000943,SYNTH-BANK-000943,SYNTH-LEDGER-000943,AMOUNT_MISMATCH,AMOUNT_MISMATCH
SYNTH-CASE-000944,SYNTH-BANK-000944,SYNTH-LEDGER-000944,MATCH,NONE
SYNTH-CASE-000945,SYNTH-BANK-000945,SYNTH-LEDGER-000945,MATCH,NONE
SYNTH-CASE-000946,SYNTH-BANK-000946,SYNTH-LEDGER-000946,MATCH,NONE
SYNTH-CASE-000947,SYNTH-BANK-000947,SYNTH-LEDGER-000947,MATCH,NONE
SYNTH-CASE-000948,SYNTH-BANK-000948,,UNMATCHED_BANK,MISSING_LEDGER
SYNTH-CASE-000949,,SYNTH-LEDGER-000949,UNMATCHED_LEDGER,MISSING_BANK
SYNTH-CASE-000950,SYNTH-BANK-000950,SYNTH-LEDGER-000950,MATCH,NONE
SYNTH-CASE-000951,SYNTH-BANK-000951,SYNTH-LEDGER-000951,MATCH,NONE
SYNTH-CASE-000952,SYNTH-BANK-000952,SYNTH-LEDGER-000952,MATCH,NONE
SYNTH-CASE-000953,SYNTH-BANK-000953,SYNTH-LEDGER-000953,MATCH,NONE
SYNTH-CASE-000954,SYNTH-BANK-000954,SYNTH-LEDGER-000954,MATCH,NONE
SYNTH-CASE-000955,SYNTH-BANK-000955,SYNTH-LEDGER-000955,MATCH,NONE
SYNTH-CASE-000956,SYNTH-BANK-000956,SYNTH-LEDGER-000956,MATCH,NONE
SYNTH-CASE-000957,SYNTH-BANK-000957,SYNTH-LEDGER-000957,MATCH,NONE
SYNTH-CASE-000958,SYNTH-BANK-000958,SYNTH-LEDGER-000958,MATCH,NONE
SYNTH-CASE-000959,SYNTH-BANK-000959,SYNTH-LEDGER-000959,MATCH,NONE
SYNTH-CASE-000960,SYNTH-BANK-000960,SYNTH-LEDGER-000960,AMBIGUOUS,AMBIGUOUS
SYNTH-CASE-000961,SYNTH-BANK-000961,SYNTH-LEDGER-000961,DUPLICATE,DUPLICATE
SYNTH-CASE-000962,SYNTH-BANK-000962,SYNTH-LEDGER-000962,MATCH,NONE
SYNTH-CASE-000963,SYNTH-BANK-000963,SYNTH-LEDGER-000963,MATCH,NONE
SYNTH-CASE-000964,SYNTH-BANK-000964,SYNTH-LEDGER-000964,AMOUNT_MISMATCH,AMOUNT_MISMATCH
SYNTH-CASE-000965,SYNTH-BANK-000965,SYNTH-LEDGER-000965,MATCH,NONE
SYNTH-CASE-000966,SYNTH-BANK-000966,SYNTH-LEDGER-000966,MATCH,NONE
SYNTH-CASE-000967,SYNTH-BANK-000967,SYNTH-LEDGER-000967,MATCH,NONE
SYNTH-CASE-000968,SYNTH-BANK-000968,SYNTH-LEDGER-000968,AMOUNT_MISMATCH,AMOUNT_MISMATCH
SYNTH-CASE-000969,SYNTH-BANK-000969,SYNTH-LEDGER-000969,DUPLICATE,DUPLICATE
SYNTH-CASE-000970,SYNTH-BANK-000970,SYNTH-LEDGER-000970,MATCH,NONE
SYNTH-CASE-000971,SYNTH-BANK-000971,SYNTH-LEDGER-000971,MATCH,NONE
SYNTH-CASE-000972,SYNTH-BANK-000972,SYNTH-LEDGER-000972,AMBIGUOUS,AMBIGUOUS
SYNTH-CASE-000973,SYNTH-BANK-000973,SYNTH-LEDGER-000973,MATCH,NONE
SYNTH-CASE-000974,SYNTH-BANK-000974,SYNTH-LEDGER-000974,AMBIGUOUS,AMBIGUOUS
SYNTH-CASE-000975,SYNTH-BANK-000975,SYNTH-LEDGER-000975,AMBIGUOUS,AMBIGUOUS
SYNTH-CASE-000976,SYNTH-BANK-000976,SYNTH-LEDGER-000976,AMOUNT_MISMATCH,AMOUNT_MISMATCH
SYNTH-CASE-000977,SYNTH-BANK-000977,SYNTH-LEDGER-000977,MATCH,NONE
SYNTH-CASE-000978,SYNTH-BANK-000978,SYNTH-LEDGER-000978,MATCH,NONE
SYNTH-CASE-000979,SYNTH-BANK-000979,SYNTH-LEDGER-000979,MATCH,NONE
SYNTH-CASE-000980,SYNTH-BANK-000980,SYNTH-LEDGER-000980,MATCH,NONE
SYNTH-CASE-000981,SYNTH-BANK-000981,SYNTH-LEDGER-000981,AMOUNT_MISMATCH,AMOUNT_MISMATCH
SYNTH-CASE-000982,SYNTH-BANK-000982,SYNTH-LEDGER-000982,MATCH,NONE
SYNTH-CASE-000983,SYNTH-BANK-000983,SYNTH-LEDGER-000983,MATCH,NONE
SYNTH-CASE-000984,SYNTH-BANK-000984,SYNTH-LEDGER-000984,MATCH,NONE
SYNTH-CASE-000985,SYNTH-BANK-000985,SYNTH-LEDGER-000985,AMOUNT_MISMATCH,AMOUNT_MISMATCH
SYNTH-CASE-000986,SYNTH-BANK-000986,SYNTH-LEDGER-000986,MATCH,NONE
SYNTH-CASE-000987,SYNTH-BANK-000987,SYNTH-LEDGER-000987,MATCH,NONE
SYNTH-CASE-000988,SYNTH-BANK-000988,SYNTH-LEDGER-000988,AMOUNT_MISMATCH,AMOUNT_MISMATCH
SYNTH-CASE-000989,SYNTH-BANK-000989,SYNTH-LEDGER-000989,MATCH,NONE
SYNTH-CASE-000990,SYNTH-BANK-000990,SYNTH-LEDGER-000990,MATCH,NONE
SYNTH-CASE-000991,SYNTH-BANK-000991,SYNTH-LEDGER-000991,MATCH,NONE
SYNTH-CASE-000992,SYNTH-BANK-000992,SYNTH-LEDGER-000992,MATCH,NONE
SYNTH-CASE-000993,SYNTH-BANK-000993,SYNTH-LEDGER-000993,MATCH,NONE
SYNTH-CASE-000994,SYNTH-BANK-000994,SYNTH-LEDGER-000994,MATCH,NONE
SYNTH-CASE-000995,SYNTH-BANK-000995,SYNTH-LEDGER-000995,AMOUNT_MISMATCH,AMOUNT_MISMATCH
SYNTH-CASE-000996,SYNTH-BANK-000996,SYNTH-LEDGER-000996,AMOUNT_MISMATCH,AMOUNT_MISMATCH
SYNTH-CASE-000997,SYNTH-BANK-000997,SYNTH-LEDGER-000997,MATCH,NONE
SYNTH-CASE-000998,SYNTH-BANK-000998,SYNTH-LEDGER-000998,MATCH,NONE
SYNTH-CASE-000999,SYNTH-BANK-000999,SYNTH-LEDGER-000999,MATCH,NONE
SYNTH-CASE-001000,SYNTH-BANK-001000,SYNTH-LEDGER-001000,MATCH,NONE
SYNTH-CASE-001001,,SYNTH-LEDGER-001001,UNMATCHED_LEDGER,MISSING_BANK
SYNTH-CASE-001002,SYNTH-BANK-001002,SYNTH-LEDGER-001002,MATCH,NONE
SYNTH-CASE-001003,SYNTH-BANK-001003,SYNTH-LEDGER-001003,MATCH,NONE
SYNTH-CASE-001004,SYNTH-BANK-001004,SYNTH-LEDGER-001004,AMBIGUOUS,AMBIGUOUS
SYNTH-CASE-001005,SYNTH-BANK-001005,SYNTH-LEDGER-001005,AMOUNT_MISMATCH,AMOUNT_MISMATCH
SYNTH-CASE-001006,SYNTH-BANK-001006,SYNTH-LEDGER-001006,MATCH,NONE
SYNTH-CASE-001007,SYNTH-BANK-001007,SYNTH-LEDGER-001007,MATCH,NONE
SYNTH-CASE-001008,SYNTH-BANK-001008,SYNTH-LEDGER-001008,MATCH,NONE
SYNTH-CASE-001009,SYNTH-BANK-001009,SYNTH-LEDGER-001009,MATCH,NONE
SYNTH-CASE-001010,SYNTH-BANK-001010,SYNTH-LEDGER-001010,AMOUNT_MISMATCH,AMOUNT_MISMATCH
SYNTH-CASE-001011,SYNTH-BANK-001011,SYNTH-LEDGER-001011,MATCH,NONE
SYNTH-CASE-001012,SYNTH-BANK-001012,SYNTH-LEDGER-001012,MATCH,NONE
SYNTH-CASE-001013,SYNTH-BANK-001013,SYNTH-LEDGER-001013,DUPLICATE,DUPLICATE
SYNTH-CASE-001014,SYNTH-BANK-001014,SYNTH-LEDGER-001014,MATCH,NONE
SYNTH-CASE-001015,SYNTH-BANK-001015,SYNTH-LEDGER-001015,MATCH,NONE
SYNTH-CASE-001016,SYNTH-BANK-001016,SYNTH-LEDGER-001016,AMOUNT_MISMATCH,AMOUNT_MISMATCH
SYNTH-CASE-001017,SYNTH-BANK-001017,SYNTH-LEDGER-001017,MATCH,NONE
SYNTH-CASE-001018,SYNTH-BANK-001018,SYNTH-LEDGER-001018,AMOUNT_MISMATCH,AMOUNT_MISMATCH
SYNTH-CASE-001019,SYNTH-BANK-001019,SYNTH-LEDGER-001019,MATCH,NONE
SYNTH-CASE-001020,SYNTH-BANK-001020,SYNTH-LEDGER-001020,AMOUNT_MISMATCH,AMOUNT_MISMATCH
SYNTH-CASE-001021,SYNTH-BANK-001021,SYNTH-LEDGER-001021,DUPLICATE,DUPLICATE
SYNTH-CASE-001022,SYNTH-BANK-001022,SYNTH-LEDGER-001022,MATCH,NONE
SYNTH-CASE-001023,,SYNTH-LEDGER-001023,UNMATCHED_LEDGER,MISSING_BANK
SYNTH-CASE-001024,SYNTH-BANK-001024,SYNTH-LEDGER-001024,MATCH,NONE
SYNTH-CASE-001025,SYNTH-BANK-001025,SYNTH-LEDGER-001025,MATCH,NONE
SYNTH-CASE-001026,SYNTH-BANK-001026,SYNTH-LEDGER-001026,MATCH,NONE
SYNTH-CASE-001027,SYNTH-BANK-001027,SYNTH-LEDGER-001027,MATCH,NONE
SYNTH-CASE-001028,SYNTH-BANK-001028,SYNTH-LEDGER-001028,MATCH,NONE
SYNTH-CASE-001029,,SYNTH-LEDGER-001029,UNMATCHED_LEDGER,MISSING_BANK
SYNTH-CASE-001030,SYNTH-BANK-001030,SYNTH-LEDGER-001030,MATCH,NONE
SYNTH-CASE-001031,SYNTH-BANK-001031,SYNTH-LEDGER-001031,MATCH,NONE
SYNTH-CASE-001032,SYNTH-BANK-001032,SYNTH-LEDGER-001032,AMOUNT_MISMATCH,AMOUNT_MISMATCH
SYNTH-CASE-001033,SYNTH-BANK-001033,SYNTH-LEDGER-001033,MATCH,NONE
SYNTH-CASE-001034,SYNTH-BANK-001034,SYNTH-LEDGER-001034,MATCH,NONE
SYNTH-CASE-001035,SYNTH-BANK-001035,SYNTH-LEDGER-001035,MATCH,NONE
SYNTH-CASE-001036,,SYNTH-LEDGER-001036,UNMATCHED_LEDGER,MISSING_BANK
SYNTH-CASE-001037,SYNTH-BANK-001037,SYNTH-LEDGER-001037,MATCH,NONE
SYNTH-CASE-001038,SYNTH-BANK-001038,SYNTH-LEDGER-001038,MATCH,NONE
SYNTH-CASE-001039,SYNTH-BANK-001039,SYNTH-LEDGER-001039,MATCH,NONE
SYNTH-CASE-001040,SYNTH-BANK-001040,SYNTH-LEDGER-001040,MATCH,NONE
SYNTH-CASE-001041,SYNTH-BANK-001041,SYNTH-LEDGER-001041,AMBIGUOUS,AMBIGUOUS
SYNTH-CASE-001042,SYNTH-BANK-001042,SYNTH-LEDGER-001042,MATCH,NONE
SYNTH-CASE-001043,SYNTH-BANK-001043,SYNTH-LEDGER-001043,MATCH,NONE
SYNTH-CASE-001044,SYNTH-BANK-001044,SYNTH-LEDGER-001044,MATCH,NONE
SYNTH-CASE-001045,SYNTH-BANK-001045,SYNTH-LEDGER-001045,AMBIGUOUS,AMBIGUOUS
SYNTH-CASE-001046,SYNTH-BANK-001046,SYNTH-LEDGER-001046,MATCH,NONE
SYNTH-CASE-001047,SYNTH-BANK-001047,SYNTH-LEDGER-001047,MATCH,NONE
SYNTH-CASE-001048,SYNTH-BANK-001048,SYNTH-LEDGER-001048,AMOUNT_MISMATCH,AMOUNT_MISMATCH
SYNTH-CASE-001049,SYNTH-BANK-001049,SYNTH-LEDGER-001049,AMOUNT_MISMATCH,AMOUNT_MISMATCH
SYNTH-CASE-001050,SYNTH-BANK-001050,SYNTH-LEDGER-001050,MATCH,NONE
SYNTH-CASE-001051,SYNTH-BANK-001051,SYNTH-LEDGER-001051,MATCH,NONE
SYNTH-CASE-001052,SYNTH-BANK-001052,SYNTH-LEDGER-001052,MATCH,NONE
SYNTH-CASE-001053,SYNTH-BANK-001053,,UNMATCHED_BANK,MISSING_LEDGER
SYNTH-CASE-001054,SYNTH-BANK-001054,SYNTH-LEDGER-001054,MATCH,NONE
SYNTH-CASE-001055,,SYNTH-LEDGER-001055,UNMATCHED_LEDGER,MISSING_BANK
SYNTH-CASE-001056,,SYNTH-LEDGER-001056,UNMATCHED_LEDGER,MISSING_BANK
SYNTH-CASE-001057,SYNTH-BANK-001057,SYNTH-LEDGER-001057,MATCH,NONE
SYNTH-CASE-001058,SYNTH-BANK-001058,SYNTH-LEDGER-001058,MATCH,NONE
SYNTH-CASE-001059,,SYNTH-LEDGER-001059,UNMATCHED_LEDGER,MISSING_BANK
SYNTH-CASE-001060,SYNTH-BANK-001060,SYNTH-LEDGER-001060,DUPLICATE,DUPLICATE
SYNTH-CASE-001061,SYNTH-BANK-001061,SYNTH-LEDGER-001061,MATCH,NONE
SYNTH-CASE-001062,SYNTH-BANK-001062,SYNTH-LEDGER-001062,DUPLICATE,DUPLICATE
SYNTH-CASE-001063,SYNTH-BANK-001063,SYNTH-LEDGER-001063,DUPLICATE,DUPLICATE
SYNTH-CASE-001064,SYNTH-BANK-001064,SYNTH-LEDGER-001064,MATCH,NONE
SYNTH-CASE-001065,SYNTH-BANK-001065,SYNTH-LEDGER-001065,MATCH,NONE
SYNTH-CASE-001066,SYNTH-BANK-001066,SYNTH-LEDGER-001066,MATCH,NONE
SYNTH-CASE-001067,SYNTH-BANK-001067,SYNTH-LEDGER-001067,DUPLICATE,DUPLICATE
SYNTH-CASE-001068,SYNTH-BANK-001068,SYNTH-LEDGER-001068,MATCH,NONE
SYNTH-CASE-001069,SYNTH-BANK-001069,SYNTH-LEDGER-001069,MATCH,NONE
SYNTH-CASE-001070,,SYNTH-LEDGER-001070,UNMATCHED_LEDGER,MISSING_BANK
SYNTH-CASE-001071,SYNTH-BANK-001071,SYNTH-LEDGER-001071,MATCH,NONE
SYNTH-CASE-001072,SYNTH-BANK-001072,SYNTH-LEDGER-001072,MATCH,NONE
SYNTH-CASE-001073,SYNTH-BANK-001073,SYNTH-LEDGER-001073,MATCH,NONE
SYNTH-CASE-001074,SYNTH-BANK-001074,SYNTH-LEDGER-001074,AMOUNT_MISMATCH,AMOUNT_MISMATCH
SYNTH-CASE-001075,SYNTH-BANK-001075,SYNTH-LEDGER-001075,MATCH,NONE
SYNTH-CASE-001076,SYNTH-BANK-001076,SYNTH-LEDGER-001076,MATCH,NONE
SYNTH-CASE-001077,SYNTH-BANK-001077,SYNTH-LEDGER-001077,MATCH,NONE
SYNTH-CASE-001078,SYNTH-BANK-001078,SYNTH-LEDGER-001078,MATCH,NONE
SYNTH-CASE-001079,SYNTH-BANK-001079,SYNTH-LEDGER-001079,MATCH,NONE
SYNTH-CASE-001080,SYNTH-BANK-001080,SYNTH-LEDGER-001080,DUPLICATE,DUPLICATE
SYNTH-CASE-001081,SYNTH-BANK-001081,SYNTH-LEDGER-001081,MATCH,NONE
SYNTH-CASE-001082,,SYNTH-LEDGER-001082,UNMATCHED_LEDGER,MISSING_BANK
SYNTH-CASE-001083,SYNTH-BANK-001083,SYNTH-LEDGER-001083,MATCH,NONE
SYNTH-CASE-001084,SYNTH-BANK-001084,SYNTH-LEDGER-001084,MATCH,NONE
SYNTH-CASE-001085,SYNTH-BANK-001085,SYNTH-LEDGER-001085,MATCH,NONE
SYNTH-CASE-001086,SYNTH-BANK-001086,SYNTH-LEDGER-001086,MATCH,NONE
SYNTH-CASE-001087,SYNTH-BANK-001087,SYNTH-LEDGER-001087,AMOUNT_MISMATCH,AMOUNT_MISMATCH
SYNTH-CASE-001088,SYNTH-BANK-001088,SYNTH-LEDGER-001088,MATCH,NONE
SYNTH-CASE-001089,SYNTH-BANK-001089,SYNTH-LEDGER-001089,MATCH,NONE
SYNTH-CASE-001090,SYNTH-BANK-001090,SYNTH-LEDGER-001090,MATCH,NONE
SYNTH-CASE-001091,SYNTH-BANK-001091,SYNTH-LEDGER-001091,MATCH,NONE
SYNTH-CASE-001092,SYNTH-BANK-001092,,UNMATCHED_BANK,MISSING_LEDGER
SYNTH-CASE-001093,,SYNTH-LEDGER-001093,UNMATCHED_LEDGER,MISSING_BANK
SYNTH-CASE-001094,SYNTH-BANK-001094,SYNTH-LEDGER-001094,AMBIGUOUS,AMBIGUOUS
SYNTH-CASE-001095,SYNTH-BANK-001095,SYNTH-LEDGER-001095,AMBIGUOUS,AMBIGUOUS
SYNTH-CASE-001096,SYNTH-BANK-001096,SYNTH-LEDGER-001096,MATCH,NONE
SYNTH-CASE-001097,SYNTH-BANK-001097,SYNTH-LEDGER-001097,AMOUNT_MISMATCH,AMOUNT_MISMATCH
SYNTH-CASE-001098,SYNTH-BANK-001098,SYNTH-LEDGER-001098,MATCH,NONE
SYNTH-CASE-001099,SYNTH-BANK-001099,SYNTH-LEDGER-001099,MATCH,NONE
SYNTH-CASE-001100,SYNTH-BANK-001100,SYNTH-LEDGER-001100,MATCH,NONE
SYNTH-CASE-001101,SYNTH-BANK-001101,SYNTH-LEDGER-001101,AMBIGUOUS,AMBIGUOUS
SYNTH-CASE-001102,SYNTH-BANK-001102,SYNTH-LEDGER-001102,MATCH,NONE
SYNTH-CASE-001103,SYNTH-BANK-001103,SYNTH-LEDGER-001103,MATCH,NONE
SYNTH-CASE-001104,SYNTH-BANK-001104,SYNTH-LEDGER-001104,MATCH,NONE
SYNTH-CASE-001105,SYNTH-BANK-001105,SYNTH-LEDGER-001105,MATCH,NONE
SYNTH-CASE-001106,SYNTH-BANK-001106,SYNTH-LEDGER-001106,MATCH,NONE
SYNTH-CASE-001107,SYNTH-BANK-001107,SYNTH-LEDGER-001107,MATCH,NONE
SYNTH-CASE-001108,SYNTH-BANK-001108,SYNTH-LEDGER-001108,MATCH,NONE
SYNTH-CASE-001109,SYNTH-BANK-001109,SYNTH-LEDGER-001109,MATCH,NONE
SYNTH-CASE-001110,SYNTH-BANK-001110,SYNTH-LEDGER-001110,MATCH,NONE
SYNTH-CASE-001111,SYNTH-BANK-001111,SYNTH-LEDGER-001111,MATCH,NONE
SYNTH-CASE-001112,SYNTH-BANK-001112,SYNTH-LEDGER-001112,MATCH,NONE
SYNTH-CASE-001113,SYNTH-BANK-001113,SYNTH-LEDGER-001113,MATCH,NONE
SYNTH-CASE-001114,SYNTH-BANK-001114,SYNTH-LEDGER-001114,MATCH,NONE
SYNTH-CASE-001115,SYNTH-BANK-001115,SYNTH-LEDGER-001115,DUPLICATE,DUPLICATE
SYNTH-CASE-001116,SYNTH-BANK-001116,SYNTH-LEDGER-001116,MATCH,NONE
SYNTH-CASE-001117,SYNTH-BANK-001117,SYNTH-LEDGER-001117,MATCH,NONE
SYNTH-CASE-001118,SYNTH-BANK-001118,SYNTH-LEDGER-001118,MATCH,NONE
SYNTH-CASE-001119,SYNTH-BANK-001119,SYNTH-LEDGER-001119,MATCH,NONE
SYNTH-CASE-001120,SYNTH-BANK-001120,SYNTH-LEDGER-001120,AMBIGUOUS,AMBIGUOUS
SYNTH-CASE-001121,SYNTH-BANK-001121,SYNTH-LEDGER-001121,MATCH,NONE
SYNTH-CASE-001122,SYNTH-BANK-001122,SYNTH-LEDGER-001122,MATCH,NONE
SYNTH-CASE-001123,SYNTH-BANK-001123,SYNTH-LEDGER-001123,MATCH,NONE
SYNTH-CASE-001124,SYNTH-BANK-001124,SYNTH-LEDGER-001124,MATCH,NONE
SYNTH-CASE-001125,SYNTH-BANK-001125,SYNTH-LEDGER-001125,MATCH,NONE
SYNTH-CASE-001126,SYNTH-BANK-001126,SYNTH-LEDGER-001126,MATCH,NONE
SYNTH-CASE-001127,SYNTH-BANK-001127,SYNTH-LEDGER-001127,MATCH,NONE
SYNTH-CASE-001128,SYNTH-BANK-001128,SYNTH-LEDGER-001128,MATCH,NONE
SYNTH-CASE-001129,SYNTH-BANK-001129,SYNTH-LEDGER-001129,AMOUNT_MISMATCH,AMOUNT_MISMATCH
SYNTH-CASE-001130,SYNTH-BANK-001130,SYNTH-LEDGER-001130,MATCH,NONE
SYNTH-CASE-001131,,SYNTH-LEDGER-001131,UNMATCHED_LEDGER,MISSING_BANK
SYNTH-CASE-001132,SYNTH-BANK-001132,SYNTH-LEDGER-001132,MATCH,NONE
SYNTH-CASE-001133,SYNTH-BANK-001133,SYNTH-LEDGER-001133,DUPLICATE,DUPLICATE
SYNTH-CASE-001134,SYNTH-BANK-001134,SYNTH-LEDGER-001134,MATCH,NONE
SYNTH-CASE-001135,SYNTH-BANK-001135,SYNTH-LEDGER-001135,AMOUNT_MISMATCH,AMOUNT_MISMATCH
SYNTH-CASE-001136,SYNTH-BANK-001136,SYNTH-LEDGER-001136,MATCH,NONE
SYNTH-CASE-001137,SYNTH-BANK-001137,SYNTH-LEDGER-001137,MATCH,NONE
SYNTH-CASE-001138,SYNTH-BANK-001138,SYNTH-LEDGER-001138,MATCH,NONE
SYNTH-CASE-001139,SYNTH-BANK-001139,SYNTH-LEDGER-001139,MATCH,NONE
SYNTH-CASE-001140,SYNTH-BANK-001140,SYNTH-LEDGER-001140,MATCH,NONE
SYNTH-CASE-001141,SYNTH-BANK-001141,SYNTH-LEDGER-001141,MATCH,NONE
SYNTH-CASE-001142,SYNTH-BANK-001142,SYNTH-LEDGER-001142,MATCH,NONE
SYNTH-CASE-001143,SYNTH-BANK-001143,SYNTH-LEDGER-001143,MATCH,NONE
SYNTH-CASE-001144,SYNTH-BANK-001144,SYNTH-LEDGER-001144,AMBIGUOUS,AMBIGUOUS
SYNTH-CASE-001145,SYNTH-BANK-001145,SYNTH-LEDGER-001145,MATCH,NONE
SYNTH-CASE-001146,SYNTH-BANK-001146,SYNTH-LEDGER-001146,AMBIGUOUS,AMBIGUOUS
SYNTH-CASE-001147,SYNTH-BANK-001147,SYNTH-LEDGER-001147,MATCH,NONE
SYNTH-CASE-001148,SYNTH-BANK-001148,SYNTH-LEDGER-001148,MATCH,NONE
SYNTH-CASE-001149,SYNTH-BANK-001149,SYNTH-LEDGER-001149,MATCH,NONE
SYNTH-CASE-001150,SYNTH-BANK-001150,SYNTH-LEDGER-001150,MATCH,NONE
SYNTH-CASE-001151,SYNTH-BANK-001151,SYNTH-LEDGER-001151,MATCH,NONE
SYNTH-CASE-001152,SYNTH-BANK-001152,SYNTH-LEDGER-001152,MATCH,NONE
SYNTH-CASE-001153,SYNTH-BANK-001153,SYNTH-LEDGER-001153,MATCH,NONE
SYNTH-CASE-001154,SYNTH-BANK-001154,SYNTH-LEDGER-001154,AMBIGUOUS,AMBIGUOUS
SYNTH-CASE-001155,SYNTH-BANK-001155,SYNTH-LEDGER-001155,AMOUNT_MISMATCH,AMOUNT_MISMATCH
SYNTH-CASE-001156,,SYNTH-LEDGER-001156,UNMATCHED_LEDGER,MISSING_BANK
SYNTH-CASE-001157,SYNTH-BANK-001157,SYNTH-LEDGER-001157,MATCH,NONE
SYNTH-CASE-001158,SYNTH-BANK-001158,SYNTH-LEDGER-001158,DUPLICATE,DUPLICATE
SYNTH-CASE-001159,SYNTH-BANK-001159,SYNTH-LEDGER-001159,DUPLICATE,DUPLICATE
SYNTH-CASE-001160,SYNTH-BANK-001160,SYNTH-LEDGER-001160,AMOUNT_MISMATCH,AMOUNT_MISMATCH
SYNTH-CASE-001161,SYNTH-BANK-001161,SYNTH-LEDGER-001161,MATCH,NONE
SYNTH-CASE-001162,SYNTH-BANK-001162,SYNTH-LEDGER-001162,MATCH,NONE
SYNTH-CASE-001163,,SYNTH-LEDGER-001163,UNMATCHED_LEDGER,MISSING_BANK
SYNTH-CASE-001164,SYNTH-BANK-001164,SYNTH-LEDGER-001164,AMOUNT_MISMATCH,AMOUNT_MISMATCH
SYNTH-CASE-001165,SYNTH-BANK-001165,SYNTH-LEDGER-001165,MATCH,NONE
SYNTH-CASE-001166,SYNTH-BANK-001166,SYNTH-LEDGER-001166,AMOUNT_MISMATCH,AMOUNT_MISMATCH
SYNTH-CASE-001167,SYNTH-BANK-001167,SYNTH-LEDGER-001167,DUPLICATE,DUPLICATE
SYNTH-CASE-001168,SYNTH-BANK-001168,SYNTH-LEDGER-001168,MATCH,NONE
SYNTH-CASE-001169,SYNTH-BANK-001169,SYNTH-LEDGER-001169,MATCH,NONE
SYNTH-CASE-001170,SYNTH-BANK-001170,SYNTH-LEDGER-001170,MATCH,NONE
SYNTH-CASE-001171,SYNTH-BANK-001171,SYNTH-LEDGER-001171,MATCH,NONE
SYNTH-CASE-001172,SYNTH-BANK-001172,SYNTH-LEDGER-001172,MATCH,NONE
SYNTH-CASE-001173,SYNTH-BANK-001173,SYNTH-LEDGER-001173,MATCH,NONE
SYNTH-CASE-001174,SYNTH-BANK-001174,SYNTH-LEDGER-001174,MATCH,NONE
SYNTH-CASE-001175,SYNTH-BANK-001175,SYNTH-LEDGER-001175,MATCH,NONE
SYNTH-CASE-001176,SYNTH-BANK-001176,SYNTH-LEDGER-001176,MATCH,NONE
SYNTH-CASE-001177,SYNTH-BANK-001177,SYNTH-LEDGER-001177,MATCH,NONE
SYNTH-CASE-001178,,SYNTH-LEDGER-001178,UNMATCHED_LEDGER,MISSING_BANK
SYNTH-CASE-001179,SYNTH-BANK-001179,SYNTH-LEDGER-001179,MATCH,NONE
SYNTH-CASE-001180,SYNTH-BANK-001180,SYNTH-LEDGER-001180,MATCH,NONE
SYNTH-CASE-001181,SYNTH-BANK-001181,SYNTH-LEDGER-001181,AMOUNT_MISMATCH,AMOUNT_MISMATCH
SYNTH-CASE-001182,,SYNTH-LEDGER-001182,UNMATCHED_LEDGER,MISSING_BANK
SYNTH-CASE-001183,SYNTH-BANK-001183,SYNTH-LEDGER-001183,AMOUNT_MISMATCH,AMOUNT_MISMATCH
SYNTH-CASE-001184,SYNTH-BANK-001184,SYNTH-LEDGER-001184,MATCH,NONE
SYNTH-CASE-001185,SYNTH-BANK-001185,SYNTH-LEDGER-001185,MATCH,NONE
SYNTH-CASE-001186,SYNTH-BANK-001186,SYNTH-LEDGER-001186,MATCH,NONE
SYNTH-CASE-001187,SYNTH-BANK-001187,SYNTH-LEDGER-001187,AMOUNT_MISMATCH,AMOUNT_MISMATCH
SYNTH-CASE-001188,SYNTH-BANK-001188,SYNTH-LEDGER-001188,MATCH,NONE
SYNTH-CASE-001189,SYNTH-BANK-001189,SYNTH-LEDGER-001189,MATCH,NONE
SYNTH-CASE-001190,SYNTH-BANK-001190,SYNTH-LEDGER-001190,MATCH,NONE
SYNTH-CASE-001191,SYNTH-BANK-001191,SYNTH-LEDGER-001191,MATCH,NONE
SYNTH-CASE-001192,SYNTH-BANK-001192,SYNTH-LEDGER-001192,MATCH,NONE
SYNTH-CASE-001193,SYNTH-BANK-001193,SYNTH-LEDGER-001193,AMOUNT_MISMATCH,AMOUNT_MISMATCH
SYNTH-CASE-001194,SYNTH-BANK-001194,SYNTH-LEDGER-001194,MATCH,NONE
SYNTH-CASE-001195,SYNTH-BANK-001195,SYNTH-LEDGER-001195,DUPLICATE,DUPLICATE
SYNTH-CASE-001196,SYNTH-BANK-001196,SYNTH-LEDGER-001196,MATCH,NONE
SYNTH-CASE-001197,,SYNTH-LEDGER-001197,UNMATCHED_LEDGER,MISSING_BANK
SYNTH-CASE-001198,SYNTH-BANK-001198,SYNTH-LEDGER-001198,AMBIGUOUS,AMBIGUOUS
SYNTH-CASE-001199,SYNTH-BANK-001199,SYNTH-LEDGER-001199,MATCH,NONE
SYNTH-CASE-001200,SYNTH-BANK-001200,SYNTH-LEDGER-001200,MATCH,NONE
SYNTH-CASE-001201,SYNTH-BANK-001201,SYNTH-LEDGER-001201,MATCH,NONE
SYNTH-CASE-001202,SYNTH-BANK-001202,SYNTH-LEDGER-001202,MATCH,NONE
SYNTH-CASE-001203,SYNTH-BANK-001203,SYNTH-LEDGER-001203,MATCH,NONE
SYNTH-CASE-001204,SYNTH-BANK-001204,SYNTH-LEDGER-001204,MATCH,NONE
SYNTH-CASE-001205,SYNTH-BANK-001205,SYNTH-LEDGER-001205,MATCH,NONE
SYNTH-CASE-001206,SYNTH-BANK-001206,SYNTH-LEDGER-001206,AMOUNT_MISMATCH,AMOUNT_MISMATCH
SYNTH-CASE-001207,SYNTH-BANK-001207,SYNTH-LEDGER-001207,MATCH,NONE
SYNTH-CASE-001208,SYNTH-BANK-001208,SYNTH-LEDGER-001208,MATCH,NONE
SYNTH-CASE-001209,SYNTH-BANK-001209,SYNTH-LEDGER-001209,MATCH,NONE
SYNTH-CASE-001210,SYNTH-BANK-001210,SYNTH-LEDGER-001210,MATCH,NONE
SYNTH-CASE-001211,SYNTH-BANK-001211,SYNTH-LEDGER-001211,MATCH,NONE
SYNTH-CASE-001212,SYNTH-BANK-001212,,UNMATCHED_BANK,MISSING_LEDGER
SYNTH-CASE-001213,SYNTH-BANK-001213,SYNTH-LEDGER-001213,MATCH,NONE
SYNTH-CASE-001214,SYNTH-BANK-001214,SYNTH-LEDGER-001214,MATCH,NONE
SYNTH-CASE-001215,SYNTH-BANK-001215,SYNTH-LEDGER-001215,MATCH,NONE
SYNTH-CASE-001216,SYNTH-BANK-001216,SYNTH-LEDGER-001216,MATCH,NONE
SYNTH-CASE-001217,SYNTH-BANK-001217,SYNTH-LEDGER-001217,DUPLICATE,DUPLICATE
SYNTH-CASE-001218,,SYNTH-LEDGER-001218,UNMATCHED_LEDGER,MISSING_BANK
SYNTH-CASE-001219,SYNTH-BANK-001219,SYNTH-LEDGER-001219,AMOUNT_MISMATCH,AMOUNT_MISMATCH
SYNTH-CASE-001220,SYNTH-BANK-001220,SYNTH-LEDGER-001220,AMOUNT_MISMATCH,AMOUNT_MISMATCH
SYNTH-CASE-001221,SYNTH-BANK-001221,SYNTH-LEDGER-001221,AMOUNT_MISMATCH,AMOUNT_MISMATCH
SYNTH-CASE-001222,SYNTH-BANK-001222,SYNTH-LEDGER-001222,MATCH,NONE
SYNTH-CASE-001223,SYNTH-BANK-001223,SYNTH-LEDGER-001223,MATCH,NONE
SYNTH-CASE-001224,SYNTH-BANK-001224,SYNTH-LEDGER-001224,MATCH,NONE
SYNTH-CASE-001225,,SYNTH-LEDGER-001225,UNMATCHED_LEDGER,MISSING_BANK
SYNTH-CASE-001226,SYNTH-BANK-001226,SYNTH-LEDGER-001226,MATCH,NONE
SYNTH-CASE-001227,SYNTH-BANK-001227,SYNTH-LEDGER-001227,MATCH,NONE
SYNTH-CASE-001228,SYNTH-BANK-001228,SYNTH-LEDGER-001228,MATCH,NONE
SYNTH-CASE-001229,SYNTH-BANK-001229,SYNTH-LEDGER-001229,MATCH,NONE
SYNTH-CASE-001230,SYNTH-BANK-001230,SYNTH-LEDGER-001230,MATCH,NONE
SYNTH-CASE-001231,SYNTH-BANK-001231,SYNTH-LEDGER-001231,MATCH,NONE
SYNTH-CASE-001232,SYNTH-BANK-001232,SYNTH-LEDGER-001232,MATCH,NONE
SYNTH-CASE-001233,SYNTH-BANK-001233,SYNTH-LEDGER-001233,AMBIGUOUS,AMBIGUOUS
SYNTH-CASE-001234,SYNTH-BANK-001234,SYNTH-LEDGER-001234,MATCH,NONE
SYNTH-CASE-001235,SYNTH-BANK-001235,SYNTH-LEDGER-001235,MATCH,NONE
SYNTH-CASE-001236,SYNTH-BANK-001236,SYNTH-LEDGER-001236,MATCH,NONE
SYNTH-CASE-001237,SYNTH-BANK-001237,SYNTH-LEDGER-001237,MATCH,NONE
SYNTH-CASE-001238,SYNTH-BANK-001238,SYNTH-LEDGER-001238,MATCH,NONE
SYNTH-CASE-001239,SYNTH-BANK-001239,SYNTH-LEDGER-001239,MATCH,NONE
SYNTH-CASE-001240,SYNTH-BANK-001240,SYNTH-LEDGER-001240,MATCH,NONE
SYNTH-CASE-001241,SYNTH-BANK-001241,SYNTH-LEDGER-001241,MATCH,NONE
SYNTH-CASE-001242,SYNTH-BANK-001242,SYNTH-LEDGER-001242,AMOUNT_MISMATCH,AMOUNT_MISMATCH
SYNTH-CASE-001243,SYNTH-BANK-001243,SYNTH-LEDGER-001243,MATCH,NONE
SYNTH-CASE-001244,SYNTH-BANK-001244,SYNTH-LEDGER-001244,AMBIGUOUS,AMBIGUOUS
SYNTH-CASE-001245,SYNTH-BANK-001245,SYNTH-LEDGER-001245,MATCH,NONE
SYNTH-CASE-001246,SYNTH-BANK-001246,SYNTH-LEDGER-001246,AMBIGUOUS,AMBIGUOUS
SYNTH-CASE-001247,SYNTH-BANK-001247,SYNTH-LEDGER-001247,MATCH,NONE
SYNTH-CASE-001248,SYNTH-BANK-001248,SYNTH-LEDGER-001248,MATCH,NONE
SYNTH-CASE-001249,SYNTH-BANK-001249,SYNTH-LEDGER-001249,MATCH,NONE
SYNTH-CASE-001250,,SYNTH-LEDGER-001250,UNMATCHED_LEDGER,MISSING_BANK
SYNTH-CASE-001251,SYNTH-BANK-001251,SYNTH-LEDGER-001251,MATCH,NONE
SYNTH-CASE-001252,SYNTH-BANK-001252,SYNTH-LEDGER-001252,MATCH,NONE
SYNTH-CASE-001253,SYNTH-BANK-001253,SYNTH-LEDGER-001253,MATCH,NONE
SYNTH-CASE-001254,SYNTH-BANK-001254,SYNTH-LEDGER-001254,MATCH,NONE
SYNTH-CASE-001255,SYNTH-BANK-001255,SYNTH-LEDGER-001255,MATCH,NONE
SYNTH-CASE-001256,,SYNTH-LEDGER-001256,UNMATCHED_LEDGER,MISSING_BANK
SYNTH-CASE-001257,,SYNTH-LEDGER-001257,UNMATCHED_LEDGER,MISSING_BANK
SYNTH-CASE-001258,SYNTH-BANK-001258,SYNTH-LEDGER-001258,MATCH,NONE
SYNTH-CASE-001259,SYNTH-BANK-001259,SYNTH-LEDGER-001259,MATCH,NONE
SYNTH-CASE-001260,SYNTH-BANK-001260,SYNTH-LEDGER-001260,MATCH,NONE
SYNTH-CASE-001261,SYNTH-BANK-001261,SYNTH-LEDGER-001261,MATCH,NONE
SYNTH-CASE-001262,SYNTH-BANK-001262,SYNTH-LEDGER-001262,MATCH,NONE
SYNTH-CASE-001263,SYNTH-BANK-001263,SYNTH-LEDGER-001263,MATCH,NONE
SYNTH-CASE-001264,SYNTH-BANK-001264,SYNTH-LEDGER-001264,MATCH,NONE
SYNTH-CASE-001265,SYNTH-BANK-001265,SYNTH-LEDGER-001265,DUPLICATE,DUPLICATE
SYNTH-CASE-001266,SYNTH-BANK-001266,SYNTH-LEDGER-001266,MATCH,NONE
SYNTH-CASE-001267,SYNTH-BANK-001267,SYNTH-LEDGER-001267,MATCH,NONE
SYNTH-CASE-001268,SYNTH-BANK-001268,SYNTH-LEDGER-001268,MATCH,NONE
SYNTH-CASE-001269,SYNTH-BANK-001269,SYNTH-LEDGER-001269,MATCH,NONE
SYNTH-CASE-001270,SYNTH-BANK-001270,SYNTH-LEDGER-001270,DUPLICATE,DUPLICATE
SYNTH-CASE-001271,SYNTH-BANK-001271,SYNTH-LEDGER-001271,MATCH,NONE
SYNTH-CASE-001272,SYNTH-BANK-001272,SYNTH-LEDGER-001272,MATCH,NONE
SYNTH-CASE-001273,SYNTH-BANK-001273,SYNTH-LEDGER-001273,MATCH,NONE
SYNTH-CASE-001274,SYNTH-BANK-001274,SYNTH-LEDGER-001274,MATCH,NONE
SYNTH-CASE-001275,SYNTH-BANK-001275,SYNTH-LEDGER-001275,MATCH,NONE
SYNTH-CASE-001276,SYNTH-BANK-001276,SYNTH-LEDGER-001276,AMOUNT_MISMATCH,AMOUNT_MISMATCH
SYNTH-CASE-001277,SYNTH-BANK-001277,SYNTH-LEDGER-001277,MATCH,NONE
SYNTH-CASE-001278,SYNTH-BANK-001278,SYNTH-LEDGER-001278,MATCH,NONE
SYNTH-CASE-001279,SYNTH-BANK-001279,SYNTH-LEDGER-001279,MATCH,NONE
SYNTH-CASE-001280,SYNTH-BANK-001280,,UNMATCHED_BANK,MISSING_LEDGER
SYNTH-CASE-001281,SYNTH-BANK-001281,SYNTH-LEDGER-001281,MATCH,NONE
SYNTH-CASE-001282,SYNTH-BANK-001282,SYNTH-LEDGER-001282,AMOUNT_MISMATCH,AMOUNT_MISMATCH
SYNTH-CASE-001283,SYNTH-BANK-001283,SYNTH-LEDGER-001283,MATCH,NONE
SYNTH-CASE-001284,SYNTH-BANK-001284,SYNTH-LEDGER-001284,AMOUNT_MISMATCH,AMOUNT_MISMATCH
SYNTH-CASE-001285,SYNTH-BANK-001285,SYNTH-LEDGER-001285,MATCH,NONE
SYNTH-CASE-001286,SYNTH-BANK-001286,SYNTH-LEDGER-001286,AMOUNT_MISMATCH,AMOUNT_MISMATCH
SYNTH-CASE-001287,SYNTH-BANK-001287,SYNTH-LEDGER-001287,MATCH,NONE
SYNTH-CASE-001288,SYNTH-BANK-001288,SYNTH-LEDGER-001288,MATCH,NONE
SYNTH-CASE-001289,SYNTH-BANK-001289,SYNTH-LEDGER-001289,MATCH,NONE
SYNTH-CASE-001290,SYNTH-BANK-001290,SYNTH-LEDGER-001290,AMBIGUOUS,AMBIGUOUS
SYNTH-CASE-001291,SYNTH-BANK-001291,SYNTH-LEDGER-001291,MATCH,NONE
SYNTH-CASE-001292,,SYNTH-LEDGER-001292,UNMATCHED_LEDGER,MISSING_BANK
SYNTH-CASE-001293,SYNTH-BANK-001293,SYNTH-LEDGER-001293,MATCH,NONE
SYNTH-CASE-001294,SYNTH-BANK-001294,SYNTH-LEDGER-001294,MATCH,NONE
SYNTH-CASE-001295,SYNTH-BANK-001295,SYNTH-LEDGER-001295,AMOUNT_MISMATCH,AMOUNT_MISMATCH
SYNTH-CASE-001296,,SYNTH-LEDGER-001296,UNMATCHED_LEDGER,MISSING_BANK
SYNTH-CASE-001297,SYNTH-BANK-001297,SYNTH-LEDGER-001297,MATCH,NONE
SYNTH-CASE-001298,SYNTH-BANK-001298,SYNTH-LEDGER-001298,MATCH,NONE
SYNTH-CASE-001299,SYNTH-BANK-001299,SYNTH-LEDGER-001299,MATCH,NONE
SYNTH-CASE-001300,SYNTH-BANK-001300,SYNTH-LEDGER-001300,MATCH,NONE
SYNTH-CASE-001301,SYNTH-BANK-001301,SYNTH-LEDGER-001301,MATCH,NONE
SYNTH-CASE-001302,SYNTH-BANK-001302,SYNTH-LEDGER-001302,MATCH,NONE
SYNTH-CASE-001303,SYNTH-BANK-001303,,UNMATCHED_BANK,MISSING_LEDGER
SYNTH-CASE-001304,SYNTH-BANK-001304,SYNTH-LEDGER-001304,MATCH,NONE
SYNTH-CASE-001305,SYNTH-BANK-001305,SYNTH-LEDGER-001305,MATCH,NONE
SYNTH-CASE-001306,SYNTH-BANK-001306,SYNTH-LEDGER-001306,DUPLICATE,DUPLICATE
SYNTH-CASE-001307,SYNTH-BANK-001307,SYNTH-LEDGER-001307,MATCH,NONE
SYNTH-CASE-001308,SYNTH-BANK-001308,SYNTH-LEDGER-001308,AMOUNT_MISMATCH,AMOUNT_MISMATCH
SYNTH-CASE-001309,SYNTH-BANK-001309,SYNTH-LEDGER-001309,MATCH,NONE
SYNTH-CASE-001310,SYNTH-BANK-001310,SYNTH-LEDGER-001310,MATCH,NONE
SYNTH-CASE-001311,SYNTH-BANK-001311,SYNTH-LEDGER-001311,DUPLICATE,DUPLICATE
SYNTH-CASE-001312,SYNTH-BANK-001312,SYNTH-LEDGER-001312,MATCH,NONE
SYNTH-CASE-001313,SYNTH-BANK-001313,SYNTH-LEDGER-001313,DUPLICATE,DUPLICATE
SYNTH-CASE-001314,SYNTH-BANK-001314,SYNTH-LEDGER-001314,MATCH,NONE
SYNTH-CASE-001315,SYNTH-BANK-001315,,UNMATCHED_BANK,MISSING_LEDGER
SYNTH-CASE-001316,SYNTH-BANK-001316,SYNTH-LEDGER-001316,MATCH,NONE
SYNTH-CASE-001317,SYNTH-BANK-001317,SYNTH-LEDGER-001317,AMBIGUOUS,AMBIGUOUS
SYNTH-CASE-001318,SYNTH-BANK-001318,SYNTH-LEDGER-001318,MATCH,NONE
SYNTH-CASE-001319,SYNTH-BANK-001319,SYNTH-LEDGER-001319,MATCH,NONE
SYNTH-CASE-001320,SYNTH-BANK-001320,SYNTH-LEDGER-001320,MATCH,NONE
SYNTH-CASE-001321,SYNTH-BANK-001321,SYNTH-LEDGER-001321,MATCH,NONE
SYNTH-CASE-001322,SYNTH-BANK-001322,SYNTH-LEDGER-001322,MATCH,NONE
SYNTH-CASE-001323,,SYNTH-LEDGER-001323,UNMATCHED_LEDGER,MISSING_BANK
SYNTH-CASE-001324,SYNTH-BANK-001324,SYNTH-LEDGER-001324,MATCH,NONE
SYNTH-CASE-001325,SYNTH-BANK-001325,SYNTH-LEDGER-001325,MATCH,NONE
SYNTH-CASE-001326,SYNTH-BANK-001326,SYNTH-LEDGER-001326,MATCH,NONE
SYNTH-CASE-001327,SYNTH-BANK-001327,SYNTH-LEDGER-001327,MATCH,NONE
SYNTH-CASE-001328,SYNTH-BANK-001328,SYNTH-LEDGER-001328,AMOUNT_MISMATCH,AMOUNT_MISMATCH
SYNTH-CASE-001329,SYNTH-BANK-001329,,UNMATCHED_BANK,MISSING_LEDGER
SYNTH-CASE-001330,SYNTH-BANK-001330,SYNTH-LEDGER-001330,MATCH,NONE
SYNTH-CASE-001331,SYNTH-BANK-001331,SYNTH-LEDGER-001331,AMBIGUOUS,AMBIGUOUS
SYNTH-CASE-001332,SYNTH-BANK-001332,SYNTH-LEDGER-001332,AMBIGUOUS,AMBIGUOUS
SYNTH-CASE-001333,SYNTH-BANK-001333,SYNTH-LEDGER-001333,MATCH,NONE
SYNTH-CASE-001334,SYNTH-BANK-001334,SYNTH-LEDGER-001334,MATCH,NONE
SYNTH-CASE-001335,SYNTH-BANK-001335,SYNTH-LEDGER-001335,AMOUNT_MISMATCH,AMOUNT_MISMATCH
SYNTH-CASE-001336,SYNTH-BANK-001336,SYNTH-LEDGER-001336,MATCH,NONE
SYNTH-CASE-001337,SYNTH-BANK-001337,SYNTH-LEDGER-001337,DUPLICATE,DUPLICATE
SYNTH-CASE-001338,SYNTH-BANK-001338,SYNTH-LEDGER-001338,MATCH,NONE
SYNTH-CASE-001339,SYNTH-BANK-001339,SYNTH-LEDGER-001339,MATCH,NONE
SYNTH-CASE-001340,SYNTH-BANK-001340,SYNTH-LEDGER-001340,DUPLICATE,DUPLICATE
SYNTH-CASE-001341,SYNTH-BANK-001341,SYNTH-LEDGER-001341,AMBIGUOUS,AMBIGUOUS
SYNTH-CASE-001342,,SYNTH-LEDGER-001342,UNMATCHED_LEDGER,MISSING_BANK
SYNTH-CASE-001343,SYNTH-BANK-001343,SYNTH-LEDGER-001343,MATCH,NONE
SYNTH-CASE-001344,SYNTH-BANK-001344,SYNTH-LEDGER-001344,MATCH,NONE
SYNTH-CASE-001345,SYNTH-BANK-001345,SYNTH-LEDGER-001345,MATCH,NONE
SYNTH-CASE-001346,SYNTH-BANK-001346,SYNTH-LEDGER-001346,MATCH,NONE
SYNTH-CASE-001347,SYNTH-BANK-001347,SYNTH-LEDGER-001347,MATCH,NONE
SYNTH-CASE-001348,SYNTH-BANK-001348,SYNTH-LEDGER-001348,MATCH,NONE
SYNTH-CASE-001349,SYNTH-BANK-001349,SYNTH-LEDGER-001349,MATCH,NONE
SYNTH-CASE-001350,SYNTH-BANK-001350,SYNTH-LEDGER-001350,MATCH,NONE
SYNTH-CASE-001351,SYNTH-BANK-001351,SYNTH-LEDGER-001351,AMOUNT_MISMATCH,AMOUNT_MISMATCH
SYNTH-CASE-001352,SYNTH-BANK-001352,SYNTH-LEDGER-001352,MATCH,NONE
SYNTH-CASE-001353,SYNTH-BANK-001353,SYNTH-LEDGER-001353,AMBIGUOUS,AMBIGUOUS
SYNTH-CASE-001354,SYNTH-BANK-001354,SYNTH-LEDGER-001354,MATCH,NONE
SYNTH-CASE-001355,SYNTH-BANK-001355,SYNTH-LEDGER-001355,AMOUNT_MISMATCH,AMOUNT_MISMATCH
SYNTH-CASE-001356,SYNTH-BANK-001356,SYNTH-LEDGER-001356,AMOUNT_MISMATCH,AMOUNT_MISMATCH
SYNTH-CASE-001357,SYNTH-BANK-001357,SYNTH-LEDGER-001357,MATCH,NONE
SYNTH-CASE-001358,SYNTH-BANK-001358,SYNTH-LEDGER-001358,MATCH,NONE
SYNTH-CASE-001359,SYNTH-BANK-001359,SYNTH-LEDGER-001359,MATCH,NONE
SYNTH-CASE-001360,SYNTH-BANK-001360,,UNMATCHED_BANK,MISSING_LEDGER
SYNTH-CASE-001361,SYNTH-BANK-001361,SYNTH-LEDGER-001361,MATCH,NONE
SYNTH-CASE-001362,SYNTH-BANK-001362,SYNTH-LEDGER-001362,AMBIGUOUS,AMBIGUOUS
SYNTH-CASE-001363,SYNTH-BANK-001363,SYNTH-LEDGER-001363,MATCH,NONE
SYNTH-CASE-001364,SYNTH-BANK-001364,SYNTH-LEDGER-001364,MATCH,NONE
SYNTH-CASE-001365,SYNTH-BANK-001365,SYNTH-LEDGER-001365,MATCH,NONE
SYNTH-CASE-001366,SYNTH-BANK-001366,SYNTH-LEDGER-001366,MATCH,NONE
SYNTH-CASE-001367,SYNTH-BANK-001367,SYNTH-LEDGER-001367,MATCH,NONE
SYNTH-CASE-001368,SYNTH-BANK-001368,SYNTH-LEDGER-001368,MATCH,NONE
SYNTH-CASE-001369,SYNTH-BANK-001369,SYNTH-LEDGER-001369,AMOUNT_MISMATCH,AMOUNT_MISMATCH
SYNTH-CASE-001370,SYNTH-BANK-001370,SYNTH-LEDGER-001370,AMOUNT_MISMATCH,AMOUNT_MISMATCH
SYNTH-CASE-001371,SYNTH-BANK-001371,SYNTH-LEDGER-001371,MATCH,NONE
SYNTH-CASE-001372,SYNTH-BANK-001372,SYNTH-LEDGER-001372,AMOUNT_MISMATCH,AMOUNT_MISMATCH
SYNTH-CASE-001373,SYNTH-BANK-001373,SYNTH-LEDGER-001373,MATCH,NONE
SYNTH-CASE-001374,SYNTH-BANK-001374,SYNTH-LEDGER-001374,DUPLICATE,DUPLICATE
SYNTH-CASE-001375,SYNTH-BANK-001375,SYNTH-LEDGER-001375,MATCH,NONE
SYNTH-CASE-001376,SYNTH-BANK-001376,SYNTH-LEDGER-001376,MATCH,NONE
SYNTH-CASE-001377,SYNTH-BANK-001377,SYNTH-LEDGER-001377,MATCH,NONE
SYNTH-CASE-001378,SYNTH-BANK-001378,SYNTH-LEDGER-001378,MATCH,NONE
SYNTH-CASE-001379,,SYNTH-LEDGER-001379,UNMATCHED_LEDGER,MISSING_BANK
SYNTH-CASE-001380,SYNTH-BANK-001380,SYNTH-LEDGER-001380,MATCH,NONE
SYNTH-CASE-001381,SYNTH-BANK-001381,SYNTH-LEDGER-001381,MATCH,NONE
SYNTH-CASE-001382,SYNTH-BANK-001382,SYNTH-LEDGER-001382,MATCH,NONE
SYNTH-CASE-001383,SYNTH-BANK-001383,SYNTH-LEDGER-001383,MATCH,NONE
SYNTH-CASE-001384,SYNTH-BANK-001384,SYNTH-LEDGER-001384,MATCH,NONE
SYNTH-CASE-001385,SYNTH-BANK-001385,SYNTH-LEDGER-001385,MATCH,NONE
SYNTH-CASE-001386,SYNTH-BANK-001386,SYNTH-LEDGER-001386,AMOUNT_MISMATCH,AMOUNT_MISMATCH
SYNTH-CASE-001387,SYNTH-BANK-001387,SYNTH-LEDGER-001387,MATCH,NONE
SYNTH-CASE-001388,SYNTH-BANK-001388,SYNTH-LEDGER-001388,MATCH,NONE
SYNTH-CASE-001389,SYNTH-BANK-001389,,UNMATCHED_BANK,MISSING_LEDGER
SYNTH-CASE-001390,SYNTH-BANK-001390,SYNTH-LEDGER-001390,MATCH,NONE
SYNTH-CASE-001391,SYNTH-BANK-001391,SYNTH-LEDGER-001391,MATCH,NONE
SYNTH-CASE-001392,SYNTH-BANK-001392,SYNTH-LEDGER-001392,MATCH,NONE
SYNTH-CASE-001393,SYNTH-BANK-001393,SYNTH-LEDGER-001393,AMOUNT_MISMATCH,AMOUNT_MISMATCH
SYNTH-CASE-001394,SYNTH-BANK-001394,SYNTH-LEDGER-001394,MATCH,NONE
SYNTH-CASE-001395,SYNTH-BANK-001395,SYNTH-LEDGER-001395,MATCH,NONE
SYNTH-CASE-001396,SYNTH-BANK-001396,SYNTH-LEDGER-001396,MATCH,NONE
SYNTH-CASE-001397,SYNTH-BANK-001397,SYNTH-LEDGER-001397,MATCH,NONE
SYNTH-CASE-001398,SYNTH-BANK-001398,SYNTH-LEDGER-001398,AMOUNT_MISMATCH,AMOUNT_MISMATCH
SYNTH-CASE-001399,SYNTH-BANK-001399,SYNTH-LEDGER-001399,MATCH,NONE
SYNTH-CASE-001400,SYNTH-BANK-001400,SYNTH-LEDGER-001400,AMBIGUOUS,AMBIGUOUS
SYNTH-CASE-001401,SYNTH-BANK-001401,SYNTH-LEDGER-001401,MATCH,NONE
SYNTH-CASE-001402,SYNTH-BANK-001402,,UNMATCHED_BANK,MISSING_LEDGER
SYNTH-CASE-001403,SYNTH-BANK-001403,SYNTH-LEDGER-001403,MATCH,NONE
SYNTH-CASE-001404,SYNTH-BANK-001404,SYNTH-LEDGER-001404,MATCH,NONE
SYNTH-CASE-001405,SYNTH-BANK-001405,SYNTH-LEDGER-001405,MATCH,NONE
SYNTH-CASE-001406,,SYNTH-LEDGER-001406,UNMATCHED_LEDGER,MISSING_BANK
SYNTH-CASE-001407,SYNTH-BANK-001407,SYNTH-LEDGER-001407,MATCH,NONE
SYNTH-CASE-001408,SYNTH-BANK-001408,,UNMATCHED_BANK,MISSING_LEDGER
SYNTH-CASE-001409,SYNTH-BANK-001409,SYNTH-LEDGER-001409,MATCH,NONE
SYNTH-CASE-001410,SYNTH-BANK-001410,SYNTH-LEDGER-001410,AMOUNT_MISMATCH,AMOUNT_MISMATCH
SYNTH-CASE-001411,SYNTH-BANK-001411,SYNTH-LEDGER-001411,AMBIGUOUS,AMBIGUOUS
SYNTH-CASE-001412,SYNTH-BANK-001412,SYNTH-LEDGER-001412,MATCH,NONE
SYNTH-CASE-001413,SYNTH-BANK-001413,SYNTH-LEDGER-001413,MATCH,NONE
SYNTH-CASE-001414,SYNTH-BANK-001414,SYNTH-LEDGER-001414,MATCH,NONE
SYNTH-CASE-001415,SYNTH-BANK-001415,SYNTH-LEDGER-001415,DUPLICATE,DUPLICATE
SYNTH-CASE-001416,SYNTH-BANK-001416,SYNTH-LEDGER-001416,MATCH,NONE
SYNTH-CASE-001417,SYNTH-BANK-001417,SYNTH-LEDGER-001417,AMOUNT_MISMATCH,AMOUNT_MISMATCH
SYNTH-CASE-001418,SYNTH-BANK-001418,,UNMATCHED_BANK,MISSING_LEDGER
SYNTH-CASE-001419,SYNTH-BANK-001419,,UNMATCHED_BANK,MISSING_LEDGER
SYNTH-CASE-001420,SYNTH-BANK-001420,SYNTH-LEDGER-001420,MATCH,NONE
SYNTH-CASE-001421,SYNTH-BANK-001421,SYNTH-LEDGER-001421,MATCH,NONE
SYNTH-CASE-001422,SYNTH-BANK-001422,SYNTH-LEDGER-001422,MATCH,NONE
SYNTH-CASE-001423,SYNTH-BANK-001423,SYNTH-LEDGER-001423,AMOUNT_MISMATCH,AMOUNT_MISMATCH
SYNTH-CASE-001424,SYNTH-BANK-001424,SYNTH-LEDGER-001424,MATCH,NONE
SYNTH-CASE-001425,SYNTH-BANK-001425,SYNTH-LEDGER-001425,MATCH,NONE
SYNTH-CASE-001426,SYNTH-BANK-001426,SYNTH-LEDGER-001426,MATCH,NONE
SYNTH-CASE-001427,SYNTH-BANK-001427,SYNTH-LEDGER-001427,MATCH,NONE
SYNTH-CASE-001428,SYNTH-BANK-001428,SYNTH-LEDGER-001428,MATCH,NONE
SYNTH-CASE-001429,SYNTH-BANK-001429,SYNTH-LEDGER-001429,MATCH,NONE
SYNTH-CASE-001430,SYNTH-BANK-001430,SYNTH-LEDGER-001430,MATCH,NONE
SYNTH-CASE-001431,SYNTH-BANK-001431,SYNTH-LEDGER-001431,MATCH,NONE
SYNTH-CASE-001432,SYNTH-BANK-001432,SYNTH-LEDGER-001432,MATCH,NONE
SYNTH-CASE-001433,SYNTH-BANK-001433,SYNTH-LEDGER-001433,AMOUNT_MISMATCH,AMOUNT_MISMATCH
SYNTH-CASE-001434,SYNTH-BANK-001434,SYNTH-LEDGER-001434,AMOUNT_MISMATCH,AMOUNT_MISMATCH
SYNTH-CASE-001435,SYNTH-BANK-001435,SYNTH-LEDGER-001435,MATCH,NONE
SYNTH-CASE-001436,SYNTH-BANK-001436,SYNTH-LEDGER-001436,MATCH,NONE
SYNTH-CASE-001437,SYNTH-BANK-001437,,UNMATCHED_BANK,MISSING_LEDGER
SYNTH-CASE-001438,SYNTH-BANK-001438,SYNTH-LEDGER-001438,MATCH,NONE
SYNTH-CASE-001439,SYNTH-BANK-001439,SYNTH-LEDGER-001439,AMOUNT_MISMATCH,AMOUNT_MISMATCH
SYNTH-CASE-001440,SYNTH-BANK-001440,SYNTH-LEDGER-001440,MATCH,NONE
SYNTH-CASE-001441,SYNTH-BANK-001441,SYNTH-LEDGER-001441,MATCH,NONE
SYNTH-CASE-001442,SYNTH-BANK-001442,SYNTH-LEDGER-001442,MATCH,NONE
SYNTH-CASE-001443,SYNTH-BANK-001443,SYNTH-LEDGER-001443,MATCH,NONE
SYNTH-CASE-001444,SYNTH-BANK-001444,SYNTH-LEDGER-001444,MATCH,NONE
SYNTH-CASE-001445,,SYNTH-LEDGER-001445,UNMATCHED_LEDGER,MISSING_BANK
SYNTH-CASE-001446,SYNTH-BANK-001446,SYNTH-LEDGER-001446,MATCH,NONE
SYNTH-CASE-001447,SYNTH-BANK-001447,SYNTH-LEDGER-001447,MATCH,NONE
SYNTH-CASE-001448,SYNTH-BANK-001448,SYNTH-LEDGER-001448,AMOUNT_MISMATCH,AMOUNT_MISMATCH
SYNTH-CASE-001449,SYNTH-BANK-001449,,UNMATCHED_BANK,MISSING_LEDGER
SYNTH-CASE-001450,SYNTH-BANK-001450,SYNTH-LEDGER-001450,AMOUNT_MISMATCH,AMOUNT_MISMATCH
SYNTH-CASE-001451,SYNTH-BANK-001451,SYNTH-LEDGER-001451,MATCH,NONE
SYNTH-CASE-001452,SYNTH-BANK-001452,SYNTH-LEDGER-001452,DUPLICATE,DUPLICATE
SYNTH-CASE-001453,SYNTH-BANK-001453,,UNMATCHED_BANK,MISSING_LEDGER
SYNTH-CASE-001454,SYNTH-BANK-001454,SYNTH-LEDGER-001454,DUPLICATE,DUPLICATE
SYNTH-CASE-001455,SYNTH-BANK-001455,SYNTH-LEDGER-001455,DUPLICATE,DUPLICATE
SYNTH-CASE-001456,,SYNTH-LEDGER-001456,UNMATCHED_LEDGER,MISSING_BANK
SYNTH-CASE-001457,SYNTH-BANK-001457,SYNTH-LEDGER-001457,MATCH,NONE
SYNTH-CASE-001458,SYNTH-BANK-001458,SYNTH-LEDGER-001458,MATCH,NONE
SYNTH-CASE-001459,SYNTH-BANK-001459,SYNTH-LEDGER-001459,AMBIGUOUS,AMBIGUOUS
SYNTH-CASE-001460,SYNTH-BANK-001460,SYNTH-LEDGER-001460,MATCH,NONE
SYNTH-CASE-001461,SYNTH-BANK-001461,SYNTH-LEDGER-001461,MATCH,NONE
SYNTH-CASE-001462,SYNTH-BANK-001462,SYNTH-LEDGER-001462,AMOUNT_MISMATCH,AMOUNT_MISMATCH
SYNTH-CASE-001463,SYNTH-BANK-001463,SYNTH-LEDGER-001463,DUPLICATE,DUPLICATE
SYNTH-CASE-001464,SYNTH-BANK-001464,SYNTH-LEDGER-001464,MATCH,NONE
SYNTH-CASE-001465,SYNTH-BANK-001465,SYNTH-LEDGER-001465,MATCH,NONE
SYNTH-CASE-001466,SYNTH-BANK-001466,SYNTH-LEDGER-001466,MATCH,NONE
SYNTH-CASE-001467,SYNTH-BANK-001467,SYNTH-LEDGER-001467,MATCH,NONE
SYNTH-CASE-001468,SYNTH-BANK-001468,SYNTH-LEDGER-001468,DUPLICATE,DUPLICATE
SYNTH-CASE-001469,SYNTH-BANK-001469,SYNTH-LEDGER-001469,MATCH,NONE
SYNTH-CASE-001470,SYNTH-BANK-001470,SYNTH-LEDGER-001470,MATCH,NONE
SYNTH-CASE-001471,,SYNTH-LEDGER-001471,UNMATCHED_LEDGER,MISSING_BANK
SYNTH-CASE-001472,SYNTH-BANK-001472,SYNTH-LEDGER-001472,MATCH,NONE
SYNTH-CASE-001473,SYNTH-BANK-001473,SYNTH-LEDGER-001473,MATCH,NONE
SYNTH-CASE-001474,SYNTH-BANK-001474,SYNTH-LEDGER-001474,MATCH,NONE
SYNTH-CASE-001475,SYNTH-BANK-001475,SYNTH-LEDGER-001475,MATCH,NONE
SYNTH-CASE-001476,SYNTH-BANK-001476,SYNTH-LEDGER-001476,MATCH,NONE
SYNTH-CASE-001477,SYNTH-BANK-001477,SYNTH-LEDGER-001477,AMOUNT_MISMATCH,AMOUNT_MISMATCH
SYNTH-CASE-001478,SYNTH-BANK-001478,SYNTH-LEDGER-001478,MATCH,NONE
SYNTH-CASE-001479,SYNTH-BANK-001479,SYNTH-LEDGER-001479,MATCH,NONE
SYNTH-CASE-001480,SYNTH-BANK-001480,SYNTH-LEDGER-001480,AMOUNT_MISMATCH,AMOUNT_MISMATCH
SYNTH-CASE-001481,SYNTH-BANK-001481,SYNTH-LEDGER-001481,MATCH,NONE
SYNTH-CASE-001482,SYNTH-BANK-001482,SYNTH-LEDGER-001482,AMOUNT_MISMATCH,AMOUNT_MISMATCH
SYNTH-CASE-001483,SYNTH-BANK-001483,SYNTH-LEDGER-001483,MATCH,NONE
SYNTH-CASE-001484,SYNTH-BANK-001484,SYNTH-LEDGER-001484,MATCH,NONE
SYNTH-CASE-001485,SYNTH-BANK-001485,SYNTH-LEDGER-001485,MATCH,NONE
SYNTH-CASE-001486,SYNTH-BANK-001486,SYNTH-LEDGER-001486,MATCH,NONE
SYNTH-CASE-001487,,SYNTH-LEDGER-001487,UNMATCHED_LEDGER,MISSING_BANK
SYNTH-CASE-001488,SYNTH-BANK-001488,SYNTH-LEDGER-001488,MATCH,NONE
SYNTH-CASE-001489,SYNTH-BANK-001489,SYNTH-LEDGER-001489,MATCH,NONE
SYNTH-CASE-001490,SYNTH-BANK-001490,SYNTH-LEDGER-001490,AMBIGUOUS,AMBIGUOUS
SYNTH-CASE-001491,SYNTH-BANK-001491,SYNTH-LEDGER-001491,MATCH,NONE
SYNTH-CASE-001492,SYNTH-BANK-001492,SYNTH-LEDGER-001492,AMOUNT_MISMATCH,AMOUNT_MISMATCH
SYNTH-CASE-001493,SYNTH-BANK-001493,SYNTH-LEDGER-001493,MATCH,NONE
SYNTH-CASE-001494,SYNTH-BANK-001494,SYNTH-LEDGER-001494,MATCH,NONE
SYNTH-CASE-001495,SYNTH-BANK-001495,SYNTH-LEDGER-001495,MATCH,NONE
SYNTH-CASE-001496,SYNTH-BANK-001496,SYNTH-LEDGER-001496,AMOUNT_MISMATCH,AMOUNT_MISMATCH
SYNTH-CASE-001497,SYNTH-BANK-001497,SYNTH-LEDGER-001497,MATCH,NONE
SYNTH-CASE-001498,SYNTH-BANK-001498,SYNTH-LEDGER-001498,MATCH,NONE
SYNTH-CASE-001499,SYNTH-BANK-001499,SYNTH-LEDGER-001499,MATCH,NONE
SYNTH-CASE-001500,SYNTH-BANK-001500,SYNTH-LEDGER-001500,MATCH,NONE
SYNTH-CASE-001501,SYNTH-BANK-001501,SYNTH-LEDGER-001501,MATCH,NONE
SYNTH-CASE-001502,SYNTH-BANK-001502,,UNMATCHED_BANK,MISSING_LEDGER
SYNTH-CASE-001503,SYNTH-BANK-001503,SYNTH-LEDGER-001503,AMOUNT_MISMATCH,AMOUNT_MISMATCH
SYNTH-CASE-001504,SYNTH-BANK-001504,SYNTH-LEDGER-001504,AMBIGUOUS,AMBIGUOUS
SYNTH-CASE-001505,SYNTH-BANK-001505,SYNTH-LEDGER-001505,MATCH,NONE
SYNTH-CASE-001506,SYNTH-BANK-001506,SYNTH-LEDGER-001506,AMBIGUOUS,AMBIGUOUS
SYNTH-CASE-001507,SYNTH-BANK-001507,SYNTH-LEDGER-001507,MATCH,NONE
SYNTH-CASE-001508,SYNTH-BANK-001508,SYNTH-LEDGER-001508,MATCH,NONE
SYNTH-CASE-001509,SYNTH-BANK-001509,SYNTH-LEDGER-001509,MATCH,NONE
SYNTH-CASE-001510,SYNTH-BANK-001510,SYNTH-LEDGER-001510,MATCH,NONE
SYNTH-CASE-001511,SYNTH-BANK-001511,SYNTH-LEDGER-001511,MATCH,NONE
SYNTH-CASE-001512,SYNTH-BANK-001512,SYNTH-LEDGER-001512,MATCH,NONE
SYNTH-CASE-001513,SYNTH-BANK-001513,SYNTH-LEDGER-001513,MATCH,NONE
SYNTH-CASE-001514,SYNTH-BANK-001514,SYNTH-LEDGER-001514,MATCH,NONE
SYNTH-CASE-001515,SYNTH-BANK-001515,SYNTH-LEDGER-001515,MATCH,NONE
SYNTH-CASE-001516,SYNTH-BANK-001516,,UNMATCHED_BANK,MISSING_LEDGER
SYNTH-CASE-001517,SYNTH-BANK-001517,SYNTH-LEDGER-001517,AMOUNT_MISMATCH,AMOUNT_MISMATCH
SYNTH-CASE-001518,SYNTH-BANK-001518,SYNTH-LEDGER-001518,MATCH,NONE
SYNTH-CASE-001519,SYNTH-BANK-001519,SYNTH-LEDGER-001519,MATCH,NONE
SYNTH-CASE-001520,SYNTH-BANK-001520,SYNTH-LEDGER-001520,MATCH,NONE
SYNTH-CASE-001521,SYNTH-BANK-001521,SYNTH-LEDGER-001521,MATCH,NONE
SYNTH-CASE-001522,SYNTH-BANK-001522,SYNTH-LEDGER-001522,MATCH,NONE
SYNTH-CASE-001523,SYNTH-BANK-001523,SYNTH-LEDGER-001523,MATCH,NONE
SYNTH-CASE-001524,SYNTH-BANK-001524,SYNTH-LEDGER-001524,MATCH,NONE
SYNTH-CASE-001525,SYNTH-BANK-001525,SYNTH-LEDGER-001525,MATCH,NONE
SYNTH-CASE-001526,SYNTH-BANK-001526,SYNTH-LEDGER-001526,MATCH,NONE
SYNTH-CASE-001527,SYNTH-BANK-001527,SYNTH-LEDGER-001527,MATCH,NONE
SYNTH-CASE-001528,SYNTH-BANK-001528,SYNTH-LEDGER-001528,MATCH,NONE
SYNTH-CASE-001529,SYNTH-BANK-001529,SYNTH-LEDGER-001529,AMBIGUOUS,AMBIGUOUS
SYNTH-CASE-001530,SYNTH-BANK-001530,SYNTH-LEDGER-001530,MATCH,NONE
SYNTH-CASE-001531,,SYNTH-LEDGER-001531,UNMATCHED_LEDGER,MISSING_BANK
SYNTH-CASE-001532,SYNTH-BANK-001532,SYNTH-LEDGER-001532,MATCH,NONE
SYNTH-CASE-001533,SYNTH-BANK-001533,SYNTH-LEDGER-001533,DUPLICATE,DUPLICATE
SYNTH-CASE-001534,SYNTH-BANK-001534,,UNMATCHED_BANK,MISSING_LEDGER
SYNTH-CASE-001535,SYNTH-BANK-001535,SYNTH-LEDGER-001535,DUPLICATE,DUPLICATE
SYNTH-CASE-001536,SYNTH-BANK-001536,SYNTH-LEDGER-001536,MATCH,NONE
SYNTH-CASE-001537,,SYNTH-LEDGER-001537,UNMATCHED_LEDGER,MISSING_BANK
SYNTH-CASE-001538,SYNTH-BANK-001538,SYNTH-LEDGER-001538,MATCH,NONE
SYNTH-CASE-001539,SYNTH-BANK-001539,SYNTH-LEDGER-001539,MATCH,NONE
SYNTH-CASE-001540,SYNTH-BANK-001540,SYNTH-LEDGER-001540,MATCH,NONE
SYNTH-CASE-001541,SYNTH-BANK-001541,SYNTH-LEDGER-001541,AMOUNT_MISMATCH,AMOUNT_MISMATCH
SYNTH-CASE-001542,SYNTH-BANK-001542,SYNTH-LEDGER-001542,MATCH,NONE
SYNTH-CASE-001543,SYNTH-BANK-001543,SYNTH-LEDGER-001543,MATCH,NONE
SYNTH-CASE-001544,SYNTH-BANK-001544,SYNTH-LEDGER-001544,MATCH,NONE
SYNTH-CASE-001545,SYNTH-BANK-001545,SYNTH-LEDGER-001545,MATCH,NONE
SYNTH-CASE-001546,SYNTH-BANK-001546,SYNTH-LEDGER-001546,MATCH,NONE
SYNTH-CASE-001547,SYNTH-BANK-001547,SYNTH-LEDGER-001547,MATCH,NONE
SYNTH-CASE-001548,SYNTH-BANK-001548,SYNTH-LEDGER-001548,MATCH,NONE
SYNTH-CASE-001549,SYNTH-BANK-001549,SYNTH-LEDGER-001549,MATCH,NONE
SYNTH-CASE-001550,SYNTH-BANK-001550,SYNTH-LEDGER-001550,MATCH,NONE
SYNTH-CASE-001551,SYNTH-BANK-001551,SYNTH-LEDGER-001551,MATCH,NONE
SYNTH-CASE-001552,SYNTH-BANK-001552,SYNTH-LEDGER-001552,AMOUNT_MISMATCH,AMOUNT_MISMATCH
SYNTH-CASE-001553,SYNTH-BANK-001553,SYNTH-LEDGER-001553,MATCH,NONE
SYNTH-CASE-001554,SYNTH-BANK-001554,SYNTH-LEDGER-001554,DUPLICATE,DUPLICATE
SYNTH-CASE-001555,SYNTH-BANK-001555,SYNTH-LEDGER-001555,MATCH,NONE
SYNTH-CASE-001556,SYNTH-BANK-001556,SYNTH-LEDGER-001556,DUPLICATE,DUPLICATE
SYNTH-CASE-001557,SYNTH-BANK-001557,SYNTH-LEDGER-001557,AMOUNT_MISMATCH,AMOUNT_MISMATCH
SYNTH-CASE-001558,SYNTH-BANK-001558,SYNTH-LEDGER-001558,AMOUNT_MISMATCH,AMOUNT_MISMATCH
SYNTH-CASE-001559,SYNTH-BANK-001559,SYNTH-LEDGER-001559,MATCH,NONE
SYNTH-CASE-001560,SYNTH-BANK-001560,SYNTH-LEDGER-001560,MATCH,NONE
SYNTH-CASE-001561,SYNTH-BANK-001561,SYNTH-LEDGER-001561,MATCH,NONE
SYNTH-CASE-001562,SYNTH-BANK-001562,SYNTH-LEDGER-001562,DUPLICATE,DUPLICATE
SYNTH-CASE-001563,SYNTH-BANK-001563,SYNTH-LEDGER-001563,AMOUNT_MISMATCH,AMOUNT_MISMATCH
SYNTH-CASE-001564,SYNTH-BANK-001564,SYNTH-LEDGER-001564,AMOUNT_MISMATCH,AMOUNT_MISMATCH
SYNTH-CASE-001565,SYNTH-BANK-001565,SYNTH-LEDGER-001565,AMOUNT_MISMATCH,AMOUNT_MISMATCH
SYNTH-CASE-001566,SYNTH-BANK-001566,SYNTH-LEDGER-001566,MATCH,NONE
SYNTH-CASE-001567,SYNTH-BANK-001567,SYNTH-LEDGER-001567,MATCH,NONE
SYNTH-CASE-001568,SYNTH-BANK-001568,SYNTH-LEDGER-001568,MATCH,NONE
SYNTH-CASE-001569,SYNTH-BANK-001569,SYNTH-LEDGER-001569,MATCH,NONE
SYNTH-CASE-001570,SYNTH-BANK-001570,SYNTH-LEDGER-001570,MATCH,NONE
SYNTH-CASE-001571,SYNTH-BANK-001571,SYNTH-LEDGER-001571,MATCH,NONE
SYNTH-CASE-001572,SYNTH-BANK-001572,SYNTH-LEDGER-001572,AMOUNT_MISMATCH,AMOUNT_MISMATCH
SYNTH-CASE-001573,SYNTH-BANK-001573,SYNTH-LEDGER-001573,MATCH,NONE
SYNTH-CASE-001574,SYNTH-BANK-001574,SYNTH-LEDGER-001574,MATCH,NONE
SYNTH-CASE-001575,SYNTH-BANK-001575,SYNTH-LEDGER-001575,MATCH,NONE
SYNTH-CASE-001576,SYNTH-BANK-001576,SYNTH-LEDGER-001576,MATCH,NONE
SYNTH-CASE-001577,SYNTH-BANK-001577,SYNTH-LEDGER-001577,AMOUNT_MISMATCH,AMOUNT_MISMATCH
SYNTH-CASE-001578,SYNTH-BANK-001578,SYNTH-LEDGER-001578,AMOUNT_MISMATCH,AMOUNT_MISMATCH
SYNTH-CASE-001579,SYNTH-BANK-001579,SYNTH-LEDGER-001579,MATCH,NONE
SYNTH-CASE-001580,SYNTH-BANK-001580,SYNTH-LEDGER-001580,MATCH,NONE
SYNTH-CASE-001581,SYNTH-BANK-001581,SYNTH-LEDGER-001581,MATCH,NONE
SYNTH-CASE-001582,SYNTH-BANK-001582,SYNTH-LEDGER-001582,MATCH,NONE
SYNTH-CASE-001583,SYNTH-BANK-001583,SYNTH-LEDGER-001583,DUPLICATE,DUPLICATE
SYNTH-CASE-001584,SYNTH-BANK-001584,SYNTH-LEDGER-001584,MATCH,NONE
SYNTH-CASE-001585,SYNTH-BANK-001585,SYNTH-LEDGER-001585,MATCH,NONE
SYNTH-CASE-001586,SYNTH-BANK-001586,SYNTH-LEDGER-001586,DUPLICATE,DUPLICATE
SYNTH-CASE-001587,SYNTH-BANK-001587,SYNTH-LEDGER-001587,MATCH,NONE
SYNTH-CASE-001588,SYNTH-BANK-001588,SYNTH-LEDGER-001588,MATCH,NONE
SYNTH-CASE-001589,SYNTH-BANK-001589,SYNTH-LEDGER-001589,MATCH,NONE
SYNTH-CASE-001590,SYNTH-BANK-001590,SYNTH-LEDGER-001590,MATCH,NONE
SYNTH-CASE-001591,SYNTH-BANK-001591,SYNTH-LEDGER-001591,AMOUNT_MISMATCH,AMOUNT_MISMATCH
SYNTH-CASE-001592,SYNTH-BANK-001592,SYNTH-LEDGER-001592,MATCH,NONE
SYNTH-CASE-001593,SYNTH-BANK-001593,SYNTH-LEDGER-001593,MATCH,NONE
SYNTH-CASE-001594,SYNTH-BANK-001594,SYNTH-LEDGER-001594,DUPLICATE,DUPLICATE
SYNTH-CASE-001595,SYNTH-BANK-001595,SYNTH-LEDGER-001595,MATCH,NONE
SYNTH-CASE-001596,SYNTH-BANK-001596,SYNTH-LEDGER-001596,MATCH,NONE
SYNTH-CASE-001597,SYNTH-BANK-001597,SYNTH-LEDGER-001597,MATCH,NONE
SYNTH-CASE-001598,SYNTH-BANK-001598,SYNTH-LEDGER-001598,MATCH,NONE
SYNTH-CASE-001599,SYNTH-BANK-001599,SYNTH-LEDGER-001599,AMOUNT_MISMATCH,AMOUNT_MISMATCH
SYNTH-CASE-001600,SYNTH-BANK-001600,SYNTH-LEDGER-001600,AMOUNT_MISMATCH,AMOUNT_MISMATCH
SYNTH-CASE-001601,SYNTH-BANK-001601,SYNTH-LEDGER-001601,AMOUNT_MISMATCH,AMOUNT_MISMATCH
SYNTH-CASE-001602,,SYNTH-LEDGER-001602,UNMATCHED_LEDGER,MISSING_BANK
SYNTH-CASE-001603,SYNTH-BANK-001603,SYNTH-LEDGER-001603,MATCH,NONE
SYNTH-CASE-001604,SYNTH-BANK-001604,SYNTH-LEDGER-001604,MATCH,NONE
SYNTH-CASE-001605,SYNTH-BANK-001605,SYNTH-LEDGER-001605,MATCH,NONE
SYNTH-CASE-001606,SYNTH-BANK-001606,SYNTH-LEDGER-001606,MATCH,NONE
SYNTH-CASE-001607,SYNTH-BANK-001607,SYNTH-LEDGER-001607,MATCH,NONE
SYNTH-CASE-001608,SYNTH-BANK-001608,SYNTH-LEDGER-001608,MATCH,NONE
SYNTH-CASE-001609,SYNTH-BANK-001609,SYNTH-LEDGER-001609,MATCH,NONE
SYNTH-CASE-001610,SYNTH-BANK-001610,SYNTH-LEDGER-001610,MATCH,NONE
SYNTH-CASE-001611,SYNTH-BANK-001611,SYNTH-LEDGER-001611,MATCH,NONE
SYNTH-CASE-001612,SYNTH-BANK-001612,SYNTH-LEDGER-001612,MATCH,NONE
SYNTH-CASE-001613,SYNTH-BANK-001613,SYNTH-LEDGER-001613,MATCH,NONE
SYNTH-CASE-001614,SYNTH-BANK-001614,SYNTH-LEDGER-001614,AMOUNT_MISMATCH,AMOUNT_MISMATCH
SYNTH-CASE-001615,SYNTH-BANK-001615,SYNTH-LEDGER-001615,MATCH,NONE
SYNTH-CASE-001616,SYNTH-BANK-001616,SYNTH-LEDGER-001616,MATCH,NONE
SYNTH-CASE-001617,SYNTH-BANK-001617,SYNTH-LEDGER-001617,MATCH,NONE
SYNTH-CASE-001618,SYNTH-BANK-001618,SYNTH-LEDGER-001618,AMOUNT_MISMATCH,AMOUNT_MISMATCH
SYNTH-CASE-001619,SYNTH-BANK-001619,SYNTH-LEDGER-001619,MATCH,NONE
SYNTH-CASE-001620,SYNTH-BANK-001620,SYNTH-LEDGER-001620,AMOUNT_MISMATCH,AMOUNT_MISMATCH
SYNTH-CASE-001621,SYNTH-BANK-001621,SYNTH-LEDGER-001621,AMOUNT_MISMATCH,AMOUNT_MISMATCH
SYNTH-CASE-001622,SYNTH-BANK-001622,SYNTH-LEDGER-001622,MATCH,NONE
SYNTH-CASE-001623,SYNTH-BANK-001623,SYNTH-LEDGER-001623,MATCH,NONE
SYNTH-CASE-001624,SYNTH-BANK-001624,,UNMATCHED_BANK,MISSING_LEDGER
SYNTH-CASE-001625,SYNTH-BANK-001625,SYNTH-LEDGER-001625,MATCH,NONE
SYNTH-CASE-001626,SYNTH-BANK-001626,SYNTH-LEDGER-001626,MATCH,NONE
SYNTH-CASE-001627,SYNTH-BANK-001627,SYNTH-LEDGER-001627,MATCH,NONE
SYNTH-CASE-001628,SYNTH-BANK-001628,,UNMATCHED_BANK,MISSING_LEDGER
SYNTH-CASE-001629,SYNTH-BANK-001629,SYNTH-LEDGER-001629,MATCH,NONE
SYNTH-CASE-001630,SYNTH-BANK-001630,SYNTH-LEDGER-001630,MATCH,NONE
SYNTH-CASE-001631,SYNTH-BANK-001631,SYNTH-LEDGER-001631,MATCH,NONE
SYNTH-CASE-001632,SYNTH-BANK-001632,,UNMATCHED_BANK,MISSING_LEDGER
SYNTH-CASE-001633,SYNTH-BANK-001633,SYNTH-LEDGER-001633,MATCH,NONE
SYNTH-CASE-001634,SYNTH-BANK-001634,SYNTH-LEDGER-001634,MATCH,NONE
SYNTH-CASE-001635,SYNTH-BANK-001635,,UNMATCHED_BANK,MISSING_LEDGER
SYNTH-CASE-001636,SYNTH-BANK-001636,SYNTH-LEDGER-001636,MATCH,NONE
SYNTH-CASE-001637,SYNTH-BANK-001637,SYNTH-LEDGER-001637,MATCH,NONE
SYNTH-CASE-001638,SYNTH-BANK-001638,SYNTH-LEDGER-001638,MATCH,NONE
SYNTH-CASE-001639,SYNTH-BANK-001639,SYNTH-LEDGER-001639,MATCH,NONE
SYNTH-CASE-001640,SYNTH-BANK-001640,SYNTH-LEDGER-001640,MATCH,NONE
SYNTH-CASE-001641,SYNTH-BANK-001641,SYNTH-LEDGER-001641,MATCH,NONE
SYNTH-CASE-001642,SYNTH-BANK-001642,SYNTH-LEDGER-001642,AMOUNT_MISMATCH,AMOUNT_MISMATCH
SYNTH-CASE-001643,SYNTH-BANK-001643,SYNTH-LEDGER-001643,MATCH,NONE
SYNTH-CASE-001644,SYNTH-BANK-001644,SYNTH-LEDGER-001644,MATCH,NONE
SYNTH-CASE-001645,SYNTH-BANK-001645,SYNTH-LEDGER-001645,MATCH,NONE
SYNTH-CASE-001646,SYNTH-BANK-001646,,UNMATCHED_BANK,MISSING_LEDGER
SYNTH-CASE-001647,SYNTH-BANK-001647,SYNTH-LEDGER-001647,DUPLICATE,DUPLICATE
SYNTH-CASE-001648,SYNTH-BANK-001648,SYNTH-LEDGER-001648,MATCH,NONE
SYNTH-CASE-001649,SYNTH-BANK-001649,,UNMATCHED_BANK,MISSING_LEDGER
SYNTH-CASE-001650,SYNTH-BANK-001650,SYNTH-LEDGER-001650,MATCH,NONE
SYNTH-CASE-001651,SYNTH-BANK-001651,SYNTH-LEDGER-001651,MATCH,NONE
SYNTH-CASE-001652,SYNTH-BANK-001652,SYNTH-LEDGER-001652,MATCH,NONE
SYNTH-CASE-001653,SYNTH-BANK-001653,SYNTH-LEDGER-001653,MATCH,NONE
SYNTH-CASE-001654,SYNTH-BANK-001654,SYNTH-LEDGER-001654,MATCH,NONE
SYNTH-CASE-001655,SYNTH-BANK-001655,SYNTH-LEDGER-001655,MATCH,NONE
SYNTH-CASE-001656,SYNTH-BANK-001656,SYNTH-LEDGER-001656,MATCH,NONE
SYNTH-CASE-001657,SYNTH-BANK-001657,SYNTH-LEDGER-001657,MATCH,NONE
SYNTH-CASE-001658,SYNTH-BANK-001658,SYNTH-LEDGER-001658,AMOUNT_MISMATCH,AMOUNT_MISMATCH
SYNTH-CASE-001659,SYNTH-BANK-001659,SYNTH-LEDGER-001659,MATCH,NONE
SYNTH-CASE-001660,SYNTH-BANK-001660,SYNTH-LEDGER-001660,AMBIGUOUS,AMBIGUOUS
SYNTH-CASE-001661,SYNTH-BANK-001661,SYNTH-LEDGER-001661,MATCH,NONE
SYNTH-CASE-001662,SYNTH-BANK-001662,SYNTH-LEDGER-001662,MATCH,NONE
SYNTH-CASE-001663,SYNTH-BANK-001663,SYNTH-LEDGER-001663,MATCH,NONE
SYNTH-CASE-001664,SYNTH-BANK-001664,SYNTH-LEDGER-001664,MATCH,NONE
SYNTH-CASE-001665,SYNTH-BANK-001665,SYNTH-LEDGER-001665,MATCH,NONE
SYNTH-CASE-001666,SYNTH-BANK-001666,SYNTH-LEDGER-001666,MATCH,NONE
SYNTH-CASE-001667,SYNTH-BANK-001667,SYNTH-LEDGER-001667,DUPLICATE,DUPLICATE
SYNTH-CASE-001668,SYNTH-BANK-001668,SYNTH-LEDGER-001668,MATCH,NONE
SYNTH-CASE-001669,SYNTH-BANK-001669,SYNTH-LEDGER-001669,MATCH,NONE
SYNTH-CASE-001670,SYNTH-BANK-001670,SYNTH-LEDGER-001670,MATCH,NONE
SYNTH-CASE-001671,SYNTH-BANK-001671,SYNTH-LEDGER-001671,MATCH,NONE
SYNTH-CASE-001672,SYNTH-BANK-001672,SYNTH-LEDGER-001672,MATCH,NONE
SYNTH-CASE-001673,SYNTH-BANK-001673,SYNTH-LEDGER-001673,MATCH,NONE
SYNTH-CASE-001674,SYNTH-BANK-001674,SYNTH-LEDGER-001674,AMOUNT_MISMATCH,AMOUNT_MISMATCH
SYNTH-CASE-001675,SYNTH-BANK-001675,SYNTH-LEDGER-001675,AMBIGUOUS,AMBIGUOUS
SYNTH-CASE-001676,SYNTH-BANK-001676,SYNTH-LEDGER-001676,AMOUNT_MISMATCH,AMOUNT_MISMATCH
SYNTH-CASE-001677,SYNTH-BANK-001677,SYNTH-LEDGER-001677,MATCH,NONE
SYNTH-CASE-001678,SYNTH-BANK-001678,SYNTH-LEDGER-001678,MATCH,NONE
SYNTH-CASE-001679,SYNTH-BANK-001679,SYNTH-LEDGER-001679,MATCH,NONE
SYNTH-CASE-001680,SYNTH-BANK-001680,,UNMATCHED_BANK,MISSING_LEDGER
SYNTH-CASE-001681,SYNTH-BANK-001681,SYNTH-LEDGER-001681,AMOUNT_MISMATCH,AMOUNT_MISMATCH
SYNTH-CASE-001682,,SYNTH-LEDGER-001682,UNMATCHED_LEDGER,MISSING_BANK
SYNTH-CASE-001683,SYNTH-BANK-001683,SYNTH-LEDGER-001683,MATCH,NONE
SYNTH-CASE-001684,SYNTH-BANK-001684,SYNTH-LEDGER-001684,MATCH,NONE
SYNTH-CASE-001685,SYNTH-BANK-001685,SYNTH-LEDGER-001685,MATCH,NONE
SYNTH-CASE-001686,SYNTH-BANK-001686,SYNTH-LEDGER-001686,MATCH,NONE
SYNTH-CASE-001687,SYNTH-BANK-001687,SYNTH-LEDGER-001687,AMOUNT_MISMATCH,AMOUNT_MISMATCH
SYNTH-CASE-001688,SYNTH-BANK-001688,SYNTH-LEDGER-001688,MATCH,NONE
SYNTH-CASE-001689,SYNTH-BANK-001689,SYNTH-LEDGER-001689,MATCH,NONE
SYNTH-CASE-001690,SYNTH-BANK-001690,SYNTH-LEDGER-001690,MATCH,NONE
SYNTH-CASE-001691,SYNTH-BANK-001691,SYNTH-LEDGER-001691,MATCH,NONE
SYNTH-CASE-001692,SYNTH-BANK-001692,SYNTH-LEDGER-001692,MATCH,NONE
SYNTH-CASE-001693,SYNTH-BANK-001693,SYNTH-LEDGER-001693,AMOUNT_MISMATCH,AMOUNT_MISMATCH
SYNTH-CASE-001694,SYNTH-BANK-001694,SYNTH-LEDGER-001694,MATCH,NONE
SYNTH-CASE-001695,SYNTH-BANK-001695,SYNTH-LEDGER-001695,MATCH,NONE
SYNTH-CASE-001696,SYNTH-BANK-001696,SYNTH-LEDGER-001696,MATCH,NONE
SYNTH-CASE-001697,SYNTH-BANK-001697,SYNTH-LEDGER-001697,DUPLICATE,DUPLICATE
SYNTH-CASE-001698,SYNTH-BANK-001698,SYNTH-LEDGER-001698,MATCH,NONE
SYNTH-CASE-001699,SYNTH-BANK-001699,SYNTH-LEDGER-001699,MATCH,NONE
SYNTH-CASE-001700,SYNTH-BANK-001700,SYNTH-LEDGER-001700,MATCH,NONE
SYNTH-CASE-001701,SYNTH-BANK-001701,,UNMATCHED_BANK,MISSING_LEDGER
SYNTH-CASE-001702,SYNTH-BANK-001702,SYNTH-LEDGER-001702,AMOUNT_MISMATCH,AMOUNT_MISMATCH
SYNTH-CASE-001703,SYNTH-BANK-001703,SYNTH-LEDGER-001703,MATCH,NONE
SYNTH-CASE-001704,SYNTH-BANK-001704,SYNTH-LEDGER-001704,MATCH,NONE
SYNTH-CASE-001705,SYNTH-BANK-001705,SYNTH-LEDGER-001705,AMBIGUOUS,AMBIGUOUS
SYNTH-CASE-001706,SYNTH-BANK-001706,SYNTH-LEDGER-001706,MATCH,NONE
SYNTH-CASE-001707,SYNTH-BANK-001707,SYNTH-LEDGER-001707,MATCH,NONE
SYNTH-CASE-001708,SYNTH-BANK-001708,SYNTH-LEDGER-001708,MATCH,NONE
SYNTH-CASE-001709,SYNTH-BANK-001709,SYNTH-LEDGER-001709,MATCH,NONE
SYNTH-CASE-001710,SYNTH-BANK-001710,SYNTH-LEDGER-001710,MATCH,NONE
SYNTH-CASE-001711,SYNTH-BANK-001711,SYNTH-LEDGER-001711,MATCH,NONE
SYNTH-CASE-001712,SYNTH-BANK-001712,SYNTH-LEDGER-001712,MATCH,NONE
SYNTH-CASE-001713,SYNTH-BANK-001713,SYNTH-LEDGER-001713,MATCH,NONE
SYNTH-CASE-001714,SYNTH-BANK-001714,,UNMATCHED_BANK,MISSING_LEDGER
SYNTH-CASE-001715,SYNTH-BANK-001715,SYNTH-LEDGER-001715,MATCH,NONE
SYNTH-CASE-001716,SYNTH-BANK-001716,SYNTH-LEDGER-001716,MATCH,NONE
SYNTH-CASE-001717,SYNTH-BANK-001717,SYNTH-LEDGER-001717,MATCH,NONE
SYNTH-CASE-001718,SYNTH-BANK-001718,SYNTH-LEDGER-001718,MATCH,NONE
SYNTH-CASE-001719,SYNTH-BANK-001719,SYNTH-LEDGER-001719,AMOUNT_MISMATCH,AMOUNT_MISMATCH
SYNTH-CASE-001720,SYNTH-BANK-001720,SYNTH-LEDGER-001720,AMOUNT_MISMATCH,AMOUNT_MISMATCH
SYNTH-CASE-001721,SYNTH-BANK-001721,SYNTH-LEDGER-001721,MATCH,NONE
SYNTH-CASE-001722,SYNTH-BANK-001722,SYNTH-LEDGER-001722,AMBIGUOUS,AMBIGUOUS
SYNTH-CASE-001723,SYNTH-BANK-001723,SYNTH-LEDGER-001723,MATCH,NONE
SYNTH-CASE-001724,SYNTH-BANK-001724,SYNTH-LEDGER-001724,MATCH,NONE
SYNTH-CASE-001725,SYNTH-BANK-001725,SYNTH-LEDGER-001725,MATCH,NONE
SYNTH-CASE-001726,SYNTH-BANK-001726,SYNTH-LEDGER-001726,MATCH,NONE
SYNTH-CASE-001727,SYNTH-BANK-001727,SYNTH-LEDGER-001727,MATCH,NONE
SYNTH-CASE-001728,SYNTH-BANK-001728,SYNTH-LEDGER-001728,MATCH,NONE
SYNTH-CASE-001729,SYNTH-BANK-001729,SYNTH-LEDGER-001729,MATCH,NONE
SYNTH-CASE-001730,SYNTH-BANK-001730,SYNTH-LEDGER-001730,MATCH,NONE
SYNTH-CASE-001731,SYNTH-BANK-001731,SYNTH-LEDGER-001731,MATCH,NONE
SYNTH-CASE-001732,SYNTH-BANK-001732,SYNTH-LEDGER-001732,MATCH,NONE
SYNTH-CASE-001733,SYNTH-BANK-001733,SYNTH-LEDGER-001733,MATCH,NONE
SYNTH-CASE-001734,SYNTH-BANK-001734,SYNTH-LEDGER-001734,MATCH,NONE
SYNTH-CASE-001735,SYNTH-BANK-001735,SYNTH-LEDGER-001735,MATCH,NONE
SYNTH-CASE-001736,SYNTH-BANK-001736,SYNTH-LEDGER-001736,MATCH,NONE
SYNTH-CASE-001737,SYNTH-BANK-001737,SYNTH-LEDGER-001737,MATCH,NONE
SYNTH-CASE-001738,SYNTH-BANK-001738,SYNTH-LEDGER-001738,MATCH,NONE
SYNTH-CASE-001739,SYNTH-BANK-001739,SYNTH-LEDGER-001739,MATCH,NONE
SYNTH-CASE-001740,SYNTH-BANK-001740,SYNTH-LEDGER-001740,MATCH,NONE
SYNTH-CASE-001741,SYNTH-BANK-001741,SYNTH-LEDGER-001741,MATCH,NONE
SYNTH-CASE-001742,,SYNTH-LEDGER-001742,UNMATCHED_LEDGER,MISSING_BANK
SYNTH-CASE-001743,SYNTH-BANK-001743,SYNTH-LEDGER-001743,AMOUNT_MISMATCH,AMOUNT_MISMATCH
SYNTH-CASE-001744,SYNTH-BANK-001744,SYNTH-LEDGER-001744,AMOUNT_MISMATCH,AMOUNT_MISMATCH
SYNTH-CASE-001745,SYNTH-BANK-001745,SYNTH-LEDGER-001745,MATCH,NONE
SYNTH-CASE-001746,SYNTH-BANK-001746,SYNTH-LEDGER-001746,MATCH,NONE
SYNTH-CASE-001747,SYNTH-BANK-001747,SYNTH-LEDGER-001747,MATCH,NONE
SYNTH-CASE-001748,SYNTH-BANK-001748,SYNTH-LEDGER-001748,MATCH,NONE
SYNTH-CASE-001749,SYNTH-BANK-001749,SYNTH-LEDGER-001749,MATCH,NONE
SYNTH-CASE-001750,SYNTH-BANK-001750,SYNTH-LEDGER-001750,MATCH,NONE
SYNTH-CASE-001751,SYNTH-BANK-001751,SYNTH-LEDGER-001751,AMOUNT_MISMATCH,AMOUNT_MISMATCH
SYNTH-CASE-001752,SYNTH-BANK-001752,SYNTH-LEDGER-001752,AMOUNT_MISMATCH,AMOUNT_MISMATCH
SYNTH-CASE-001753,SYNTH-BANK-001753,SYNTH-LEDGER-001753,MATCH,NONE
SYNTH-CASE-001754,SYNTH-BANK-001754,SYNTH-LEDGER-001754,MATCH,NONE
SYNTH-CASE-001755,SYNTH-BANK-001755,SYNTH-LEDGER-001755,MATCH,NONE
SYNTH-CASE-001756,SYNTH-BANK-001756,SYNTH-LEDGER-001756,MATCH,NONE
SYNTH-CASE-001757,SYNTH-BANK-001757,SYNTH-LEDGER-001757,MATCH,NONE
SYNTH-CASE-001758,SYNTH-BANK-001758,SYNTH-LEDGER-001758,AMOUNT_MISMATCH,AMOUNT_MISMATCH
SYNTH-CASE-001759,SYNTH-BANK-001759,SYNTH-LEDGER-001759,MATCH,NONE
SYNTH-CASE-001760,SYNTH-BANK-001760,SYNTH-LEDGER-001760,MATCH,NONE
SYNTH-CASE-001761,SYNTH-BANK-001761,SYNTH-LEDGER-001761,MATCH,NONE
SYNTH-CASE-001762,SYNTH-BANK-001762,SYNTH-LEDGER-001762,MATCH,NONE
SYNTH-CASE-001763,SYNTH-BANK-001763,SYNTH-LEDGER-001763,AMOUNT_MISMATCH,AMOUNT_MISMATCH
SYNTH-CASE-001764,SYNTH-BANK-001764,,UNMATCHED_BANK,MISSING_LEDGER
SYNTH-CASE-001765,SYNTH-BANK-001765,SYNTH-LEDGER-001765,MATCH,NONE
SYNTH-CASE-001766,SYNTH-BANK-001766,SYNTH-LEDGER-001766,MATCH,NONE
SYNTH-CASE-001767,SYNTH-BANK-001767,SYNTH-LEDGER-001767,MATCH,NONE
SYNTH-CASE-001768,SYNTH-BANK-001768,SYNTH-LEDGER-001768,MATCH,NONE
SYNTH-CASE-001769,SYNTH-BANK-001769,SYNTH-LEDGER-001769,MATCH,NONE
SYNTH-CASE-001770,SYNTH-BANK-001770,SYNTH-LEDGER-001770,MATCH,NONE
SYNTH-CASE-001771,SYNTH-BANK-001771,SYNTH-LEDGER-001771,MATCH,NONE
SYNTH-CASE-001772,SYNTH-BANK-001772,SYNTH-LEDGER-001772,MATCH,NONE
SYNTH-CASE-001773,SYNTH-BANK-001773,SYNTH-LEDGER-001773,MATCH,NONE
SYNTH-CASE-001774,SYNTH-BANK-001774,SYNTH-LEDGER-001774,MATCH,NONE
SYNTH-CASE-001775,SYNTH-BANK-001775,SYNTH-LEDGER-001775,MATCH,NONE
SYNTH-CASE-001776,SYNTH-BANK-001776,SYNTH-LEDGER-001776,MATCH,NONE
SYNTH-CASE-001777,SYNTH-BANK-001777,SYNTH-LEDGER-001777,AMOUNT_MISMATCH,AMOUNT_MISMATCH
SYNTH-CASE-001778,SYNTH-BANK-001778,SYNTH-LEDGER-001778,AMOUNT_MISMATCH,AMOUNT_MISMATCH
SYNTH-CASE-001779,SYNTH-BANK-001779,SYNTH-LEDGER-001779,MATCH,NONE
SYNTH-CASE-001780,SYNTH-BANK-001780,SYNTH-LEDGER-001780,MATCH,NONE
SYNTH-CASE-001781,SYNTH-BANK-001781,SYNTH-LEDGER-001781,AMOUNT_MISMATCH,AMOUNT_MISMATCH
SYNTH-CASE-001782,SYNTH-BANK-001782,SYNTH-LEDGER-001782,AMOUNT_MISMATCH,AMOUNT_MISMATCH
SYNTH-CASE-001783,SYNTH-BANK-001783,SYNTH-LEDGER-001783,AMBIGUOUS,AMBIGUOUS
SYNTH-CASE-001784,SYNTH-BANK-001784,SYNTH-LEDGER-001784,MATCH,NONE
SYNTH-CASE-001785,SYNTH-BANK-001785,SYNTH-LEDGER-001785,AMBIGUOUS,AMBIGUOUS
SYNTH-CASE-001786,SYNTH-BANK-001786,SYNTH-LEDGER-001786,DUPLICATE,DUPLICATE
SYNTH-CASE-001787,SYNTH-BANK-001787,SYNTH-LEDGER-001787,MATCH,NONE
SYNTH-CASE-001788,SYNTH-BANK-001788,SYNTH-LEDGER-001788,MATCH,NONE
SYNTH-CASE-001789,SYNTH-BANK-001789,SYNTH-LEDGER-001789,MATCH,NONE
SYNTH-CASE-001790,SYNTH-BANK-001790,SYNTH-LEDGER-001790,MATCH,NONE
SYNTH-CASE-001791,SYNTH-BANK-001791,SYNTH-LEDGER-001791,AMOUNT_MISMATCH,AMOUNT_MISMATCH
SYNTH-CASE-001792,SYNTH-BANK-001792,SYNTH-LEDGER-001792,MATCH,NONE
SYNTH-CASE-001793,SYNTH-BANK-001793,SYNTH-LEDGER-001793,MATCH,NONE
SYNTH-CASE-001794,SYNTH-BANK-001794,SYNTH-LEDGER-001794,MATCH,NONE
SYNTH-CASE-001795,SYNTH-BANK-001795,SYNTH-LEDGER-001795,MATCH,NONE
SYNTH-CASE-001796,SYNTH-BANK-001796,SYNTH-LEDGER-001796,DUPLICATE,DUPLICATE
SYNTH-CASE-001797,SYNTH-BANK-001797,SYNTH-LEDGER-001797,MATCH,NONE
SYNTH-CASE-001798,SYNTH-BANK-001798,SYNTH-LEDGER-001798,MATCH,NONE
SYNTH-CASE-001799,SYNTH-BANK-001799,SYNTH-LEDGER-001799,MATCH,NONE
SYNTH-CASE-001800,SYNTH-BANK-001800,SYNTH-LEDGER-001800,MATCH,NONE
SYNTH-CASE-001801,SYNTH-BANK-001801,SYNTH-LEDGER-001801,AMOUNT_MISMATCH,AMOUNT_MISMATCH
SYNTH-CASE-001802,SYNTH-BANK-001802,SYNTH-LEDGER-001802,AMOUNT_MISMATCH,AMOUNT_MISMATCH
SYNTH-CASE-001803,SYNTH-BANK-001803,SYNTH-LEDGER-001803,MATCH,NONE
SYNTH-CASE-001804,SYNTH-BANK-001804,SYNTH-LEDGER-001804,MATCH,NONE
SYNTH-CASE-001805,SYNTH-BANK-001805,SYNTH-LEDGER-001805,AMOUNT_MISMATCH,AMOUNT_MISMATCH
SYNTH-CASE-001806,SYNTH-BANK-001806,SYNTH-LEDGER-001806,MATCH,NONE
SYNTH-CASE-001807,SYNTH-BANK-001807,SYNTH-LEDGER-001807,MATCH,NONE
SYNTH-CASE-001808,SYNTH-BANK-001808,SYNTH-LEDGER-001808,AMOUNT_MISMATCH,AMOUNT_MISMATCH
SYNTH-CASE-001809,SYNTH-BANK-001809,SYNTH-LEDGER-001809,MATCH,NONE
SYNTH-CASE-001810,SYNTH-BANK-001810,,UNMATCHED_BANK,MISSING_LEDGER
SYNTH-CASE-001811,SYNTH-BANK-001811,SYNTH-LEDGER-001811,MATCH,NONE
SYNTH-CASE-001812,SYNTH-BANK-001812,SYNTH-LEDGER-001812,MATCH,NONE
SYNTH-CASE-001813,SYNTH-BANK-001813,SYNTH-LEDGER-001813,MATCH,NONE
SYNTH-CASE-001814,SYNTH-BANK-001814,SYNTH-LEDGER-001814,MATCH,NONE
SYNTH-CASE-001815,SYNTH-BANK-001815,SYNTH-LEDGER-001815,MATCH,NONE
SYNTH-CASE-001816,SYNTH-BANK-001816,SYNTH-LEDGER-001816,MATCH,NONE
SYNTH-CASE-001817,SYNTH-BANK-001817,SYNTH-LEDGER-001817,MATCH,NONE
SYNTH-CASE-001818,SYNTH-BANK-001818,SYNTH-LEDGER-001818,DUPLICATE,DUPLICATE
SYNTH-CASE-001819,SYNTH-BANK-001819,SYNTH-LEDGER-001819,MATCH,NONE
SYNTH-CASE-001820,SYNTH-BANK-001820,SYNTH-LEDGER-001820,AMBIGUOUS,AMBIGUOUS
SYNTH-CASE-001821,SYNTH-BANK-001821,SYNTH-LEDGER-001821,MATCH,NONE
SYNTH-CASE-001822,SYNTH-BANK-001822,SYNTH-LEDGER-001822,MATCH,NONE
SYNTH-CASE-001823,SYNTH-BANK-001823,SYNTH-LEDGER-001823,MATCH,NONE
SYNTH-CASE-001824,SYNTH-BANK-001824,SYNTH-LEDGER-001824,MATCH,NONE
SYNTH-CASE-001825,SYNTH-BANK-001825,SYNTH-LEDGER-001825,MATCH,NONE
SYNTH-CASE-001826,SYNTH-BANK-001826,SYNTH-LEDGER-001826,AMBIGUOUS,AMBIGUOUS
SYNTH-CASE-001827,SYNTH-BANK-001827,SYNTH-LEDGER-001827,MATCH,NONE
SYNTH-CASE-001828,SYNTH-BANK-001828,SYNTH-LEDGER-001828,AMOUNT_MISMATCH,AMOUNT_MISMATCH
SYNTH-CASE-001829,SYNTH-BANK-001829,SYNTH-LEDGER-001829,MATCH,NONE
SYNTH-CASE-001830,SYNTH-BANK-001830,SYNTH-LEDGER-001830,MATCH,NONE
SYNTH-CASE-001831,SYNTH-BANK-001831,SYNTH-LEDGER-001831,MATCH,NONE
SYNTH-CASE-001832,SYNTH-BANK-001832,SYNTH-LEDGER-001832,MATCH,NONE
SYNTH-CASE-001833,SYNTH-BANK-001833,SYNTH-LEDGER-001833,MATCH,NONE
SYNTH-CASE-001834,SYNTH-BANK-001834,SYNTH-LEDGER-001834,AMOUNT_MISMATCH,AMOUNT_MISMATCH
SYNTH-CASE-001835,SYNTH-BANK-001835,SYNTH-LEDGER-001835,AMBIGUOUS,AMBIGUOUS
SYNTH-CASE-001836,SYNTH-BANK-001836,SYNTH-LEDGER-001836,MATCH,NONE
SYNTH-CASE-001837,SYNTH-BANK-001837,SYNTH-LEDGER-001837,MATCH,NONE
SYNTH-CASE-001838,SYNTH-BANK-001838,SYNTH-LEDGER-001838,AMOUNT_MISMATCH,AMOUNT_MISMATCH
SYNTH-CASE-001839,SYNTH-BANK-001839,SYNTH-LEDGER-001839,MATCH,NONE
SYNTH-CASE-001840,SYNTH-BANK-001840,SYNTH-LEDGER-001840,MATCH,NONE
SYNTH-CASE-001841,SYNTH-BANK-001841,SYNTH-LEDGER-001841,MATCH,NONE
SYNTH-CASE-001842,SYNTH-BANK-001842,SYNTH-LEDGER-001842,MATCH,NONE
SYNTH-CASE-001843,SYNTH-BANK-001843,SYNTH-LEDGER-001843,DUPLICATE,DUPLICATE
SYNTH-CASE-001844,SYNTH-BANK-001844,SYNTH-LEDGER-001844,MATCH,NONE
SYNTH-CASE-001845,SYNTH-BANK-001845,SYNTH-LEDGER-001845,AMBIGUOUS,AMBIGUOUS
SYNTH-CASE-001846,SYNTH-BANK-001846,SYNTH-LEDGER-001846,MATCH,NONE
SYNTH-CASE-001847,SYNTH-BANK-001847,SYNTH-LEDGER-001847,MATCH,NONE
SYNTH-CASE-001848,SYNTH-BANK-001848,SYNTH-LEDGER-001848,MATCH,NONE
SYNTH-CASE-001849,SYNTH-BANK-001849,SYNTH-LEDGER-001849,MATCH,NONE
SYNTH-CASE-001850,SYNTH-BANK-001850,SYNTH-LEDGER-001850,AMOUNT_MISMATCH,AMOUNT_MISMATCH
SYNTH-CASE-001851,SYNTH-BANK-001851,SYNTH-LEDGER-001851,MATCH,NONE
SYNTH-CASE-001852,SYNTH-BANK-001852,SYNTH-LEDGER-001852,MATCH,NONE
SYNTH-CASE-001853,SYNTH-BANK-001853,SYNTH-LEDGER-001853,DUPLICATE,DUPLICATE
SYNTH-CASE-001854,SYNTH-BANK-001854,SYNTH-LEDGER-001854,MATCH,NONE
SYNTH-CASE-001855,SYNTH-BANK-001855,SYNTH-LEDGER-001855,MATCH,NONE
SYNTH-CASE-001856,SYNTH-BANK-001856,SYNTH-LEDGER-001856,AMOUNT_MISMATCH,AMOUNT_MISMATCH
SYNTH-CASE-001857,SYNTH-BANK-001857,SYNTH-LEDGER-001857,MATCH,NONE
SYNTH-CASE-001858,SYNTH-BANK-001858,SYNTH-LEDGER-001858,AMOUNT_MISMATCH,AMOUNT_MISMATCH
SYNTH-CASE-001859,SYNTH-BANK-001859,,UNMATCHED_BANK,MISSING_LEDGER
SYNTH-CASE-001860,SYNTH-BANK-001860,SYNTH-LEDGER-001860,AMOUNT_MISMATCH,AMOUNT_MISMATCH
SYNTH-CASE-001861,SYNTH-BANK-001861,SYNTH-LEDGER-001861,MATCH,NONE
SYNTH-CASE-001862,SYNTH-BANK-001862,SYNTH-LEDGER-001862,MATCH,NONE
SYNTH-CASE-001863,SYNTH-BANK-001863,SYNTH-LEDGER-001863,MATCH,NONE
SYNTH-CASE-001864,SYNTH-BANK-001864,SYNTH-LEDGER-001864,AMOUNT_MISMATCH,AMOUNT_MISMATCH
SYNTH-CASE-001865,SYNTH-BANK-001865,SYNTH-LEDGER-001865,MATCH,NONE
SYNTH-CASE-001866,SYNTH-BANK-001866,SYNTH-LEDGER-001866,DUPLICATE,DUPLICATE
SYNTH-CASE-001867,SYNTH-BANK-001867,SYNTH-LEDGER-001867,MATCH,NONE
SYNTH-CASE-001868,SYNTH-BANK-001868,SYNTH-LEDGER-001868,AMOUNT_MISMATCH,AMOUNT_MISMATCH
SYNTH-CASE-001869,SYNTH-BANK-001869,SYNTH-LEDGER-001869,AMOUNT_MISMATCH,AMOUNT_MISMATCH
SYNTH-CASE-001870,SYNTH-BANK-001870,SYNTH-LEDGER-001870,MATCH,NONE
SYNTH-CASE-001871,SYNTH-BANK-001871,SYNTH-LEDGER-001871,MATCH,NONE
SYNTH-CASE-001872,SYNTH-BANK-001872,SYNTH-LEDGER-001872,MATCH,NONE
SYNTH-CASE-001873,SYNTH-BANK-001873,SYNTH-LEDGER-001873,MATCH,NONE
SYNTH-CASE-001874,SYNTH-BANK-001874,SYNTH-LEDGER-001874,MATCH,NONE
SYNTH-CASE-001875,SYNTH-BANK-001875,SYNTH-LEDGER-001875,MATCH,NONE
SYNTH-CASE-001876,SYNTH-BANK-001876,SYNTH-LEDGER-001876,MATCH,NONE
SYNTH-CASE-001877,SYNTH-BANK-001877,SYNTH-LEDGER-001877,MATCH,NONE
SYNTH-CASE-001878,SYNTH-BANK-001878,SYNTH-LEDGER-001878,AMOUNT_MISMATCH,AMOUNT_MISMATCH
SYNTH-CASE-001879,SYNTH-BANK-001879,SYNTH-LEDGER-001879,AMOUNT_MISMATCH,AMOUNT_MISMATCH
SYNTH-CASE-001880,,SYNTH-LEDGER-001880,UNMATCHED_LEDGER,MISSING_BANK
SYNTH-CASE-001881,SYNTH-BANK-001881,SYNTH-LEDGER-001881,DUPLICATE,DUPLICATE
SYNTH-CASE-001882,SYNTH-BANK-001882,SYNTH-LEDGER-001882,AMBIGUOUS,AMBIGUOUS
SYNTH-CASE-001883,SYNTH-BANK-001883,SYNTH-LEDGER-001883,AMOUNT_MISMATCH,AMOUNT_MISMATCH
SYNTH-CASE-001884,SYNTH-BANK-001884,SYNTH-LEDGER-001884,MATCH,NONE
SYNTH-CASE-001885,SYNTH-BANK-001885,SYNTH-LEDGER-001885,AMOUNT_MISMATCH,AMOUNT_MISMATCH
SYNTH-CASE-001886,SYNTH-BANK-001886,SYNTH-LEDGER-001886,MATCH,NONE
SYNTH-CASE-001887,SYNTH-BANK-001887,SYNTH-LEDGER-001887,MATCH,NONE
SYNTH-CASE-001888,SYNTH-BANK-001888,SYNTH-LEDGER-001888,MATCH,NONE
SYNTH-CASE-001889,SYNTH-BANK-001889,SYNTH-LEDGER-001889,MATCH,NONE
SYNTH-CASE-001890,SYNTH-BANK-001890,SYNTH-LEDGER-001890,AMOUNT_MISMATCH,AMOUNT_MISMATCH
SYNTH-CASE-001891,SYNTH-BANK-001891,SYNTH-LEDGER-001891,AMOUNT_MISMATCH,AMOUNT_MISMATCH
SYNTH-CASE-001892,SYNTH-BANK-001892,SYNTH-LEDGER-001892,MATCH,NONE
SYNTH-CASE-001893,SYNTH-BANK-001893,SYNTH-LEDGER-001893,MATCH,NONE
SYNTH-CASE-001894,SYNTH-BANK-001894,SYNTH-LEDGER-001894,MATCH,NONE
SYNTH-CASE-001895,SYNTH-BANK-001895,SYNTH-LEDGER-001895,MATCH,NONE
SYNTH-CASE-001896,SYNTH-BANK-001896,SYNTH-LEDGER-001896,MATCH,NONE
SYNTH-CASE-001897,SYNTH-BANK-001897,SYNTH-LEDGER-001897,AMBIGUOUS,AMBIGUOUS
SYNTH-CASE-001898,SYNTH-BANK-001898,SYNTH-LEDGER-001898,MATCH,NONE
SYNTH-CASE-001899,SYNTH-BANK-001899,SYNTH-LEDGER-001899,MATCH,NONE
SYNTH-CASE-001900,SYNTH-BANK-001900,SYNTH-LEDGER-001900,AMBIGUOUS,AMBIGUOUS
SYNTH-CASE-001901,SYNTH-BANK-001901,SYNTH-LEDGER-001901,AMOUNT_MISMATCH,AMOUNT_MISMATCH
SYNTH-CASE-001902,SYNTH-BANK-001902,SYNTH-LEDGER-001902,AMOUNT_MISMATCH,AMOUNT_MISMATCH
SYNTH-CASE-001903,SYNTH-BANK-001903,SYNTH-LEDGER-001903,AMBIGUOUS,AMBIGUOUS
SYNTH-CASE-001904,SYNTH-BANK-001904,SYNTH-LEDGER-001904,MATCH,NONE
SYNTH-CASE-001905,SYNTH-BANK-001905,SYNTH-LEDGER-001905,MATCH,NONE
SYNTH-CASE-001906,SYNTH-BANK-001906,SYNTH-LEDGER-001906,MATCH,NONE
SYNTH-CASE-001907,SYNTH-BANK-001907,,UNMATCHED_BANK,MISSING_LEDGER
SYNTH-CASE-001908,SYNTH-BANK-001908,SYNTH-LEDGER-001908,MATCH,NONE
SYNTH-CASE-001909,,SYNTH-LEDGER-001909,UNMATCHED_LEDGER,MISSING_BANK
SYNTH-CASE-001910,SYNTH-BANK-001910,SYNTH-LEDGER-001910,MATCH,NONE
SYNTH-CASE-001911,SYNTH-BANK-001911,SYNTH-LEDGER-001911,MATCH,NONE
SYNTH-CASE-001912,SYNTH-BANK-001912,SYNTH-LEDGER-001912,AMOUNT_MISMATCH,AMOUNT_MISMATCH
SYNTH-CASE-001913,SYNTH-BANK-001913,SYNTH-LEDGER-001913,MATCH,NONE
SYNTH-CASE-001914,SYNTH-BANK-001914,SYNTH-LEDGER-001914,MATCH,NONE
SYNTH-CASE-001915,SYNTH-BANK-001915,SYNTH-LEDGER-001915,MATCH,NONE
SYNTH-CASE-001916,SYNTH-BANK-001916,SYNTH-LEDGER-001916,MATCH,NONE
SYNTH-CASE-001917,SYNTH-BANK-001917,SYNTH-LEDGER-001917,MATCH,NONE
SYNTH-CASE-001918,SYNTH-BANK-001918,SYNTH-LEDGER-001918,MATCH,NONE
SYNTH-CASE-001919,SYNTH-BANK-001919,SYNTH-LEDGER-001919,MATCH,NONE
SYNTH-CASE-001920,SYNTH-BANK-001920,SYNTH-LEDGER-001920,MATCH,NONE
SYNTH-CASE-001921,SYNTH-BANK-001921,SYNTH-LEDGER-001921,AMOUNT_MISMATCH,AMOUNT_MISMATCH
SYNTH-CASE-001922,SYNTH-BANK-001922,SYNTH-LEDGER-001922,MATCH,NONE
SYNTH-CASE-001923,SYNTH-BANK-001923,SYNTH-LEDGER-001923,MATCH,NONE
SYNTH-CASE-001924,SYNTH-BANK-001924,,UNMATCHED_BANK,MISSING_LEDGER
SYNTH-CASE-001925,SYNTH-BANK-001925,SYNTH-LEDGER-001925,AMOUNT_MISMATCH,AMOUNT_MISMATCH
SYNTH-CASE-001926,SYNTH-BANK-001926,SYNTH-LEDGER-001926,MATCH,NONE
SYNTH-CASE-001927,SYNTH-BANK-001927,SYNTH-LEDGER-001927,MATCH,NONE
SYNTH-CASE-001928,SYNTH-BANK-001928,SYNTH-LEDGER-001928,DUPLICATE,DUPLICATE
SYNTH-CASE-001929,SYNTH-BANK-001929,SYNTH-LEDGER-001929,MATCH,NONE
SYNTH-CASE-001930,SYNTH-BANK-001930,SYNTH-LEDGER-001930,MATCH,NONE
SYNTH-CASE-001931,SYNTH-BANK-001931,SYNTH-LEDGER-001931,MATCH,NONE
SYNTH-CASE-001932,SYNTH-BANK-001932,SYNTH-LEDGER-001932,AMOUNT_MISMATCH,AMOUNT_MISMATCH
SYNTH-CASE-001933,SYNTH-BANK-001933,SYNTH-LEDGER-001933,MATCH,NONE
SYNTH-CASE-001934,,SYNTH-LEDGER-001934,UNMATCHED_LEDGER,MISSING_BANK
SYNTH-CASE-001935,SYNTH-BANK-001935,SYNTH-LEDGER-001935,DUPLICATE,DUPLICATE
SYNTH-CASE-001936,SYNTH-BANK-001936,SYNTH-LEDGER-001936,MATCH,NONE
SYNTH-CASE-001937,SYNTH-BANK-001937,SYNTH-LEDGER-001937,MATCH,NONE
SYNTH-CASE-001938,SYNTH-BANK-001938,SYNTH-LEDGER-001938,MATCH,NONE
SYNTH-CASE-001939,SYNTH-BANK-001939,SYNTH-LEDGER-001939,MATCH,NONE
SYNTH-CASE-001940,SYNTH-BANK-001940,SYNTH-LEDGER-001940,MATCH,NONE
SYNTH-CASE-001941,SYNTH-BANK-001941,SYNTH-LEDGER-001941,MATCH,NONE
SYNTH-CASE-001942,SYNTH-BANK-001942,SYNTH-LEDGER-001942,MATCH,NONE
SYNTH-CASE-001943,SYNTH-BANK-001943,SYNTH-LEDGER-001943,MATCH,NONE
SYNTH-CASE-001944,SYNTH-BANK-001944,SYNTH-LEDGER-001944,MATCH,NONE
SYNTH-CASE-001945,SYNTH-BANK-001945,SYNTH-LEDGER-001945,MATCH,NONE
SYNTH-CASE-001946,SYNTH-BANK-001946,SYNTH-LEDGER-001946,MATCH,NONE
SYNTH-CASE-001947,SYNTH-BANK-001947,SYNTH-LEDGER-001947,MATCH,NONE
SYNTH-CASE-001948,SYNTH-BANK-001948,SYNTH-LEDGER-001948,MATCH,NONE
SYNTH-CASE-001949,SYNTH-BANK-001949,SYNTH-LEDGER-001949,MATCH,NONE
SYNTH-CASE-001950,SYNTH-BANK-001950,SYNTH-LEDGER-001950,DUPLICATE,DUPLICATE
SYNTH-CASE-001951,SYNTH-BANK-001951,SYNTH-LEDGER-001951,MATCH,NONE
SYNTH-CASE-001952,SYNTH-BANK-001952,SYNTH-LEDGER-001952,MATCH,NONE
SYNTH-CASE-001953,SYNTH-BANK-001953,SYNTH-LEDGER-001953,MATCH,NONE
SYNTH-CASE-001954,SYNTH-BANK-001954,SYNTH-LEDGER-001954,MATCH,NONE
SYNTH-CASE-001955,SYNTH-BANK-001955,SYNTH-LEDGER-001955,AMOUNT_MISMATCH,AMOUNT_MISMATCH
SYNTH-CASE-001956,SYNTH-BANK-001956,SYNTH-LEDGER-001956,MATCH,NONE
SYNTH-CASE-001957,SYNTH-BANK-001957,SYNTH-LEDGER-001957,MATCH,NONE
SYNTH-CASE-001958,SYNTH-BANK-001958,SYNTH-LEDGER-001958,MATCH,NONE
SYNTH-CASE-001959,,SYNTH-LEDGER-001959,UNMATCHED_LEDGER,MISSING_BANK
SYNTH-CASE-001960,SYNTH-BANK-001960,SYNTH-LEDGER-001960,MATCH,NONE
SYNTH-CASE-001961,SYNTH-BANK-001961,SYNTH-LEDGER-001961,MATCH,NONE
SYNTH-CASE-001962,SYNTH-BANK-001962,SYNTH-LEDGER-001962,MATCH,NONE
SYNTH-CASE-001963,SYNTH-BANK-001963,SYNTH-LEDGER-001963,MATCH,NONE
SYNTH-CASE-001964,SYNTH-BANK-001964,SYNTH-LEDGER-001964,MATCH,NONE
SYNTH-CASE-001965,SYNTH-BANK-001965,SYNTH-LEDGER-001965,MATCH,NONE
SYNTH-CASE-001966,SYNTH-BANK-001966,SYNTH-LEDGER-001966,MATCH,NONE
SYNTH-CASE-001967,SYNTH-BANK-001967,SYNTH-LEDGER-001967,MATCH,NONE
SYNTH-CASE-001968,SYNTH-BANK-001968,SYNTH-LEDGER-001968,MATCH,NONE
SYNTH-CASE-001969,SYNTH-BANK-001969,SYNTH-LEDGER-001969,MATCH,NONE
SYNTH-CASE-001970,SYNTH-BANK-001970,SYNTH-LEDGER-001970,MATCH,NONE
SYNTH-CASE-001971,SYNTH-BANK-001971,SYNTH-LEDGER-001971,MATCH,NONE
SYNTH-CASE-001972,SYNTH-BANK-001972,SYNTH-LEDGER-001972,AMOUNT_MISMATCH,AMOUNT_MISMATCH
SYNTH-CASE-001973,SYNTH-BANK-001973,SYNTH-LEDGER-001973,MATCH,NONE
SYNTH-CASE-001974,SYNTH-BANK-001974,SYNTH-LEDGER-001974,MATCH,NONE
SYNTH-CASE-001975,SYNTH-BANK-001975,SYNTH-LEDGER-001975,MATCH,NONE
SYNTH-CASE-001976,SYNTH-BANK-001976,SYNTH-LEDGER-001976,AMOUNT_MISMATCH,AMOUNT_MISMATCH
SYNTH-CASE-001977,SYNTH-BANK-001977,SYNTH-LEDGER-001977,MATCH,NONE
SYNTH-CASE-001978,SYNTH-BANK-001978,SYNTH-LEDGER-001978,MATCH,NONE
SYNTH-CASE-001979,SYNTH-BANK-001979,,UNMATCHED_BANK,MISSING_LEDGER
SYNTH-CASE-001980,SYNTH-BANK-001980,SYNTH-LEDGER-001980,MATCH,NONE
SYNTH-CASE-001981,SYNTH-BANK-001981,SYNTH-LEDGER-001981,AMOUNT_MISMATCH,AMOUNT_MISMATCH
SYNTH-CASE-001982,SYNTH-BANK-001982,SYNTH-LEDGER-001982,MATCH,NONE
SYNTH-CASE-001983,SYNTH-BANK-001983,SYNTH-LEDGER-001983,AMOUNT_MISMATCH,AMOUNT_MISMATCH
SYNTH-CASE-001984,SYNTH-BANK-001984,SYNTH-LEDGER-001984,MATCH,NONE
SYNTH-CASE-001985,SYNTH-BANK-001985,SYNTH-LEDGER-001985,MATCH,NONE
SYNTH-CASE-001986,SYNTH-BANK-001986,SYNTH-LEDGER-001986,DUPLICATE,DUPLICATE
SYNTH-CASE-001987,SYNTH-BANK-001987,SYNTH-LEDGER-001987,MATCH,NONE
SYNTH-CASE-001988,SYNTH-BANK-001988,SYNTH-LEDGER-001988,MATCH,NONE
SYNTH-CASE-001989,SYNTH-BANK-001989,SYNTH-LEDGER-001989,MATCH,NONE
SYNTH-CASE-001990,SYNTH-BANK-001990,SYNTH-LEDGER-001990,MATCH,NONE
SYNTH-CASE-001991,SYNTH-BANK-001991,SYNTH-LEDGER-001991,MATCH,NONE
SYNTH-CASE-001992,SYNTH-BANK-001992,SYNTH-LEDGER-001992,MATCH,NONE
SYNTH-CASE-001993,SYNTH-BANK-001993,SYNTH-LEDGER-001993,AMOUNT_MISMATCH,AMOUNT_MISMATCH
SYNTH-CASE-001994,SYNTH-BANK-001994,SYNTH-LEDGER-001994,MATCH,NONE
SYNTH-CASE-001995,SYNTH-BANK-001995,SYNTH-LEDGER-001995,MATCH,NONE
SYNTH-CASE-001996,SYNTH-BANK-001996,SYNTH-LEDGER-001996,AMOUNT_MISMATCH,AMOUNT_MISMATCH
SYNTH-CASE-001997,SYNTH-BANK-001997,SYNTH-LEDGER-001997,AMOUNT_MISMATCH,AMOUNT_MISMATCH
SYNTH-CASE-001998,SYNTH-BANK-001998,SYNTH-LEDGER-001998,AMBIGUOUS,AMBIGUOUS
SYNTH-CASE-001999,SYNTH-BANK-001999,SYNTH-LEDGER-001999,MATCH,NONE
SYNTH-CASE-002000,SYNTH-BANK-002000,,UNMATCHED_BANK,MISSING_LEDGER
